match_id,tournament_id,year,stage,match_date,team,player_team,player,player_id,minute,minute_regulation,minute_stoppage,penalty,own_goal,source
M-1930-01,WC-1930,1930,group stage,1930-07-13,France,France,Lucien Laurent,P-05470,19,19,0,0,0,fjelstul
M-1930-01,WC-1930,1930,group stage,1930-07-13,France,France,Marcel Langiller,P-99087,40,40,0,0,0,fjelstul
M-1930-01,WC-1930,1930,group stage,1930-07-13,France,France,André Maschinot,P-60620,43,43,0,0,0,fjelstul
M-1930-01,WC-1930,1930,group stage,1930-07-13,Mexico,Mexico,Juan Carreño,P-94135,70,70,0,0,0,fjelstul
M-1930-01,WC-1930,1930,group stage,1930-07-13,France,France,André Maschinot,P-60620,87,87,0,0,0,fjelstul
M-1930-02,WC-1930,1930,group stage,1930-07-13,United States,United States,Bart McGhee,P-65185,23,23,0,0,0,fjelstul
M-1930-02,WC-1930,1930,group stage,1930-07-13,United States,United States,Tom Florie,P-37361,45,45,0,0,0,fjelstul
M-1930-02,WC-1930,1930,group stage,1930-07-13,United States,United States,Bert Patenaude,P-71973,69,69,0,0,0,fjelstul
M-1930-03,WC-1930,1930,group stage,1930-07-14,Serbia,Serbia,Aleksandar Tirnanić,P-43349,21,21,0,0,0,fjelstul
M-1930-03,WC-1930,1930,group stage,1930-07-14,Serbia,Serbia,Ivan Bek,P-43734,30,30,0,0,0,fjelstul
M-1930-03,WC-1930,1930,group stage,1930-07-14,Brazil,Brazil,Preguinho,P-91171,62,62,0,0,0,fjelstul
M-1930-04,WC-1930,1930,group stage,1930-07-14,Romania,Romania,Adalbert Deşu,P-91295,1,1,0,0,0,fjelstul
M-1930-04,WC-1930,1930,group stage,1930-07-14,Peru,Peru,Luis Souza Ferreira,P-44010,75,75,0,0,0,fjelstul
M-1930-04,WC-1930,1930,group stage,1930-07-14,Romania,Romania,Constantin Stanciu,P-18615,79,79,0,0,0,fjelstul
M-1930-04,WC-1930,1930,group stage,1930-07-14,Romania,Romania,Miklós Kovács,P-70294,89,89,0,0,0,fjelstul
M-1930-05,WC-1930,1930,group stage,1930-07-15,Argentina,Argentina,Luis Monti,P-25760,81,81,0,0,0,fjelstul
M-1930-06,WC-1930,1930,group stage,1930-07-16,Chile,Chile,Carlos Vidal,P-61338,3,3,0,0,0,fjelstul
M-1930-06,WC-1930,1930,group stage,1930-07-16,Chile,Mexico,Manuel Rosas,P-89481,52,52,0,0,1,fjelstul
M-1930-06,WC-1930,1930,group stage,1930-07-16,Chile,Chile,Carlos Vidal,P-61338,65,65,0,0,0,fjelstul
M-1930-07,WC-1930,1930,group stage,1930-07-17,Serbia,Serbia,Ivan Bek,P-43734,60,60,0,0,0,fjelstul
M-1930-07,WC-1930,1930,group stage,1930-07-17,Serbia,Serbia,Blagoje Marjanović,P-75929,65,65,0,0,0,fjelstul
M-1930-07,WC-1930,1930,group stage,1930-07-17,Serbia,Serbia,Ivan Bek,P-43734,67,67,0,0,0,fjelstul
M-1930-07,WC-1930,1930,group stage,1930-07-17,Serbia,Serbia,Đorđe Vujadinović,P-33565,85,85,0,0,0,fjelstul
M-1930-08,WC-1930,1930,group stage,1930-07-17,United States,United States,Bert Patenaude,P-71973,10,10,0,0,0,fjelstul
M-1930-08,WC-1930,1930,group stage,1930-07-17,United States,United States,Bert Patenaude,P-71973,15,15,0,0,0,fjelstul
M-1930-08,WC-1930,1930,group stage,1930-07-17,United States,United States,Bert Patenaude,P-71973,50,50,0,0,0,fjelstul
M-1930-09,WC-1930,1930,group stage,1930-07-18,Uruguay,Uruguay,Héctor Castro,P-54697,65,65,0,0,0,fjelstul
M-1930-10,WC-1930,1930,group stage,1930-07-19,Chile,Chile,Guillermo Subiabre,P-08459,67,67,0,0,0,fjelstul
M-1930-11,WC-1930,1930,group stage,1930-07-19,Argentina,Argentina,Guillermo Stábile,P-56486,8,8,0,0,0,fjelstul
M-1930-11,WC-1930,1930,group stage,1930-07-19,Argentina,Argentina,Adolfo Zumelzú,P-76546,12,12,0,0,0,fjelstul
M-1930-11,WC-1930,1930,group stage,1930-07-19,Argentina,Argentina,Guillermo Stábile,P-56486,17,17,0,0,0,fjelstul
M-1930-11,WC-1930,1930,group stage,1930-07-19,Mexico,Mexico,Manuel Rosas,P-89481,42,42,0,1,0,fjelstul
M-1930-11,WC-1930,1930,group stage,1930-07-19,Argentina,Argentina,Francisco Varallo,P-37326,53,53,0,0,0,fjelstul
M-1930-11,WC-1930,1930,group stage,1930-07-19,Argentina,Argentina,Adolfo Zumelzú,P-76546,55,55,0,0,0,fjelstul
M-1930-11,WC-1930,1930,group stage,1930-07-19,Mexico,Mexico,Manuel Rosas,P-89481,65,65,0,0,0,fjelstul
M-1930-11,WC-1930,1930,group stage,1930-07-19,Mexico,Mexico,Roberto Gayón,P-31066,75,75,0,0,0,fjelstul
M-1930-11,WC-1930,1930,group stage,1930-07-19,Argentina,Argentina,Guillermo Stábile,P-56486,80,80,0,0,0,fjelstul
M-1930-12,WC-1930,1930,group stage,1930-07-20,Brazil,Brazil,Moderato,P-83987,37,37,0,0,0,fjelstul
M-1930-12,WC-1930,1930,group stage,1930-07-20,Brazil,Brazil,Preguinho,P-91171,57,57,0,0,0,fjelstul
M-1930-12,WC-1930,1930,group stage,1930-07-20,Brazil,Brazil,Moderato,P-83987,73,73,0,0,0,fjelstul
M-1930-12,WC-1930,1930,group stage,1930-07-20,Brazil,Brazil,Preguinho,P-91171,83,83,0,0,0,fjelstul
M-1930-13,WC-1930,1930,group stage,1930-07-20,Paraguay,Paraguay,Luis Vargas Peña,P-06201,40,40,0,0,0,fjelstul
M-1930-14,WC-1930,1930,group stage,1930-07-21,Uruguay,Uruguay,Pablo Dorado,P-38674,7,7,0,0,0,fjelstul
M-1930-14,WC-1930,1930,group stage,1930-07-21,Uruguay,Uruguay,Héctor Scarone,P-44201,26,26,0,0,0,fjelstul
M-1930-14,WC-1930,1930,group stage,1930-07-21,Uruguay,Uruguay,Peregrino Anselmo,P-57352,31,31,0,0,0,fjelstul
M-1930-14,WC-1930,1930,group stage,1930-07-21,Uruguay,Uruguay,Pedro Cea,P-18628,35,35,0,0,0,fjelstul
M-1930-15,WC-1930,1930,group stage,1930-07-22,Argentina,Argentina,Guillermo Stábile,P-56486,12,12,0,0,0,fjelstul
M-1930-15,WC-1930,1930,group stage,1930-07-22,Argentina,Argentina,Guillermo Stábile,P-56486,13,13,0,0,0,fjelstul
M-1930-15,WC-1930,1930,group stage,1930-07-22,Chile,Chile,Guillermo Subiabre,P-08459,15,15,0,0,0,fjelstul
M-1930-15,WC-1930,1930,group stage,1930-07-22,Argentina,Argentina,Mario Evaristo,P-23897,51,51,0,0,0,fjelstul
M-1930-16,WC-1930,1930,semi-finals,1930-07-26,Argentina,Argentina,Luis Monti,P-25760,20,20,0,0,0,fjelstul
M-1930-16,WC-1930,1930,semi-finals,1930-07-26,Argentina,Argentina,Alejandro Scopelli,P-44916,56,56,0,0,0,fjelstul
M-1930-16,WC-1930,1930,semi-finals,1930-07-26,Argentina,Argentina,Guillermo Stábile,P-56486,69,69,0,0,0,fjelstul
M-1930-16,WC-1930,1930,semi-finals,1930-07-26,Argentina,Argentina,Carlos Peucelle,P-70166,80,80,0,0,0,fjelstul
M-1930-16,WC-1930,1930,semi-finals,1930-07-26,Argentina,Argentina,Carlos Peucelle,P-70166,85,85,0,0,0,fjelstul
M-1930-16,WC-1930,1930,semi-finals,1930-07-26,Argentina,Argentina,Guillermo Stábile,P-56486,87,87,0,0,0,fjelstul
M-1930-16,WC-1930,1930,semi-finals,1930-07-26,United States,United States,Jim Brown,P-06424,89,89,0,0,0,fjelstul
M-1930-17,WC-1930,1930,semi-finals,1930-07-27,Serbia,Serbia,Đorđe Vujadinović,P-33565,4,4,0,0,0,fjelstul
M-1930-17,WC-1930,1930,semi-finals,1930-07-27,Uruguay,Uruguay,Pedro Cea,P-18628,18,18,0,0,0,fjelstul
M-1930-17,WC-1930,1930,semi-finals,1930-07-27,Uruguay,Uruguay,Peregrino Anselmo,P-57352,20,20,0,0,0,fjelstul
M-1930-17,WC-1930,1930,semi-finals,1930-07-27,Uruguay,Uruguay,Peregrino Anselmo,P-57352,31,31,0,0,0,fjelstul
M-1930-17,WC-1930,1930,semi-finals,1930-07-27,Uruguay,Uruguay,Santos Iriarte,P-31959,61,61,0,0,0,fjelstul
M-1930-17,WC-1930,1930,semi-finals,1930-07-27,Uruguay,Uruguay,Pedro Cea,P-18628,67,67,0,0,0,fjelstul
M-1930-17,WC-1930,1930,semi-finals,1930-07-27,Uruguay,Uruguay,Pedro Cea,P-18628,72,72,0,0,0,fjelstul
M-1930-18,WC-1930,1930,final,1930-07-30,Uruguay,Uruguay,Pablo Dorado,P-38674,12,12,0,0,0,fjelstul
M-1930-18,WC-1930,1930,final,1930-07-30,Argentina,Argentina,Carlos Peucelle,P-70166,20,20,0,0,0,fjelstul
M-1930-18,WC-1930,1930,final,1930-07-30,Argentina,Argentina,Guillermo Stábile,P-56486,37,37,0,0,0,fjelstul
M-1930-18,WC-1930,1930,final,1930-07-30,Uruguay,Uruguay,Pedro Cea,P-18628,57,57,0,0,0,fjelstul
M-1930-18,WC-1930,1930,final,1930-07-30,Uruguay,Uruguay,Santos Iriarte,P-31959,68,68,0,0,0,fjelstul
M-1930-18,WC-1930,1930,final,1930-07-30,Uruguay,Uruguay,Héctor Castro,P-54697,89,89,0,0,0,fjelstul
M-1934-01,WC-1934,1934,round of 16,1934-05-27,France,France,Jean Nicolas,P-70804,18,18,0,0,0,fjelstul
M-1934-01,WC-1934,1934,round of 16,1934-05-27,Austria,Austria,Matthias Sindelar,P-11865,44,44,0,0,0,fjelstul
M-1934-01,WC-1934,1934,round of 16,1934-05-27,Austria,Austria,Anton Schall,P-87474,93,93,0,0,0,fjelstul
M-1934-01,WC-1934,1934,round of 16,1934-05-27,Austria,Austria,Josef Bican,P-51668,109,109,0,0,0,fjelstul
M-1934-01,WC-1934,1934,round of 16,1934-05-27,France,France,Georges Verriest,P-13166,116,116,0,1,0,fjelstul
M-1934-02,WC-1934,1934,round of 16,1934-05-27,Romania,Romania,Ștefan Dobay,P-55855,11,11,0,0,0,fjelstul
M-1934-02,WC-1934,1934,round of 16,1934-05-27,Czech Republic,Czech Republic,Antonín Puč,P-51219,50,50,0,0,0,fjelstul
M-1934-02,WC-1934,1934,round of 16,1934-05-27,Czech Republic,Czech Republic,Oldřich Nejedlý,P-60513,67,67,0,0,0,fjelstul
M-1934-03,WC-1934,1934,round of 16,1934-05-27,Germany,Germany,Stanislaus Kobierski,P-04241,25,25,0,0,0,fjelstul
M-1934-03,WC-1934,1934,round of 16,1934-05-27,Belgium,Belgium,Bernard Voorhoof,P-85443,29,29,0,0,0,fjelstul
M-1934-03,WC-1934,1934,round of 16,1934-05-27,Belgium,Belgium,Bernard Voorhoof,P-85443,43,43,0,0,0,fjelstul
M-1934-03,WC-1934,1934,round of 16,1934-05-27,Germany,Germany,Otto Siffling,P-53238,49,49,0,0,0,fjelstul
M-1934-03,WC-1934,1934,round of 16,1934-05-27,Germany,Germany,Edmund Conen,P-77348,66,66,0,0,0,fjelstul
M-1934-03,WC-1934,1934,round of 16,1934-05-27,Germany,Germany,Edmund Conen,P-77348,70,70,0,0,0,fjelstul
M-1934-03,WC-1934,1934,round of 16,1934-05-27,Germany,Germany,Edmund Conen,P-77348,87,87,0,0,0,fjelstul
M-1934-04,WC-1934,1934,round of 16,1934-05-27,Hungary,Hungary,Pál Teleki,P-42669,11,11,0,0,0,fjelstul
M-1934-04,WC-1934,1934,round of 16,1934-05-27,Hungary,Hungary,Géza Toldi,P-60977,31,31,0,0,0,fjelstul
M-1934-04,WC-1934,1934,round of 16,1934-05-27,Egypt,Egypt,Abdulrahman Fawzi,P-28239,35,35,0,0,0,fjelstul
M-1934-04,WC-1934,1934,round of 16,1934-05-27,Egypt,Egypt,Abdulrahman Fawzi,P-28239,39,39,0,0,0,fjelstul
M-1934-04,WC-1934,1934,round of 16,1934-05-27,Hungary,Hungary,Jenő Vincze,P-11520,53,53,0,0,0,fjelstul
M-1934-04,WC-1934,1934,round of 16,1934-05-27,Hungary,Hungary,Géza Toldi,P-60977,61,61,0,0,0,fjelstul
M-1934-05,WC-1934,1934,round of 16,1934-05-27,Italy,Italy,Angelo Schiavio,P-56703,18,18,0,0,0,fjelstul
M-1934-05,WC-1934,1934,round of 16,1934-05-27,Italy,Italy,Raimundo Orsi,P-03638,20,20,0,0,0,fjelstul
M-1934-05,WC-1934,1934,round of 16,1934-05-27,Italy,Italy,Angelo Schiavio,P-56703,29,29,0,0,0,fjelstul
M-1934-05,WC-1934,1934,round of 16,1934-05-27,United States,United States,Aldo Donelli,P-75829,57,57,0,0,0,fjelstul
M-1934-05,WC-1934,1934,round of 16,1934-05-27,Italy,Italy,Giovanni Ferrari,P-39512,63,63,0,0,0,fjelstul
M-1934-05,WC-1934,1934,round of 16,1934-05-27,Italy,Italy,Angelo Schiavio,P-56703,64,64,0,0,0,fjelstul
M-1934-05,WC-1934,1934,round of 16,1934-05-27,Italy,Italy,Raimundo Orsi,P-03638,69,69,0,0,0,fjelstul
M-1934-05,WC-1934,1934,round of 16,1934-05-27,Italy,Italy,Giuseppe Meazza,P-34536,90,90,0,0,0,fjelstul
M-1934-06,WC-1934,1934,round of 16,1934-05-27,Spain,Spain,José Iraragorri,P-64059,18,18,0,1,0,fjelstul
M-1934-06,WC-1934,1934,round of 16,1934-05-27,Spain,Spain,José Iraragorri,P-64059,25,25,0,0,0,fjelstul
M-1934-06,WC-1934,1934,round of 16,1934-05-27,Spain,Spain,Isidro Lángara,P-69133,29,29,0,0,0,fjelstul
M-1934-06,WC-1934,1934,round of 16,1934-05-27,Brazil,Brazil,Leônidas,P-09730,55,55,0,0,0,fjelstul
M-1934-07,WC-1934,1934,round of 16,1934-05-27,Argentina,Argentina,Ernesto Belis,P-11019,4,4,0,0,0,fjelstul
M-1934-07,WC-1934,1934,round of 16,1934-05-27,Sweden,Sweden,Sven Jonasson,P-79374,9,9,0,0,0,fjelstul
M-1934-07,WC-1934,1934,round of 16,1934-05-27,Argentina,Argentina,Alberto Galateo,P-61839,48,48,0,0,0,fjelstul
M-1934-07,WC-1934,1934,round of 16,1934-05-27,Sweden,Sweden,Sven Jonasson,P-79374,67,67,0,0,0,fjelstul
M-1934-07,WC-1934,1934,round of 16,1934-05-27,Sweden,Sweden,Knut Kroon,P-02091,79,79,0,0,0,fjelstul
M-1934-08,WC-1934,1934,round of 16,1934-05-27,Switzerland,Switzerland,Leopold Kielholz,P-88416,7,7,0,0,0,fjelstul
M-1934-08,WC-1934,1934,round of 16,1934-05-27,Netherlands,Netherlands,Kick Smit,P-85884,29,29,0,0,0,fjelstul
M-1934-08,WC-1934,1934,round of 16,1934-05-27,Switzerland,Switzerland,Leopold Kielholz,P-88416,43,43,0,0,0,fjelstul
M-1934-08,WC-1934,1934,round of 16,1934-05-27,Switzerland,Switzerland,André Abegglen,P-85334,66,66,0,0,0,fjelstul
M-1934-08,WC-1934,1934,round of 16,1934-05-27,Netherlands,Netherlands,Leen Vente,P-55392,69,69,0,0,0,fjelstul
M-1934-09,WC-1934,1934,quarter-finals,1934-05-31,Austria,Austria,Johann Horvath,P-51711,8,8,0,0,0,fjelstul
M-1934-09,WC-1934,1934,quarter-finals,1934-05-31,Austria,Austria,Karl Zischek,P-05719,51,51,0,0,0,fjelstul
M-1934-09,WC-1934,1934,quarter-finals,1934-05-31,Hungary,Hungary,György Sárosi,P-89034,60,60,0,1,0,fjelstul
M-1934-10,WC-1934,1934,quarter-finals,1934-05-31,Switzerland,Switzerland,Leopold Kielholz,P-88416,18,18,0,0,0,fjelstul
M-1934-10,WC-1934,1934,quarter-finals,1934-05-31,Czech Republic,Czech Republic,František Svoboda,P-13470,24,24,0,0,0,fjelstul
M-1934-10,WC-1934,1934,quarter-finals,1934-05-31,Czech Republic,Czech Republic,Jiří Sobotka,P-58983,49,49,0,0,0,fjelstul
M-1934-10,WC-1934,1934,quarter-finals,1934-05-31,Switzerland,Switzerland,Willy Jäggi,P-58205,78,78,0,0,0,fjelstul
M-1934-10,WC-1934,1934,quarter-finals,1934-05-31,Czech Republic,Czech Republic,Oldřich Nejedlý,P-60513,82,82,0,0,0,fjelstul
M-1934-11,WC-1934,1934,quarter-finals,1934-05-31,Germany,Germany,Karl Hohmann,P-56231,60,60,0,0,0,fjelstul
M-1934-11,WC-1934,1934,quarter-finals,1934-05-31,Germany,Germany,Karl Hohmann,P-56231,63,63,0,0,0,fjelstul
M-1934-11,WC-1934,1934,quarter-finals,1934-05-31,Sweden,Sweden,Gösta Dunker,P-83366,82,82,0,0,0,fjelstul
M-1934-12,WC-1934,1934,quarter-finals,1934-05-31,Spain,Spain,Luis Regueiro,P-40752,30,30,0,0,0,fjelstul
M-1934-12,WC-1934,1934,quarter-finals,1934-05-31,Italy,Italy,Giovanni Ferrari,P-39512,44,44,0,0,0,fjelstul
M-1934-13,WC-1934,1934,quarter-finals,1934-06-01,Italy,Italy,Giuseppe Meazza,P-34536,11,11,0,0,0,fjelstul
M-1934-14,WC-1934,1934,semi-finals,1934-06-03,Czech Republic,Czech Republic,Oldřich Nejedlý,P-60513,21,21,0,0,0,fjelstul
M-1934-14,WC-1934,1934,semi-finals,1934-06-03,Germany,Germany,Rudolf Noack,P-30818,62,62,0,0,0,fjelstul
M-1934-14,WC-1934,1934,semi-finals,1934-06-03,Czech Republic,Czech Republic,Oldřich Nejedlý,P-60513,69,69,0,0,0,fjelstul
M-1934-14,WC-1934,1934,semi-finals,1934-06-03,Czech Republic,Czech Republic,Oldřich Nejedlý,P-60513,80,80,0,0,0,fjelstul
M-1934-15,WC-1934,1934,semi-finals,1934-06-03,Italy,Italy,Enrique Guaita,P-03545,19,19,0,0,0,fjelstul
M-1934-16,WC-1934,1934,third-place match,1934-06-07,Germany,Germany,Ernst Lehner,P-38753,1,1,0,0,0,fjelstul
M-1934-16,WC-1934,1934,third-place match,1934-06-07,Germany,Germany,Edmund Conen,P-77348,27,27,0,0,0,fjelstul
M-1934-16,WC-1934,1934,third-place match,1934-06-07,Austria,Austria,Johann Horvath,P-51711,28,28,0,0,0,fjelstul
M-1934-16,WC-1934,1934,third-place match,1934-06-07,Germany,Germany,Ernst Lehner,P-38753,42,42,0,0,0,fjelstul
M-1934-16,WC-1934,1934,third-place match,1934-06-07,Austria,Austria,Karl Sesta,P-05609,54,54,0,0,0,fjelstul
M-1934-17,WC-1934,1934,final,1934-06-10,Czech Republic,Czech Republic,Antonín Puč,P-51219,71,71,0,0,0,fjelstul
M-1934-17,WC-1934,1934,final,1934-06-10,Italy,Italy,Raimundo Orsi,P-03638,81,81,0,0,0,fjelstul
M-1934-17,WC-1934,1934,final,1934-06-10,Italy,Italy,Angelo Schiavio,P-56703,95,95,0,0,0,fjelstul
M-1938-01,WC-1938,1938,round of 16,1938-06-04,Germany,Germany,Josef Gauchel,P-15763,29,29,0,0,0,fjelstul
M-1938-01,WC-1938,1938,round of 16,1938-06-04,Switzerland,Switzerland,André Abegglen,P-85334,43,43,0,0,0,fjelstul
M-1938-02,WC-1938,1938,round of 16,1938-06-05,Romania,Romania,Silviu Bindea,P-28958,35,35,0,0,0,fjelstul
M-1938-02,WC-1938,1938,round of 16,1938-06-05,Cuba,Cuba,Héctor Socorro,P-77922,44,44,0,0,0,fjelstul
M-1938-02,WC-1938,1938,round of 16,1938-06-05,Cuba,Cuba,José Magriñá,P-56223,69,69,0,0,0,fjelstul
M-1938-02,WC-1938,1938,round of 16,1938-06-05,Romania,Romania,Iuliu Baratky,P-58656,88,88,0,0,0,fjelstul
M-1938-02,WC-1938,1938,round of 16,1938-06-05,Cuba,Cuba,Héctor Socorro,P-77922,103,103,0,0,0,fjelstul
M-1938-02,WC-1938,1938,round of 16,1938-06-05,Romania,Romania,Ștefan Dobay,P-55855,105,105,0,0,0,fjelstul
M-1938-03,WC-1938,1938,round of 16,1938-06-05,France,France,Émile Veinante,P-02281,1,1,0,0,0,fjelstul
M-1938-03,WC-1938,1938,round of 16,1938-06-05,France,France,Jean Nicolas,P-70804,16,16,0,0,0,fjelstul
M-1938-03,WC-1938,1938,round of 16,1938-06-05,Belgium,Belgium,Hendrik Isemborghs,P-03499,38,38,0,0,0,fjelstul
M-1938-03,WC-1938,1938,round of 16,1938-06-05,France,France,Jean Nicolas,P-70804,69,69,0,0,0,fjelstul
M-1938-04,WC-1938,1938,round of 16,1938-06-05,Hungary,Hungary,Vilmos Kohut,P-53740,13,13,0,0,0,fjelstul
M-1938-04,WC-1938,1938,round of 16,1938-06-05,Hungary,Hungary,Géza Toldi,P-60977,15,15,0,0,0,fjelstul
M-1938-04,WC-1938,1938,round of 16,1938-06-05,Hungary,Hungary,György Sárosi,P-89034,28,28,0,0,0,fjelstul
M-1938-04,WC-1938,1938,round of 16,1938-06-05,Hungary,Hungary,Gyula Zsengellér,P-67652,35,35,0,0,0,fjelstul
M-1938-04,WC-1938,1938,round of 16,1938-06-05,Hungary,Hungary,Gyula Zsengellér,P-67652,76,76,0,0,0,fjelstul
M-1938-04,WC-1938,1938,round of 16,1938-06-05,Hungary,Hungary,György Sárosi,P-89034,89,89,0,0,0,fjelstul
M-1938-05,WC-1938,1938,round of 16,1938-06-05,Italy,Italy,Pietro Ferraris,P-58640,2,2,0,0,0,fjelstul
M-1938-05,WC-1938,1938,round of 16,1938-06-05,Norway,Norway,Arne Brustad,P-07024,83,83,0,0,0,fjelstul
M-1938-05,WC-1938,1938,round of 16,1938-06-05,Italy,Italy,Silvio Piola,P-65885,94,94,0,0,0,fjelstul
M-1938-06,WC-1938,1938,round of 16,1938-06-05,Brazil,Brazil,Leônidas,P-09730,18,18,0,0,0,fjelstul
M-1938-06,WC-1938,1938,round of 16,1938-06-05,Poland,Poland,Fryderyk Scherfke,P-72075,23,23,0,1,0,fjelstul
M-1938-06,WC-1938,1938,round of 16,1938-06-05,Brazil,Brazil,Romeu,P-44339,25,25,0,0,0,fjelstul
M-1938-06,WC-1938,1938,round of 16,1938-06-05,Brazil,Brazil,Perácio,P-70927,44,44,0,0,0,fjelstul
M-1938-06,WC-1938,1938,round of 16,1938-06-05,Poland,Poland,Ernst Wilimowski,P-13828,53,53,0,0,0,fjelstul
M-1938-06,WC-1938,1938,round of 16,1938-06-05,Poland,Poland,Ernst Wilimowski,P-13828,59,59,0,0,0,fjelstul
M-1938-06,WC-1938,1938,round of 16,1938-06-05,Brazil,Brazil,Perácio,P-70927,71,71,0,0,0,fjelstul
M-1938-06,WC-1938,1938,round of 16,1938-06-05,Poland,Poland,Ernst Wilimowski,P-13828,89,89,0,0,0,fjelstul
M-1938-06,WC-1938,1938,round of 16,1938-06-05,Brazil,Brazil,Leônidas,P-09730,93,93,0,0,0,fjelstul
M-1938-06,WC-1938,1938,round of 16,1938-06-05,Brazil,Brazil,Leônidas,P-09730,104,104,0,0,0,fjelstul
M-1938-06,WC-1938,1938,round of 16,1938-06-05,Poland,Poland,Ernst Wilimowski,P-13828,118,118,0,0,0,fjelstul
M-1938-07,WC-1938,1938,round of 16,1938-06-05,Czech Republic,Czech Republic,Josef Košťálek,P-53978,93,93,0,0,0,fjelstul
M-1938-07,WC-1938,1938,round of 16,1938-06-05,Czech Republic,Czech Republic,Josef Zeman,P-27945,111,111,0,0,0,fjelstul
M-1938-07,WC-1938,1938,round of 16,1938-06-05,Czech Republic,Czech Republic,Oldřich Nejedlý,P-60513,118,118,0,0,0,fjelstul
M-1938-08,WC-1938,1938,round of 16,1938-06-09,Romania,Romania,Ștefan Dobay,P-55855,35,35,0,0,0,fjelstul
M-1938-08,WC-1938,1938,round of 16,1938-06-09,Cuba,Cuba,Héctor Socorro,P-77922,51,51,0,0,0,fjelstul
M-1938-08,WC-1938,1938,round of 16,1938-06-09,Cuba,Cuba,Tomás Fernández,P-77302,57,57,0,0,0,fjelstul
M-1938-09,WC-1938,1938,round of 16,1938-06-09,Germany,Germany,Wilhelm Hahnemann,P-53466,8,8,0,0,0,fjelstul
M-1938-09,WC-1938,1938,round of 16,1938-06-09,Germany,Switzerland,Ernst Lörtscher,P-42031,22,22,0,0,1,fjelstul
M-1938-09,WC-1938,1938,round of 16,1938-06-09,Switzerland,Switzerland,Eugen Walaschek,P-81006,42,42,0,0,0,fjelstul
M-1938-09,WC-1938,1938,round of 16,1938-06-09,Switzerland,Switzerland,Alfred Bickel,P-50918,64,64,0,0,0,fjelstul
M-1938-09,WC-1938,1938,round of 16,1938-06-09,Switzerland,Switzerland,André Abegglen,P-85334,75,75,0,0,0,fjelstul
M-1938-09,WC-1938,1938,round of 16,1938-06-09,Switzerland,Switzerland,André Abegglen,P-85334,78,78,0,0,0,fjelstul
M-1938-10,WC-1938,1938,quarter-finals,1938-06-12,Brazil,Brazil,Leônidas,P-09730,30,30,0,0,0,fjelstul
M-1938-10,WC-1938,1938,quarter-finals,1938-06-12,Czech Republic,Czech Republic,Oldřich Nejedlý,P-60513,65,65,0,1,0,fjelstul
M-1938-11,WC-1938,1938,quarter-finals,1938-06-12,Hungary,Hungary,György Sárosi,P-89034,40,40,0,0,0,fjelstul
M-1938-11,WC-1938,1938,quarter-finals,1938-06-12,Hungary,Hungary,Gyula Zsengellér,P-67652,89,89,0,0,0,fjelstul
M-1938-12,WC-1938,1938,quarter-finals,1938-06-12,Italy,Italy,Gino Colaussi,P-76066,9,9,0,0,0,fjelstul
M-1938-12,WC-1938,1938,quarter-finals,1938-06-12,France,France,Oscar Heisserer,P-78235,10,10,0,0,0,fjelstul
M-1938-12,WC-1938,1938,quarter-finals,1938-06-12,Italy,Italy,Silvio Piola,P-65885,51,51,0,0,0,fjelstul
M-1938-12,WC-1938,1938,quarter-finals,1938-06-12,Italy,Italy,Silvio Piola,P-65885,72,72,0,0,0,fjelstul
M-1938-13,WC-1938,1938,quarter-finals,1938-06-12,Sweden,Sweden,Harry Andersson,P-38092,9,9,0,0,0,fjelstul
M-1938-13,WC-1938,1938,quarter-finals,1938-06-12,Sweden,Sweden,Gustav Wetterström,P-58852,22,22,0,0,0,fjelstul
M-1938-13,WC-1938,1938,quarter-finals,1938-06-12,Sweden,Sweden,Gustav Wetterström,P-58852,37,37,0,0,0,fjelstul
M-1938-13,WC-1938,1938,quarter-finals,1938-06-12,Sweden,Sweden,Gustav Wetterström,P-58852,44,44,0,0,0,fjelstul
M-1938-13,WC-1938,1938,quarter-finals,1938-06-12,Sweden,Sweden,Tore Keller,P-94204,80,80,0,0,0,fjelstul
M-1938-13,WC-1938,1938,quarter-finals,1938-06-12,Sweden,Sweden,Harry Andersson,P-38092,81,81,0,0,0,fjelstul
M-1938-13,WC-1938,1938,quarter-finals,1938-06-12,Sweden,Sweden,Arne Nyberg,P-97601,84,84,0,0,0,fjelstul
M-1938-13,WC-1938,1938,quarter-finals,1938-06-12,Sweden,Sweden,Harry Andersson,P-38092,89,89,0,0,0,fjelstul
M-1938-14,WC-1938,1938,quarter-finals,1938-06-14,Czech Republic,Czech Republic,Vlastimil Kopecký,P-64425,25,25,0,0,0,fjelstul
M-1938-14,WC-1938,1938,quarter-finals,1938-06-14,Brazil,Brazil,Leônidas,P-09730,57,57,0,0,0,fjelstul
M-1938-14,WC-1938,1938,quarter-finals,1938-06-14,Brazil,Brazil,Roberto,P-81322,62,62,0,0,0,fjelstul
M-1938-15,WC-1938,1938,semi-finals,1938-06-16,Sweden,Sweden,Arne Nyberg,P-97601,1,1,0,0,0,fjelstul
M-1938-15,WC-1938,1938,semi-finals,1938-06-16,Hungary,Sweden,Sven Jacobsson,P-90805,19,19,0,0,1,fjelstul
M-1938-15,WC-1938,1938,semi-finals,1938-06-16,Hungary,Hungary,Pál Titkos,P-24305,37,37,0,0,0,fjelstul
M-1938-15,WC-1938,1938,semi-finals,1938-06-16,Hungary,Hungary,Gyula Zsengellér,P-67652,39,39,0,0,0,fjelstul
M-1938-15,WC-1938,1938,semi-finals,1938-06-16,Hungary,Hungary,György Sárosi,P-89034,65,65,0,0,0,fjelstul
M-1938-15,WC-1938,1938,semi-finals,1938-06-16,Hungary,Hungary,Gyula Zsengellér,P-67652,85,85,0,0,0,fjelstul
M-1938-16,WC-1938,1938,semi-finals,1938-06-16,Italy,Italy,Gino Colaussi,P-76066,51,51,0,0,0,fjelstul
M-1938-16,WC-1938,1938,semi-finals,1938-06-16,Italy,Italy,Giuseppe Meazza,P-34536,60,60,0,1,0,fjelstul
M-1938-16,WC-1938,1938,semi-finals,1938-06-16,Brazil,Brazil,Romeu,P-44339,87,87,0,0,0,fjelstul
M-1938-17,WC-1938,1938,third-place match,1938-06-19,Sweden,Sweden,Sven Jonasson,P-79374,28,28,0,0,0,fjelstul
M-1938-17,WC-1938,1938,third-place match,1938-06-19,Sweden,Sweden,Arne Nyberg,P-97601,38,38,0,0,0,fjelstul
M-1938-17,WC-1938,1938,third-place match,1938-06-19,Brazil,Brazil,Romeu,P-44339,44,44,0,0,0,fjelstul
M-1938-17,WC-1938,1938,third-place match,1938-06-19,Brazil,Brazil,Leônidas,P-09730,63,63,0,0,0,fjelstul
M-1938-17,WC-1938,1938,third-place match,1938-06-19,Brazil,Brazil,Leônidas,P-09730,74,74,0,0,0,fjelstul
M-1938-17,WC-1938,1938,third-place match,1938-06-19,Brazil,Brazil,Perácio,P-70927,80,80,0,0,0,fjelstul
M-1938-18,WC-1938,1938,final,1938-06-19,Italy,Italy,Gino Colaussi,P-76066,6,6,0,0,0,fjelstul
M-1938-18,WC-1938,1938,final,1938-06-19,Hungary,Hungary,Pál Titkos,P-24305,8,8,0,0,0,fjelstul
M-1938-18,WC-1938,1938,final,1938-06-19,Italy,Italy,Silvio Piola,P-65885,16,16,0,0,0,fjelstul
M-1938-18,WC-1938,1938,final,1938-06-19,Italy,Italy,Gino Colaussi,P-76066,35,35,0,0,0,fjelstul
M-1938-18,WC-1938,1938,final,1938-06-19,Hungary,Hungary,György Sárosi,P-89034,70,70,0,0,0,fjelstul
M-1938-18,WC-1938,1938,final,1938-06-19,Italy,Italy,Silvio Piola,P-65885,82,82,0,0,0,fjelstul
M-1950-01,WC-1950,1950,group stage,1950-06-24,Brazil,Brazil,Ademir,P-49381,30,30,0,0,0,fjelstul
M-1950-01,WC-1950,1950,group stage,1950-06-24,Brazil,Brazil,Jair,P-44754,65,65,0,0,0,fjelstul
M-1950-01,WC-1950,1950,group stage,1950-06-24,Brazil,Brazil,Baltazar,P-17754,71,71,0,0,0,fjelstul
M-1950-01,WC-1950,1950,group stage,1950-06-24,Brazil,Brazil,Ademir,P-49381,79,79,0,0,0,fjelstul
M-1950-02,WC-1950,1950,group stage,1950-06-25,Serbia,Serbia,Rajko Mitić,P-50931,59,59,0,0,0,fjelstul
M-1950-02,WC-1950,1950,group stage,1950-06-25,Serbia,Serbia,Kosta Tomašević,P-07620,70,70,0,0,0,fjelstul
M-1950-02,WC-1950,1950,group stage,1950-06-25,Serbia,Serbia,Tihomir Ognjanov,P-87730,84,84,0,0,0,fjelstul
M-1950-03,WC-1950,1950,group stage,1950-06-25,England,England,Stan Mortensen,P-89453,39,39,0,0,0,fjelstul
M-1950-03,WC-1950,1950,group stage,1950-06-25,England,England,Wilf Mannion,P-71516,51,51,0,0,0,fjelstul
M-1950-04,WC-1950,1950,group stage,1950-06-25,United States,United States,Gino Pariani,P-88982,17,17,0,0,0,fjelstul
M-1950-04,WC-1950,1950,group stage,1950-06-25,Spain,Spain,Silvestre Igoa,P-24336,81,81,0,0,0,fjelstul
M-1950-04,WC-1950,1950,group stage,1950-06-25,Spain,Spain,Estanislau Basora,P-26928,83,83,0,0,0,fjelstul
M-1950-04,WC-1950,1950,group stage,1950-06-25,Spain,Spain,Telmo Zarra,P-65220,89,89,0,0,0,fjelstul
M-1950-05,WC-1950,1950,group stage,1950-06-25,Italy,Italy,Riccardo Carapellese,P-51460,7,7,0,0,0,fjelstul
M-1950-05,WC-1950,1950,group stage,1950-06-25,Sweden,Sweden,Hasse Jeppson,P-03089,25,25,0,0,0,fjelstul
M-1950-05,WC-1950,1950,group stage,1950-06-25,Sweden,Sweden,Sune Andersson,P-91027,33,33,0,0,0,fjelstul
M-1950-05,WC-1950,1950,group stage,1950-06-25,Sweden,Sweden,Hasse Jeppson,P-03089,68,68,0,0,0,fjelstul
M-1950-05,WC-1950,1950,group stage,1950-06-25,Italy,Italy,Ermes Muccinelli,P-49869,75,75,0,0,0,fjelstul
M-1950-06,WC-1950,1950,group stage,1950-06-28,Brazil,Brazil,Alfredo,P-83086,3,3,0,0,0,fjelstul
M-1950-06,WC-1950,1950,group stage,1950-06-28,Switzerland,Switzerland,Jacques Fatton,P-80623,17,17,0,0,0,fjelstul
M-1950-06,WC-1950,1950,group stage,1950-06-28,Brazil,Brazil,Baltazar,P-17754,32,32,0,0,0,fjelstul
M-1950-06,WC-1950,1950,group stage,1950-06-28,Switzerland,Switzerland,Jacques Fatton,P-80623,88,88,0,0,0,fjelstul
M-1950-07,WC-1950,1950,group stage,1950-06-28,Serbia,Serbia,Stjepan Bobek,P-83431,20,20,0,0,0,fjelstul
M-1950-07,WC-1950,1950,group stage,1950-06-28,Serbia,Serbia,Željko Čajkovski,P-23914,23,23,0,0,0,fjelstul
M-1950-07,WC-1950,1950,group stage,1950-06-28,Serbia,Serbia,Željko Čajkovski,P-23914,51,51,0,0,0,fjelstul
M-1950-07,WC-1950,1950,group stage,1950-06-28,Serbia,Serbia,Kosta Tomašević,P-07620,81,81,0,0,0,fjelstul
M-1950-07,WC-1950,1950,group stage,1950-06-28,Mexico,Mexico,Héctor Ortiz,P-36858,89,89,0,1,0,fjelstul
M-1950-08,WC-1950,1950,group stage,1950-06-29,Spain,Spain,Estanislau Basora,P-26928,17,17,0,0,0,fjelstul
M-1950-08,WC-1950,1950,group stage,1950-06-29,Spain,Spain,Telmo Zarra,P-65220,30,30,0,0,0,fjelstul
M-1950-09,WC-1950,1950,group stage,1950-06-29,United States,United States,Joe Gaetjens,P-62622,38,38,0,0,0,fjelstul
M-1950-10,WC-1950,1950,group stage,1950-06-29,Sweden,Sweden,Stig Sundqvist,P-87073,17,17,0,0,0,fjelstul
M-1950-10,WC-1950,1950,group stage,1950-06-29,Sweden,Sweden,Karl-Erik Palmér,P-52190,26,26,0,0,0,fjelstul
M-1950-10,WC-1950,1950,group stage,1950-06-29,Paraguay,Paraguay,Atilio López,P-31665,35,35,0,0,0,fjelstul
M-1950-10,WC-1950,1950,group stage,1950-06-29,Paraguay,Paraguay,César López Fretes,P-95911,74,74,0,0,0,fjelstul
M-1950-11,WC-1950,1950,group stage,1950-07-01,Brazil,Brazil,Ademir,P-49381,4,4,0,0,0,fjelstul
M-1950-11,WC-1950,1950,group stage,1950-07-01,Brazil,Brazil,Zizinho,P-73743,69,69,0,0,0,fjelstul
M-1950-12,WC-1950,1950,group stage,1950-07-02,Chile,Chile,George Robledo,P-14657,16,16,0,0,0,fjelstul
M-1950-12,WC-1950,1950,group stage,1950-07-02,Chile,Chile,Atilio Cremaschi,P-86320,32,32,0,0,0,fjelstul
M-1950-12,WC-1950,1950,group stage,1950-07-02,United States,United States,Frank Wallace,P-37569,47,47,0,0,0,fjelstul
M-1950-12,WC-1950,1950,group stage,1950-07-02,United States,United States,Joe Maca,P-59276,48,48,0,1,0,fjelstul
M-1950-12,WC-1950,1950,group stage,1950-07-02,Chile,Chile,Andrés Prieto,P-56453,54,54,0,0,0,fjelstul
M-1950-12,WC-1950,1950,group stage,1950-07-02,Chile,Chile,Atilio Cremaschi,P-86320,60,60,0,0,0,fjelstul
M-1950-12,WC-1950,1950,group stage,1950-07-02,Chile,Chile,Fernando Riera,P-92243,82,82,0,0,0,fjelstul
M-1950-13,WC-1950,1950,group stage,1950-07-02,Spain,Spain,Telmo Zarra,P-65220,48,48,0,0,0,fjelstul
M-1950-14,WC-1950,1950,group stage,1950-07-02,Italy,Italy,Riccardo Carapellese,P-51460,12,12,0,0,0,fjelstul
M-1950-14,WC-1950,1950,group stage,1950-07-02,Italy,Italy,Egisto Pandolfini,P-00152,62,62,0,0,0,fjelstul
M-1950-15,WC-1950,1950,group stage,1950-07-02,Uruguay,Uruguay,Oscar Míguez,P-18523,14,14,0,0,0,fjelstul
M-1950-15,WC-1950,1950,group stage,1950-07-02,Uruguay,Uruguay,Ernesto Vidal,P-36239,18,18,0,0,0,fjelstul
M-1950-15,WC-1950,1950,group stage,1950-07-02,Uruguay,Uruguay,Juan Alberto Schiaffino,P-38873,23,23,0,0,0,fjelstul
M-1950-15,WC-1950,1950,group stage,1950-07-02,Uruguay,Uruguay,Oscar Míguez,P-18523,40,40,0,0,0,fjelstul
M-1950-15,WC-1950,1950,group stage,1950-07-02,Uruguay,Uruguay,Oscar Míguez,P-18523,51,51,0,0,0,fjelstul
M-1950-15,WC-1950,1950,group stage,1950-07-02,Uruguay,Uruguay,Juan Alberto Schiaffino,P-38873,54,54,0,0,0,fjelstul
M-1950-15,WC-1950,1950,group stage,1950-07-02,Uruguay,Uruguay,Julio Pérez,P-84660,83,83,0,0,0,fjelstul
M-1950-15,WC-1950,1950,group stage,1950-07-02,Uruguay,Uruguay,Alcides Ghiggia,P-16302,87,87,0,0,0,fjelstul
M-1950-16,WC-1950,1950,group stage,1950-07-02,Switzerland,Switzerland,René Bader,P-69750,10,10,0,0,0,fjelstul
M-1950-16,WC-1950,1950,group stage,1950-07-02,Switzerland,Switzerland,Charles Antenen,P-98547,44,44,0,0,0,fjelstul
M-1950-16,WC-1950,1950,group stage,1950-07-02,Mexico,Mexico,Horacio Casarín,P-22131,89,89,0,0,0,fjelstul
M-1950-17,WC-1950,1950,final round,1950-07-09,Brazil,Brazil,Ademir,P-49381,17,17,0,0,0,fjelstul
M-1950-17,WC-1950,1950,final round,1950-07-09,Brazil,Brazil,Ademir,P-49381,36,36,0,0,0,fjelstul
M-1950-17,WC-1950,1950,final round,1950-07-09,Brazil,Brazil,Chico,P-22428,39,39,0,0,0,fjelstul
M-1950-17,WC-1950,1950,final round,1950-07-09,Brazil,Brazil,Ademir,P-49381,52,52,0,0,0,fjelstul
M-1950-17,WC-1950,1950,final round,1950-07-09,Brazil,Brazil,Ademir,P-49381,58,58,0,0,0,fjelstul
M-1950-17,WC-1950,1950,final round,1950-07-09,Sweden,Sweden,Sune Andersson,P-91027,67,67,0,1,0,fjelstul
M-1950-17,WC-1950,1950,final round,1950-07-09,Brazil,Brazil,Maneca,P-99436,85,85,0,0,0,fjelstul
M-1950-17,WC-1950,1950,final round,1950-07-09,Brazil,Brazil,Chico,P-22428,88,88,0,0,0,fjelstul
M-1950-18,WC-1950,1950,final round,1950-07-09,Uruguay,Uruguay,Alcides Ghiggia,P-16302,29,29,0,0,0,fjelstul
M-1950-18,WC-1950,1950,final round,1950-07-09,Spain,Spain,Estanislau Basora,P-26928,37,37,0,0,0,fjelstul
M-1950-18,WC-1950,1950,final round,1950-07-09,Spain,Spain,Estanislau Basora,P-26928,39,39,0,0,0,fjelstul
M-1950-18,WC-1950,1950,final round,1950-07-09,Uruguay,Uruguay,Obdulio Varela,P-65940,73,73,0,0,0,fjelstul
M-1950-19,WC-1950,1950,final round,1950-07-13,Brazil,Brazil,Ademir,P-49381,15,15,0,0,0,fjelstul
M-1950-19,WC-1950,1950,final round,1950-07-13,Brazil,Brazil,Jair,P-44754,21,21,0,0,0,fjelstul
M-1950-19,WC-1950,1950,final round,1950-07-13,Brazil,Brazil,Chico,P-22428,31,31,0,0,0,fjelstul
M-1950-19,WC-1950,1950,final round,1950-07-13,Brazil,Brazil,Chico,P-22428,55,55,0,0,0,fjelstul
M-1950-19,WC-1950,1950,final round,1950-07-13,Brazil,Brazil,Ademir,P-49381,57,57,0,0,0,fjelstul
M-1950-19,WC-1950,1950,final round,1950-07-13,Brazil,Brazil,Zizinho,P-73743,67,67,0,0,0,fjelstul
M-1950-19,WC-1950,1950,final round,1950-07-13,Spain,Spain,Silvestre Igoa,P-24336,71,71,0,0,0,fjelstul
M-1950-20,WC-1950,1950,final round,1950-07-13,Sweden,Sweden,Karl-Erik Palmér,P-52190,5,5,0,0,0,fjelstul
M-1950-20,WC-1950,1950,final round,1950-07-13,Uruguay,Uruguay,Alcides Ghiggia,P-16302,39,39,0,0,0,fjelstul
M-1950-20,WC-1950,1950,final round,1950-07-13,Sweden,Sweden,Stig Sundqvist,P-87073,40,40,0,0,0,fjelstul
M-1950-20,WC-1950,1950,final round,1950-07-13,Uruguay,Uruguay,Oscar Míguez,P-18523,77,77,0,0,0,fjelstul
M-1950-20,WC-1950,1950,final round,1950-07-13,Uruguay,Uruguay,Oscar Míguez,P-18523,85,85,0,0,0,fjelstul
M-1950-21,WC-1950,1950,final round,1950-07-16,Sweden,Sweden,Stig Sundqvist,P-87073,15,15,0,0,0,fjelstul
M-1950-21,WC-1950,1950,final round,1950-07-16,Sweden,Sweden,Bror Mellberg,P-59295,33,33,0,0,0,fjelstul
M-1950-21,WC-1950,1950,final round,1950-07-16,Sweden,Sweden,Karl-Erik Palmér,P-52190,80,80,0,0,0,fjelstul
M-1950-21,WC-1950,1950,final round,1950-07-16,Spain,Spain,Telmo Zarra,P-65220,82,82,0,0,0,fjelstul
M-1950-22,WC-1950,1950,final round,1950-07-16,Brazil,Brazil,Friaça,P-21738,47,47,0,0,0,fjelstul
M-1950-22,WC-1950,1950,final round,1950-07-16,Uruguay,Uruguay,Juan Alberto Schiaffino,P-38873,66,66,0,0,0,fjelstul
M-1950-22,WC-1950,1950,final round,1950-07-16,Uruguay,Uruguay,Alcides Ghiggia,P-16302,79,79,0,0,0,fjelstul
M-1954-01,WC-1954,1954,group stage,1954-06-16,Brazil,Brazil,Baltazar,P-17754,23,23,0,0,0,fjelstul
M-1954-01,WC-1954,1954,group stage,1954-06-16,Brazil,Brazil,Didi,P-76740,30,30,0,0,0,fjelstul
M-1954-01,WC-1954,1954,group stage,1954-06-16,Brazil,Brazil,Pinga,P-15387,34,34,0,0,0,fjelstul
M-1954-01,WC-1954,1954,group stage,1954-06-16,Brazil,Brazil,Pinga,P-15387,43,43,0,0,0,fjelstul
M-1954-01,WC-1954,1954,group stage,1954-06-16,Brazil,Brazil,Julinho,P-08966,69,69,0,0,0,fjelstul
M-1954-02,WC-1954,1954,group stage,1954-06-16,Serbia,Serbia,Miloš Milutinović,P-00042,15,15,0,0,0,fjelstul
M-1954-03,WC-1954,1954,group stage,1954-06-16,Austria,Austria,Erich Probst,P-85257,33,33,0,0,0,fjelstul
M-1954-04,WC-1954,1954,group stage,1954-06-16,Uruguay,Uruguay,Oscar Míguez,P-18523,71,71,0,0,0,fjelstul
M-1954-04,WC-1954,1954,group stage,1954-06-16,Uruguay,Uruguay,Juan Alberto Schiaffino,P-38873,84,84,0,0,0,fjelstul
M-1954-05,WC-1954,1954,group stage,1954-06-17,Switzerland,Switzerland,Robert Ballaman,P-63738,18,18,0,0,0,fjelstul
M-1954-05,WC-1954,1954,group stage,1954-06-17,Italy,Italy,Giampiero Boniperti,P-75209,44,44,0,0,0,fjelstul
M-1954-05,WC-1954,1954,group stage,1954-06-17,Switzerland,Switzerland,Josef Hügi,P-14406,78,78,0,0,0,fjelstul
M-1954-06,WC-1954,1954,group stage,1954-06-17,Hungary,Hungary,Ferenc Puskás,P-12676,12,12,0,0,0,fjelstul
M-1954-06,WC-1954,1954,group stage,1954-06-17,Hungary,Hungary,Mihály Lantos,P-29493,18,18,0,0,0,fjelstul
M-1954-06,WC-1954,1954,group stage,1954-06-17,Hungary,Hungary,Sándor Kocsis,P-07028,24,24,0,0,0,fjelstul
M-1954-06,WC-1954,1954,group stage,1954-06-17,Hungary,Hungary,Sándor Kocsis,P-07028,36,36,0,0,0,fjelstul
M-1954-06,WC-1954,1954,group stage,1954-06-17,Hungary,Hungary,Sándor Kocsis,P-07028,50,50,0,0,0,fjelstul
M-1954-06,WC-1954,1954,group stage,1954-06-17,Hungary,Hungary,Zoltán Czibor,P-93334,59,59,0,0,0,fjelstul
M-1954-06,WC-1954,1954,group stage,1954-06-17,Hungary,Hungary,Péter Palotás,P-42138,75,75,0,0,0,fjelstul
M-1954-06,WC-1954,1954,group stage,1954-06-17,Hungary,Hungary,Péter Palotás,P-42138,83,83,0,0,0,fjelstul
M-1954-06,WC-1954,1954,group stage,1954-06-17,Hungary,Hungary,Ferenc Puskás,P-12676,89,89,0,0,0,fjelstul
M-1954-07,WC-1954,1954,group stage,1954-06-17,Turkey,Turkey,Suat Mamat,P-71884,2,2,0,0,0,fjelstul
M-1954-07,WC-1954,1954,group stage,1954-06-17,Germany,Germany,Hans Schäfer,P-63184,14,14,0,0,0,fjelstul
M-1954-07,WC-1954,1954,group stage,1954-06-17,Germany,Germany,Bernhard Klodt,P-33698,52,52,0,0,0,fjelstul
M-1954-07,WC-1954,1954,group stage,1954-06-17,Germany,Germany,Ottmar Walter,P-71954,60,60,0,0,0,fjelstul
M-1954-07,WC-1954,1954,group stage,1954-06-17,Germany,Germany,Max Morlock,P-05766,84,84,0,0,0,fjelstul
M-1954-08,WC-1954,1954,group stage,1954-06-17,Belgium,Belgium,Léopold Anoul,P-99158,5,5,0,0,0,fjelstul
M-1954-08,WC-1954,1954,group stage,1954-06-17,England,England,Ivor Broadis,P-88758,26,26,0,0,0,fjelstul
M-1954-08,WC-1954,1954,group stage,1954-06-17,England,England,Nat Lofthouse,P-81234,36,36,0,0,0,fjelstul
M-1954-08,WC-1954,1954,group stage,1954-06-17,England,England,Ivor Broadis,P-88758,63,63,0,0,0,fjelstul
M-1954-08,WC-1954,1954,group stage,1954-06-17,Belgium,Belgium,Henri Coppens,P-26664,67,67,0,0,0,fjelstul
M-1954-08,WC-1954,1954,group stage,1954-06-17,Belgium,Belgium,Léopold Anoul,P-99158,71,71,0,0,0,fjelstul
M-1954-08,WC-1954,1954,group stage,1954-06-17,England,England,Nat Lofthouse,P-81234,91,91,0,0,0,fjelstul
M-1954-08,WC-1954,1954,group stage,1954-06-17,Belgium,England,Jimmy Dickinson,P-49092,94,94,0,0,1,fjelstul
M-1954-09,WC-1954,1954,group stage,1954-06-19,Uruguay,Uruguay,Carlos Borges,P-90496,17,17,0,0,0,fjelstul
M-1954-09,WC-1954,1954,group stage,1954-06-19,Uruguay,Uruguay,Oscar Míguez,P-18523,30,30,0,0,0,fjelstul
M-1954-09,WC-1954,1954,group stage,1954-06-19,Uruguay,Uruguay,Carlos Borges,P-90496,47,47,0,0,0,fjelstul
M-1954-09,WC-1954,1954,group stage,1954-06-19,Uruguay,Uruguay,Julio Abbadie,P-78277,54,54,0,0,0,fjelstul
M-1954-09,WC-1954,1954,group stage,1954-06-19,Uruguay,Uruguay,Carlos Borges,P-90496,57,57,0,0,0,fjelstul
M-1954-09,WC-1954,1954,group stage,1954-06-19,Uruguay,Uruguay,Oscar Míguez,P-18523,83,83,0,0,0,fjelstul
M-1954-09,WC-1954,1954,group stage,1954-06-19,Uruguay,Uruguay,Julio Abbadie,P-78277,85,85,0,0,0,fjelstul
M-1954-10,WC-1954,1954,group stage,1954-06-19,Serbia,Serbia,Branko Zebec,P-74352,48,48,0,0,0,fjelstul
M-1954-10,WC-1954,1954,group stage,1954-06-19,Brazil,Brazil,Didi,P-76740,69,69,0,0,0,fjelstul
M-1954-11,WC-1954,1954,group stage,1954-06-19,Austria,Austria,Ernst Stojaspal,P-51339,3,3,0,0,0,fjelstul
M-1954-11,WC-1954,1954,group stage,1954-06-19,Austria,Austria,Erich Probst,P-85257,4,4,0,0,0,fjelstul
M-1954-11,WC-1954,1954,group stage,1954-06-19,Austria,Austria,Erich Probst,P-85257,21,21,0,0,0,fjelstul
M-1954-11,WC-1954,1954,group stage,1954-06-19,Austria,Austria,Erich Probst,P-85257,24,24,0,0,0,fjelstul
M-1954-11,WC-1954,1954,group stage,1954-06-19,Austria,Austria,Ernst Stojaspal,P-51339,65,65,0,0,0,fjelstul
M-1954-12,WC-1954,1954,group stage,1954-06-19,France,France,Jean Vincent,P-78417,19,19,0,0,0,fjelstul
M-1954-12,WC-1954,1954,group stage,1954-06-19,France,Mexico,Raúl Cárdenas,P-53255,46,46,0,0,1,fjelstul
M-1954-12,WC-1954,1954,group stage,1954-06-19,Mexico,Mexico,José Luis Lamadrid,P-53183,54,54,0,0,0,fjelstul
M-1954-12,WC-1954,1954,group stage,1954-06-19,Mexico,Mexico,Tomás Balcázar,P-66576,85,85,0,0,0,fjelstul
M-1954-12,WC-1954,1954,group stage,1954-06-19,France,France,Raymond Kopa,P-94605,88,88,0,1,0,fjelstul
M-1954-13,WC-1954,1954,group stage,1954-06-20,Hungary,Hungary,Sándor Kocsis,P-07028,3,3,0,0,0,fjelstul
M-1954-13,WC-1954,1954,group stage,1954-06-20,Hungary,Hungary,Ferenc Puskás,P-12676,17,17,0,0,0,fjelstul
M-1954-13,WC-1954,1954,group stage,1954-06-20,Hungary,Hungary,Sándor Kocsis,P-07028,21,21,0,0,0,fjelstul
M-1954-13,WC-1954,1954,group stage,1954-06-20,Germany,Germany,Alfred Pfaff,P-57739,25,25,0,0,0,fjelstul
M-1954-13,WC-1954,1954,group stage,1954-06-20,Hungary,Hungary,Nándor Hidegkuti,P-01173,52,52,0,0,0,fjelstul
M-1954-13,WC-1954,1954,group stage,1954-06-20,Hungary,Hungary,Nándor Hidegkuti,P-01173,54,54,0,0,0,fjelstul
M-1954-13,WC-1954,1954,group stage,1954-06-20,Hungary,Hungary,Sándor Kocsis,P-07028,69,69,0,0,0,fjelstul
M-1954-13,WC-1954,1954,group stage,1954-06-20,Hungary,Hungary,József Tóth,P-23830,75,75,0,0,0,fjelstul
M-1954-13,WC-1954,1954,group stage,1954-06-20,Germany,Germany,Helmut Rahn,P-08136,77,77,0,0,0,fjelstul
M-1954-13,WC-1954,1954,group stage,1954-06-20,Hungary,Hungary,Sándor Kocsis,P-07028,78,78,0,0,0,fjelstul
M-1954-13,WC-1954,1954,group stage,1954-06-20,Germany,Germany,Richard Herrmann,P-58241,84,84,0,0,0,fjelstul
M-1954-14,WC-1954,1954,group stage,1954-06-20,Turkey,Turkey,Suat Mamat,P-71884,10,10,0,0,0,fjelstul
M-1954-14,WC-1954,1954,group stage,1954-06-20,Turkey,Turkey,Lefter Küçükandonyadis,P-92456,24,24,0,0,0,fjelstul
M-1954-14,WC-1954,1954,group stage,1954-06-20,Turkey,Turkey,Suat Mamat,P-71884,30,30,0,0,0,fjelstul
M-1954-14,WC-1954,1954,group stage,1954-06-20,Turkey,Turkey,Burhan Sargun,P-04515,37,37,0,0,0,fjelstul
M-1954-14,WC-1954,1954,group stage,1954-06-20,Turkey,Turkey,Burhan Sargun,P-04515,64,64,0,0,0,fjelstul
M-1954-14,WC-1954,1954,group stage,1954-06-20,Turkey,Turkey,Burhan Sargun,P-04515,70,70,0,0,0,fjelstul
M-1954-14,WC-1954,1954,group stage,1954-06-20,Turkey,Turkey,Erol Keskin,P-15472,76,76,0,0,0,fjelstul
M-1954-15,WC-1954,1954,group stage,1954-06-20,Italy,Italy,Egisto Pandolfini,P-00152,41,41,0,1,0,fjelstul
M-1954-15,WC-1954,1954,group stage,1954-06-20,Italy,Italy,Carlo Galli,P-32442,48,48,0,0,0,fjelstul
M-1954-15,WC-1954,1954,group stage,1954-06-20,Italy,Italy,Amleto Frignani,P-64967,58,58,0,0,0,fjelstul
M-1954-15,WC-1954,1954,group stage,1954-06-20,Italy,Italy,Benito Lorenzi,P-45203,78,78,0,0,0,fjelstul
M-1954-15,WC-1954,1954,group stage,1954-06-20,Belgium,Belgium,Léopold Anoul,P-99158,81,81,0,0,0,fjelstul
M-1954-16,WC-1954,1954,group stage,1954-06-20,England,England,Jimmy Mullen,P-82512,43,43,0,0,0,fjelstul
M-1954-16,WC-1954,1954,group stage,1954-06-20,England,England,Dennis Wilshaw,P-25319,69,69,0,0,0,fjelstul
M-1954-17,WC-1954,1954,group stage,1954-06-23,Germany,Germany,Ottmar Walter,P-71954,7,7,0,0,0,fjelstul
M-1954-17,WC-1954,1954,group stage,1954-06-23,Germany,Germany,Hans Schäfer,P-63184,12,12,0,0,0,fjelstul
M-1954-17,WC-1954,1954,group stage,1954-06-23,Turkey,Turkey,Mustafa Ertan,P-04447,21,21,0,0,0,fjelstul
M-1954-17,WC-1954,1954,group stage,1954-06-23,Germany,Germany,Max Morlock,P-05766,30,30,0,0,0,fjelstul
M-1954-17,WC-1954,1954,group stage,1954-06-23,Germany,Germany,Max Morlock,P-05766,60,60,0,0,0,fjelstul
M-1954-17,WC-1954,1954,group stage,1954-06-23,Germany,Germany,Fritz Walter,P-09973,62,62,0,0,0,fjelstul
M-1954-17,WC-1954,1954,group stage,1954-06-23,Germany,Germany,Max Morlock,P-05766,77,77,0,0,0,fjelstul
M-1954-17,WC-1954,1954,group stage,1954-06-23,Germany,Germany,Hans Schäfer,P-63184,79,79,0,0,0,fjelstul
M-1954-17,WC-1954,1954,group stage,1954-06-23,Turkey,Turkey,Lefter Küçükandonyadis,P-92456,82,82,0,0,0,fjelstul
M-1954-18,WC-1954,1954,group stage,1954-06-23,Switzerland,Switzerland,Josef Hügi,P-14406,14,14,0,0,0,fjelstul
M-1954-18,WC-1954,1954,group stage,1954-06-23,Switzerland,Switzerland,Robert Ballaman,P-63738,48,48,0,0,0,fjelstul
M-1954-18,WC-1954,1954,group stage,1954-06-23,Italy,Italy,Fulvio Nesti,P-17534,67,67,0,0,0,fjelstul
M-1954-18,WC-1954,1954,group stage,1954-06-23,Switzerland,Switzerland,Josef Hügi,P-14406,85,85,0,0,0,fjelstul
M-1954-18,WC-1954,1954,group stage,1954-06-23,Switzerland,Switzerland,Jacques Fatton,P-80623,90,90,0,0,0,fjelstul
M-1954-19,WC-1954,1954,quarter-finals,1954-06-26,Switzerland,Switzerland,Robert Ballaman,P-63738,16,16,0,0,0,fjelstul
M-1954-19,WC-1954,1954,quarter-finals,1954-06-26,Switzerland,Switzerland,Josef Hügi,P-14406,17,17,0,0,0,fjelstul
M-1954-19,WC-1954,1954,quarter-finals,1954-06-26,Switzerland,Switzerland,Josef Hügi,P-14406,19,19,0,0,0,fjelstul
M-1954-19,WC-1954,1954,quarter-finals,1954-06-26,Austria,Austria,Theodor Wagner,P-35865,25,25,0,0,0,fjelstul
M-1954-19,WC-1954,1954,quarter-finals,1954-06-26,Austria,Austria,Alfred Körner,P-26700,26,26,0,0,0,fjelstul
M-1954-19,WC-1954,1954,quarter-finals,1954-06-26,Austria,Austria,Theodor Wagner,P-35865,27,27,0,0,0,fjelstul
M-1954-19,WC-1954,1954,quarter-finals,1954-06-26,Austria,Austria,Ernst Ocwirk,P-53882,32,32,0,0,0,fjelstul
M-1954-19,WC-1954,1954,quarter-finals,1954-06-26,Austria,Austria,Alfred Körner,P-26700,34,34,0,0,0,fjelstul
M-1954-19,WC-1954,1954,quarter-finals,1954-06-26,Switzerland,Switzerland,Robert Ballaman,P-63738,39,39,0,0,0,fjelstul
M-1954-19,WC-1954,1954,quarter-finals,1954-06-26,Austria,Austria,Theodor Wagner,P-35865,53,53,0,0,0,fjelstul
M-1954-19,WC-1954,1954,quarter-finals,1954-06-26,Switzerland,Switzerland,Josef Hügi,P-14406,60,60,0,0,0,fjelstul
M-1954-19,WC-1954,1954,quarter-finals,1954-06-26,Austria,Austria,Erich Probst,P-85257,76,76,0,0,0,fjelstul
M-1954-20,WC-1954,1954,quarter-finals,1954-06-26,Uruguay,Uruguay,Carlos Borges,P-90496,5,5,0,0,0,fjelstul
M-1954-20,WC-1954,1954,quarter-finals,1954-06-26,England,England,Nat Lofthouse,P-81234,16,16,0,0,0,fjelstul
M-1954-20,WC-1954,1954,quarter-finals,1954-06-26,Uruguay,Uruguay,Obdulio Varela,P-65940,39,39,0,0,0,fjelstul
M-1954-20,WC-1954,1954,quarter-finals,1954-06-26,Uruguay,Uruguay,Juan Alberto Schiaffino,P-38873,46,46,0,0,0,fjelstul
M-1954-20,WC-1954,1954,quarter-finals,1954-06-26,England,England,Tom Finney,P-86813,67,67,0,0,0,fjelstul
M-1954-20,WC-1954,1954,quarter-finals,1954-06-26,Uruguay,Uruguay,Javier Ambrois,P-66683,78,78,0,0,0,fjelstul
M-1954-21,WC-1954,1954,quarter-finals,1954-06-27,Hungary,Hungary,Nándor Hidegkuti,P-01173,4,4,0,0,0,fjelstul
M-1954-21,WC-1954,1954,quarter-finals,1954-06-27,Hungary,Hungary,Sándor Kocsis,P-07028,7,7,0,0,0,fjelstul
M-1954-21,WC-1954,1954,quarter-finals,1954-06-27,Brazil,Brazil,Djalma Santos,P-52002,18,18,0,1,0,fjelstul
M-1954-21,WC-1954,1954,quarter-finals,1954-06-27,Hungary,Hungary,Mihály Lantos,P-29493,60,60,0,1,0,fjelstul
M-1954-21,WC-1954,1954,quarter-finals,1954-06-27,Brazil,Brazil,Julinho,P-08966,65,65,0,0,0,fjelstul
M-1954-21,WC-1954,1954,quarter-finals,1954-06-27,Hungary,Hungary,Sándor Kocsis,P-07028,88,88,0,0,0,fjelstul
M-1954-22,WC-1954,1954,quarter-finals,1954-06-27,Germany,Serbia,Ivica Horvat,P-78579,9,9,0,0,1,fjelstul
M-1954-22,WC-1954,1954,quarter-finals,1954-06-27,Germany,Germany,Helmut Rahn,P-08136,85,85,0,0,0,fjelstul
M-1954-23,WC-1954,1954,semi-finals,1954-06-30,Hungary,Hungary,Zoltán Czibor,P-93334,13,13,0,0,0,fjelstul
M-1954-23,WC-1954,1954,semi-finals,1954-06-30,Hungary,Hungary,Nándor Hidegkuti,P-01173,46,46,0,0,0,fjelstul
M-1954-23,WC-1954,1954,semi-finals,1954-06-30,Uruguay,Uruguay,Juan Hohberg,P-10601,75,75,0,0,0,fjelstul
M-1954-23,WC-1954,1954,semi-finals,1954-06-30,Uruguay,Uruguay,Juan Hohberg,P-10601,86,86,0,0,0,fjelstul
M-1954-23,WC-1954,1954,semi-finals,1954-06-30,Hungary,Hungary,Sándor Kocsis,P-07028,111,111,0,0,0,fjelstul
M-1954-23,WC-1954,1954,semi-finals,1954-06-30,Hungary,Hungary,Sándor Kocsis,P-07028,116,116,0,0,0,fjelstul
M-1954-24,WC-1954,1954,semi-finals,1954-06-30,Germany,Germany,Hans Schäfer,P-63184,31,31,0,0,0,fjelstul
M-1954-24,WC-1954,1954,semi-finals,1954-06-30,Germany,Germany,Max Morlock,P-05766,47,47,0,0,0,fjelstul
M-1954-24,WC-1954,1954,semi-finals,1954-06-30,Austria,Austria,Erich Probst,P-85257,51,51,0,0,0,fjelstul
M-1954-24,WC-1954,1954,semi-finals,1954-06-30,Germany,Germany,Fritz Walter,P-09973,54,54,0,1,0,fjelstul
M-1954-24,WC-1954,1954,semi-finals,1954-06-30,Germany,Germany,Ottmar Walter,P-71954,61,61,0,0,0,fjelstul
M-1954-24,WC-1954,1954,semi-finals,1954-06-30,Germany,Germany,Fritz Walter,P-09973,64,64,0,1,0,fjelstul
M-1954-24,WC-1954,1954,semi-finals,1954-06-30,Germany,Germany,Ottmar Walter,P-71954,89,89,0,0,0,fjelstul
M-1954-25,WC-1954,1954,third-place match,1954-07-03,Austria,Austria,Ernst Stojaspal,P-51339,16,16,0,1,0,fjelstul
M-1954-25,WC-1954,1954,third-place match,1954-07-03,Uruguay,Uruguay,Juan Hohberg,P-10601,22,22,0,0,0,fjelstul
M-1954-25,WC-1954,1954,third-place match,1954-07-03,Austria,Uruguay,Luis Cruz,P-92883,59,59,0,0,1,fjelstul
M-1954-25,WC-1954,1954,third-place match,1954-07-03,Austria,Austria,Ernst Ocwirk,P-53882,89,89,0,0,0,fjelstul
M-1954-26,WC-1954,1954,final,1954-07-04,Hungary,Hungary,Ferenc Puskás,P-12676,6,6,0,0,0,fjelstul
M-1954-26,WC-1954,1954,final,1954-07-04,Hungary,Hungary,Zoltán Czibor,P-93334,8,8,0,0,0,fjelstul
M-1954-26,WC-1954,1954,final,1954-07-04,Germany,Germany,Max Morlock,P-05766,10,10,0,0,0,fjelstul
M-1954-26,WC-1954,1954,final,1954-07-04,Germany,Germany,Helmut Rahn,P-08136,18,18,0,0,0,fjelstul
M-1954-26,WC-1954,1954,final,1954-07-04,Germany,Germany,Helmut Rahn,P-08136,84,84,0,0,0,fjelstul
M-1958-01,WC-1958,1958,group stage,1958-06-08,Sweden,Sweden,Agne Simonsson,P-82312,17,17,0,0,0,fjelstul
M-1958-01,WC-1958,1958,group stage,1958-06-08,Sweden,Sweden,Nils Liedholm,P-10338,57,57,0,1,0,fjelstul
M-1958-01,WC-1958,1958,group stage,1958-06-08,Sweden,Sweden,Agne Simonsson,P-82312,64,64,0,0,0,fjelstul
M-1958-02,WC-1958,1958,group stage,1958-06-08,Argentina,Argentina,Oreste Corbatta,P-71952,3,3,0,0,0,fjelstul
M-1958-02,WC-1958,1958,group stage,1958-06-08,Germany,Germany,Helmut Rahn,P-08136,32,32,0,0,0,fjelstul
M-1958-02,WC-1958,1958,group stage,1958-06-08,Germany,Germany,Uwe Seeler,P-64138,42,42,0,0,0,fjelstul
M-1958-02,WC-1958,1958,group stage,1958-06-08,Germany,Germany,Helmut Rahn,P-08136,79,79,0,0,0,fjelstul
M-1958-03,WC-1958,1958,group stage,1958-06-08,Northern Ireland,Northern Ireland,Wilbur Cush,P-36975,21,21,0,0,0,fjelstul
M-1958-04,WC-1958,1958,group stage,1958-06-08,Paraguay,Paraguay,Florencio Amarilla,P-19817,20,20,0,0,0,fjelstul
M-1958-04,WC-1958,1958,group stage,1958-06-08,France,France,Just Fontaine,P-77939,24,24,0,0,0,fjelstul
M-1958-04,WC-1958,1958,group stage,1958-06-08,France,France,Just Fontaine,P-77939,30,30,0,0,0,fjelstul
M-1958-04,WC-1958,1958,group stage,1958-06-08,Paraguay,Paraguay,Florencio Amarilla,P-19817,44,44,0,1,0,fjelstul
M-1958-04,WC-1958,1958,group stage,1958-06-08,Paraguay,Paraguay,Jorge Lino Romero,P-32438,50,50,0,0,0,fjelstul
M-1958-04,WC-1958,1958,group stage,1958-06-08,France,France,Roger Piantoni,P-38969,52,52,0,0,0,fjelstul
M-1958-04,WC-1958,1958,group stage,1958-06-08,France,France,Maryan Wisnieski,P-75977,61,61,0,0,0,fjelstul
M-1958-04,WC-1958,1958,group stage,1958-06-08,France,France,Just Fontaine,P-77939,67,67,0,0,0,fjelstul
M-1958-04,WC-1958,1958,group stage,1958-06-08,France,France,Raymond Kopa,P-94605,70,70,0,0,0,fjelstul
M-1958-04,WC-1958,1958,group stage,1958-06-08,France,France,Jean Vincent,P-78417,83,83,0,0,0,fjelstul
M-1958-05,WC-1958,1958,group stage,1958-06-08,Serbia,Serbia,Aleksandar Petaković,P-85317,6,6,0,0,0,fjelstul
M-1958-05,WC-1958,1958,group stage,1958-06-08,Scotland,Scotland,Jimmy Murray,P-07282,49,49,0,0,0,fjelstul
M-1958-06,WC-1958,1958,group stage,1958-06-08,Hungary,Hungary,József Bozsik,P-70989,5,5,0,0,0,fjelstul
M-1958-06,WC-1958,1958,group stage,1958-06-08,Wales,Wales,John Charles,P-12687,27,27,0,0,0,fjelstul
M-1958-07,WC-1958,1958,group stage,1958-06-08,Brazil,Brazil,José Altafini,P-60629,37,37,0,0,0,fjelstul
M-1958-07,WC-1958,1958,group stage,1958-06-08,Brazil,Brazil,Nílton Santos,P-75955,50,50,0,0,0,fjelstul
M-1958-07,WC-1958,1958,group stage,1958-06-08,Brazil,Brazil,José Altafini,P-60629,85,85,0,0,0,fjelstul
M-1958-08,WC-1958,1958,group stage,1958-06-08,Russia,Russia,Nikita Simonyan,P-54948,13,13,0,0,0,fjelstul
M-1958-08,WC-1958,1958,group stage,1958-06-08,Russia,Russia,Aleksandr Ivanov,P-92440,56,56,0,0,0,fjelstul
M-1958-08,WC-1958,1958,group stage,1958-06-08,England,England,Derek Kevan,P-60811,66,66,0,0,0,fjelstul
M-1958-08,WC-1958,1958,group stage,1958-06-08,England,England,Tom Finney,P-86813,85,85,0,1,0,fjelstul
M-1958-09,WC-1958,1958,group stage,1958-06-11,Northern Ireland,Northern Ireland,Peter McParland,P-77851,4,4,0,0,0,fjelstul
M-1958-09,WC-1958,1958,group stage,1958-06-11,Argentina,Argentina,Oreste Corbatta,P-71952,37,37,0,1,0,fjelstul
M-1958-09,WC-1958,1958,group stage,1958-06-11,Argentina,Argentina,Norberto Menéndez,P-98280,56,56,0,0,0,fjelstul
M-1958-09,WC-1958,1958,group stage,1958-06-11,Argentina,Argentina,Ludovico Avio,P-20645,60,60,0,0,0,fjelstul
M-1958-10,WC-1958,1958,group stage,1958-06-11,Czech Republic,Czech Republic,Milan Dvořák,P-65506,24,24,0,1,0,fjelstul
M-1958-10,WC-1958,1958,group stage,1958-06-11,Czech Republic,Czech Republic,Zdeněk Zikán,P-71720,42,42,0,0,0,fjelstul
M-1958-10,WC-1958,1958,group stage,1958-06-11,Germany,Germany,Hans Schäfer,P-63184,60,60,0,0,0,fjelstul
M-1958-10,WC-1958,1958,group stage,1958-06-11,Germany,Germany,Helmut Rahn,P-08136,71,71,0,0,0,fjelstul
M-1958-11,WC-1958,1958,group stage,1958-06-11,Paraguay,Paraguay,Juan Bautista Agüero,P-17292,4,4,0,0,0,fjelstul
M-1958-11,WC-1958,1958,group stage,1958-06-11,Scotland,Scotland,Jackie Mudie,P-19215,24,24,0,0,0,fjelstul
M-1958-11,WC-1958,1958,group stage,1958-06-11,Paraguay,Paraguay,Cayetano Ré,P-65484,45,45,0,0,0,fjelstul
M-1958-11,WC-1958,1958,group stage,1958-06-11,Paraguay,Paraguay,José Parodi,P-22636,73,73,0,0,0,fjelstul
M-1958-11,WC-1958,1958,group stage,1958-06-11,Scotland,Scotland,Bobby Collins,P-75309,74,74,0,0,0,fjelstul
M-1958-12,WC-1958,1958,group stage,1958-06-11,France,France,Just Fontaine,P-77939,4,4,0,0,0,fjelstul
M-1958-12,WC-1958,1958,group stage,1958-06-11,Serbia,Serbia,Aleksandar Petaković,P-85317,16,16,0,0,0,fjelstul
M-1958-12,WC-1958,1958,group stage,1958-06-11,Serbia,Serbia,Todor Veselinović,P-47783,63,63,0,0,0,fjelstul
M-1958-12,WC-1958,1958,group stage,1958-06-11,France,France,Just Fontaine,P-77939,85,85,0,0,0,fjelstul
M-1958-12,WC-1958,1958,group stage,1958-06-11,Serbia,Serbia,Todor Veselinović,P-47783,88,88,0,0,0,fjelstul
M-1958-13,WC-1958,1958,group stage,1958-06-11,Wales,Wales,Ivor Allchurch,P-71223,32,32,0,0,0,fjelstul
M-1958-13,WC-1958,1958,group stage,1958-06-11,Mexico,Mexico,Jaime Belmonte,P-10223,89,89,0,0,0,fjelstul
M-1958-15,WC-1958,1958,group stage,1958-06-11,Russia,Russia,Anatoli Ilyin,P-80609,15,15,0,0,0,fjelstul
M-1958-15,WC-1958,1958,group stage,1958-06-11,Russia,Russia,Valentin Ivanov,P-11702,62,62,0,0,0,fjelstul
M-1958-16,WC-1958,1958,group stage,1958-06-12,Sweden,Sweden,Kurt Hamrin,P-20173,34,34,0,0,0,fjelstul
M-1958-16,WC-1958,1958,group stage,1958-06-12,Sweden,Sweden,Kurt Hamrin,P-20173,55,55,0,0,0,fjelstul
M-1958-16,WC-1958,1958,group stage,1958-06-12,Hungary,Hungary,Lajos Tichy,P-82971,77,77,0,0,0,fjelstul
M-1958-18,WC-1958,1958,group stage,1958-06-15,Czech Republic,Czech Republic,Milan Dvořák,P-65506,8,8,0,0,0,fjelstul
M-1958-18,WC-1958,1958,group stage,1958-06-15,Czech Republic,Czech Republic,Zdeněk Zikán,P-71720,17,17,0,0,0,fjelstul
M-1958-18,WC-1958,1958,group stage,1958-06-15,Czech Republic,Czech Republic,Zdeněk Zikán,P-71720,40,40,0,0,0,fjelstul
M-1958-18,WC-1958,1958,group stage,1958-06-15,Argentina,Argentina,Oreste Corbatta,P-71952,65,65,0,1,0,fjelstul
M-1958-18,WC-1958,1958,group stage,1958-06-15,Czech Republic,Czech Republic,Jiří Feureisl,P-45404,69,69,0,0,0,fjelstul
M-1958-18,WC-1958,1958,group stage,1958-06-15,Czech Republic,Czech Republic,Václav Hovorka,P-28805,82,82,0,0,0,fjelstul
M-1958-18,WC-1958,1958,group stage,1958-06-15,Czech Republic,Czech Republic,Václav Hovorka,P-28805,89,89,0,0,0,fjelstul
M-1958-19,WC-1958,1958,group stage,1958-06-15,Northern Ireland,Northern Ireland,Peter McParland,P-77851,18,18,0,0,0,fjelstul
M-1958-19,WC-1958,1958,group stage,1958-06-15,Germany,Germany,Helmut Rahn,P-08136,20,20,0,0,0,fjelstul
M-1958-19,WC-1958,1958,group stage,1958-06-15,Northern Ireland,Northern Ireland,Peter McParland,P-77851,60,60,0,0,0,fjelstul
M-1958-19,WC-1958,1958,group stage,1958-06-15,Germany,Germany,Uwe Seeler,P-64138,78,78,0,0,0,fjelstul
M-1958-20,WC-1958,1958,group stage,1958-06-15,France,France,Raymond Kopa,P-94605,22,22,0,0,0,fjelstul
M-1958-20,WC-1958,1958,group stage,1958-06-15,France,France,Just Fontaine,P-77939,44,44,0,0,0,fjelstul
M-1958-20,WC-1958,1958,group stage,1958-06-15,Scotland,Scotland,Sammy Baird,P-73507,58,58,0,0,0,fjelstul
M-1958-21,WC-1958,1958,group stage,1958-06-15,Serbia,Serbia,Radivoje Ognjanović,P-47145,18,18,0,0,0,fjelstul
M-1958-21,WC-1958,1958,group stage,1958-06-15,Paraguay,Paraguay,José Parodi,P-22636,20,20,0,0,0,fjelstul
M-1958-21,WC-1958,1958,group stage,1958-06-15,Serbia,Serbia,Todor Veselinović,P-47783,21,21,0,0,0,fjelstul
M-1958-21,WC-1958,1958,group stage,1958-06-15,Paraguay,Paraguay,Juan Bautista Agüero,P-17292,52,52,0,0,0,fjelstul
M-1958-21,WC-1958,1958,group stage,1958-06-15,Serbia,Serbia,Zdravko Rajkov,P-24259,73,73,0,0,0,fjelstul
M-1958-21,WC-1958,1958,group stage,1958-06-15,Paraguay,Paraguay,Jorge Lino Romero,P-32438,80,80,0,0,0,fjelstul
M-1958-22,WC-1958,1958,group stage,1958-06-15,Hungary,Hungary,Lajos Tichy,P-82971,19,19,0,0,0,fjelstul
M-1958-22,WC-1958,1958,group stage,1958-06-15,Hungary,Hungary,Lajos Tichy,P-82971,46,46,0,0,0,fjelstul
M-1958-22,WC-1958,1958,group stage,1958-06-15,Hungary,Hungary,Károly Sándor,P-69885,54,54,0,0,0,fjelstul
M-1958-22,WC-1958,1958,group stage,1958-06-15,Hungary,Hungary,József Bencsics,P-47384,69,69,0,0,0,fjelstul
M-1958-23,WC-1958,1958,group stage,1958-06-15,Brazil,Brazil,Vavá,P-45310,3,3,0,0,0,fjelstul
M-1958-23,WC-1958,1958,group stage,1958-06-15,Brazil,Brazil,Vavá,P-45310,77,77,0,0,0,fjelstul
M-1958-24,WC-1958,1958,group stage,1958-06-15,Austria,Austria,Karl Koller,P-32967,15,15,0,0,0,fjelstul
M-1958-24,WC-1958,1958,group stage,1958-06-15,England,England,Johnny Haynes,P-03578,56,56,0,0,0,fjelstul
M-1958-24,WC-1958,1958,group stage,1958-06-15,Austria,Austria,Alfred Körner,P-26700,71,71,0,0,0,fjelstul
M-1958-24,WC-1958,1958,group stage,1958-06-15,England,England,Derek Kevan,P-60811,74,74,0,0,0,fjelstul
M-1958-25,WC-1958,1958,group stage,1958-06-17,Czech Republic,Czech Republic,Zdeněk Zikán,P-71720,18,18,0,0,0,fjelstul
M-1958-25,WC-1958,1958,group stage,1958-06-17,Northern Ireland,Northern Ireland,Peter McParland,P-77851,44,44,0,0,0,fjelstul
M-1958-25,WC-1958,1958,group stage,1958-06-17,Northern Ireland,Northern Ireland,Peter McParland,P-77851,97,97,0,0,0,fjelstul
M-1958-26,WC-1958,1958,group stage,1958-06-17,Hungary,Hungary,Lajos Tichy,P-82971,33,33,0,0,0,fjelstul
M-1958-26,WC-1958,1958,group stage,1958-06-17,Wales,Wales,Ivor Allchurch,P-71223,55,55,0,0,0,fjelstul
M-1958-26,WC-1958,1958,group stage,1958-06-17,Wales,Wales,Terry Medwin,P-90482,76,76,0,0,0,fjelstul
M-1958-27,WC-1958,1958,group stage,1958-06-17,Russia,Russia,Anatoli Ilyin,P-80609,69,69,0,0,0,fjelstul
M-1958-28,WC-1958,1958,quarter-finals,1958-06-19,Brazil,Brazil,Pelé,P-38906,66,66,0,0,0,fjelstul
M-1958-29,WC-1958,1958,quarter-finals,1958-06-19,France,France,Maryan Wisnieski,P-75977,44,44,0,0,0,fjelstul
M-1958-29,WC-1958,1958,quarter-finals,1958-06-19,France,France,Just Fontaine,P-77939,55,55,0,0,0,fjelstul
M-1958-29,WC-1958,1958,quarter-finals,1958-06-19,France,France,Just Fontaine,P-77939,63,63,0,0,0,fjelstul
M-1958-29,WC-1958,1958,quarter-finals,1958-06-19,France,France,Roger Piantoni,P-38969,68,68,0,0,0,fjelstul
M-1958-30,WC-1958,1958,quarter-finals,1958-06-19,Sweden,Sweden,Kurt Hamrin,P-20173,49,49,0,0,0,fjelstul
M-1958-30,WC-1958,1958,quarter-finals,1958-06-19,Sweden,Sweden,Agne Simonsson,P-82312,88,88,0,0,0,fjelstul
M-1958-31,WC-1958,1958,quarter-finals,1958-06-19,Germany,Germany,Helmut Rahn,P-08136,12,12,0,0,0,fjelstul
M-1958-32,WC-1958,1958,semi-finals,1958-06-24,Brazil,Brazil,Vavá,P-45310,2,2,0,0,0,fjelstul
M-1958-32,WC-1958,1958,semi-finals,1958-06-24,France,France,Just Fontaine,P-77939,9,9,0,0,0,fjelstul
M-1958-32,WC-1958,1958,semi-finals,1958-06-24,Brazil,Brazil,Didi,P-76740,39,39,0,0,0,fjelstul
M-1958-32,WC-1958,1958,semi-finals,1958-06-24,Brazil,Brazil,Pelé,P-38906,52,52,0,0,0,fjelstul
M-1958-32,WC-1958,1958,semi-finals,1958-06-24,Brazil,Brazil,Pelé,P-38906,64,64,0,0,0,fjelstul
M-1958-32,WC-1958,1958,semi-finals,1958-06-24,Brazil,Brazil,Pelé,P-38906,75,75,0,0,0,fjelstul
M-1958-32,WC-1958,1958,semi-finals,1958-06-24,France,France,Roger Piantoni,P-38969,83,83,0,0,0,fjelstul
M-1958-33,WC-1958,1958,semi-finals,1958-06-24,Germany,Germany,Hans Schäfer,P-63184,24,24,0,0,0,fjelstul
M-1958-33,WC-1958,1958,semi-finals,1958-06-24,Sweden,Sweden,Lennart Skoglund,P-33095,32,32,0,0,0,fjelstul
M-1958-33,WC-1958,1958,semi-finals,1958-06-24,Sweden,Sweden,Gunnar Gren,P-69813,81,81,0,0,0,fjelstul
M-1958-33,WC-1958,1958,semi-finals,1958-06-24,Sweden,Sweden,Kurt Hamrin,P-20173,88,88,0,0,0,fjelstul
M-1958-34,WC-1958,1958,third-place match,1958-06-28,France,France,Just Fontaine,P-77939,16,16,0,0,0,fjelstul
M-1958-34,WC-1958,1958,third-place match,1958-06-28,Germany,Germany,Hans Cieslarczyk,P-93539,18,18,0,0,0,fjelstul
M-1958-34,WC-1958,1958,third-place match,1958-06-28,France,France,Raymond Kopa,P-94605,27,27,0,1,0,fjelstul
M-1958-34,WC-1958,1958,third-place match,1958-06-28,France,France,Just Fontaine,P-77939,36,36,0,0,0,fjelstul
M-1958-34,WC-1958,1958,third-place match,1958-06-28,France,France,Yvon Douis,P-08451,50,50,0,0,0,fjelstul
M-1958-34,WC-1958,1958,third-place match,1958-06-28,Germany,Germany,Helmut Rahn,P-08136,52,52,0,0,0,fjelstul
M-1958-34,WC-1958,1958,third-place match,1958-06-28,France,France,Just Fontaine,P-77939,78,78,0,0,0,fjelstul
M-1958-34,WC-1958,1958,third-place match,1958-06-28,Germany,Germany,Hans Schäfer,P-63184,84,84,0,0,0,fjelstul
M-1958-34,WC-1958,1958,third-place match,1958-06-28,France,France,Just Fontaine,P-77939,89,89,0,0,0,fjelstul
M-1958-35,WC-1958,1958,final,1958-06-29,Sweden,Sweden,Nils Liedholm,P-10338,4,4,0,0,0,fjelstul
M-1958-35,WC-1958,1958,final,1958-06-29,Brazil,Brazil,Vavá,P-45310,9,9,0,0,0,fjelstul
M-1958-35,WC-1958,1958,final,1958-06-29,Brazil,Brazil,Vavá,P-45310,32,32,0,0,0,fjelstul
M-1958-35,WC-1958,1958,final,1958-06-29,Brazil,Brazil,Pelé,P-38906,55,55,0,0,0,fjelstul
M-1958-35,WC-1958,1958,final,1958-06-29,Brazil,Brazil,Mário Zagallo,P-38164,68,68,0,0,0,fjelstul
M-1958-35,WC-1958,1958,final,1958-06-29,Sweden,Sweden,Agne Simonsson,P-82312,80,80,0,0,0,fjelstul
M-1958-35,WC-1958,1958,final,1958-06-29,Brazil,Brazil,Pelé,P-38906,90,90,0,0,0,fjelstul
M-1962-01,WC-1962,1962,group stage,1962-05-30,Colombia,Colombia,Francisco Zuluaga,P-32148,19,19,0,1,0,fjelstul
M-1962-01,WC-1962,1962,group stage,1962-05-30,Uruguay,Uruguay,Luis Cubilla,P-81929,56,56,0,0,0,fjelstul
M-1962-01,WC-1962,1962,group stage,1962-05-30,Uruguay,Uruguay,José Sasía,P-15857,75,75,0,0,0,fjelstul
M-1962-02,WC-1962,1962,group stage,1962-05-30,Switzerland,Switzerland,Rolf Wüthrich,P-25619,6,6,0,0,0,fjelstul
M-1962-02,WC-1962,1962,group stage,1962-05-30,Chile,Chile,Leonel Sánchez,P-22224,44,44,0,0,0,fjelstul
M-1962-02,WC-1962,1962,group stage,1962-05-30,Chile,Chile,Jaime Ramírez,P-98252,51,51,0,0,0,fjelstul
M-1962-02,WC-1962,1962,group stage,1962-05-30,Chile,Chile,Leonel Sánchez,P-22224,55,55,0,0,0,fjelstul
M-1962-03,WC-1962,1962,group stage,1962-05-30,Brazil,Brazil,Mário Zagallo,P-38164,56,56,0,0,0,fjelstul
M-1962-03,WC-1962,1962,group stage,1962-05-30,Brazil,Brazil,Pelé,P-38906,73,73,0,0,0,fjelstul
M-1962-04,WC-1962,1962,group stage,1962-05-30,Argentina,Argentina,Héctor Facundo,P-14074,4,4,0,0,0,fjelstul
M-1962-05,WC-1962,1962,group stage,1962-05-31,Russia,Russia,Valentin Ivanov,P-11702,51,51,0,0,0,fjelstul
M-1962-05,WC-1962,1962,group stage,1962-05-31,Russia,Russia,Viktor Ponedelnik,P-05819,83,83,0,0,0,fjelstul
M-1962-07,WC-1962,1962,group stage,1962-05-31,Czech Republic,Czech Republic,Jozef Štibrányi,P-53400,80,80,0,0,0,fjelstul
M-1962-08,WC-1962,1962,group stage,1962-05-31,Hungary,Hungary,Lajos Tichy,P-82971,17,17,0,0,0,fjelstul
M-1962-08,WC-1962,1962,group stage,1962-05-31,England,England,Ron Flowers,P-05132,60,60,0,1,0,fjelstul
M-1962-08,WC-1962,1962,group stage,1962-05-31,Hungary,Hungary,Flórián Albert,P-21188,71,71,0,0,0,fjelstul
M-1962-09,WC-1962,1962,group stage,1962-06-02,Uruguay,Uruguay,Ángel Cabrera,P-35342,19,19,0,0,0,fjelstul
M-1962-09,WC-1962,1962,group stage,1962-06-02,Serbia,Serbia,Josip Skoblar,P-47998,25,25,0,1,0,fjelstul
M-1962-09,WC-1962,1962,group stage,1962-06-02,Serbia,Serbia,Milan Galić,P-05537,29,29,0,0,0,fjelstul
M-1962-09,WC-1962,1962,group stage,1962-06-02,Serbia,Serbia,Dražan Jerković,P-55024,49,49,0,0,0,fjelstul
M-1962-10,WC-1962,1962,group stage,1962-06-02,Chile,Chile,Jaime Ramírez,P-98252,73,73,0,0,0,fjelstul
M-1962-10,WC-1962,1962,group stage,1962-06-02,Chile,Chile,Jorge Toro,P-01618,87,87,0,0,0,fjelstul
M-1962-12,WC-1962,1962,group stage,1962-06-02,England,England,Ron Flowers,P-05132,17,17,0,1,0,fjelstul
M-1962-12,WC-1962,1962,group stage,1962-06-02,England,England,Bobby Charlton,P-08601,42,42,0,0,0,fjelstul
M-1962-12,WC-1962,1962,group stage,1962-06-02,England,England,Jimmy Greaves,P-75574,67,67,0,0,0,fjelstul
M-1962-12,WC-1962,1962,group stage,1962-06-02,Argentina,Argentina,José Sanfilippo,P-46624,81,81,0,0,0,fjelstul
M-1962-13,WC-1962,1962,group stage,1962-06-03,Russia,Russia,Valentin Ivanov,P-11702,8,8,0,0,0,fjelstul
M-1962-13,WC-1962,1962,group stage,1962-06-03,Russia,Russia,Igor Chislenko,P-38721,10,10,0,0,0,fjelstul
M-1962-13,WC-1962,1962,group stage,1962-06-03,Russia,Russia,Valentin Ivanov,P-11702,11,11,0,0,0,fjelstul
M-1962-13,WC-1962,1962,group stage,1962-06-03,Colombia,Colombia,Germán Aceros,P-17067,21,21,0,0,0,fjelstul
M-1962-13,WC-1962,1962,group stage,1962-06-03,Russia,Russia,Viktor Ponedelnik,P-05819,56,56,0,0,0,fjelstul
M-1962-13,WC-1962,1962,group stage,1962-06-03,Colombia,Colombia,Marcos Coll,P-32950,68,68,0,0,0,fjelstul
M-1962-13,WC-1962,1962,group stage,1962-06-03,Colombia,Colombia,Antonio Rada,P-31841,72,72,0,0,0,fjelstul
M-1962-13,WC-1962,1962,group stage,1962-06-03,Colombia,Colombia,Marino Klinger,P-07544,86,86,0,0,0,fjelstul
M-1962-14,WC-1962,1962,group stage,1962-06-03,Germany,Germany,Albert Brülls,P-12917,45,45,0,0,0,fjelstul
M-1962-14,WC-1962,1962,group stage,1962-06-03,Germany,Germany,Uwe Seeler,P-64138,59,59,0,0,0,fjelstul
M-1962-14,WC-1962,1962,group stage,1962-06-03,Switzerland,Switzerland,Heinz Schneiter,P-99095,73,73,0,0,0,fjelstul
M-1962-15,WC-1962,1962,group stage,1962-06-03,Spain,Spain,Joaquín Peiró,P-15268,90,90,0,0,0,fjelstul
M-1962-16,WC-1962,1962,group stage,1962-06-03,Hungary,Hungary,Flórián Albert,P-21188,1,1,0,0,0,fjelstul
M-1962-16,WC-1962,1962,group stage,1962-06-03,Hungary,Hungary,Flórián Albert,P-21188,6,6,0,0,0,fjelstul
M-1962-16,WC-1962,1962,group stage,1962-06-03,Hungary,Hungary,Lajos Tichy,P-82971,8,8,0,0,0,fjelstul
M-1962-16,WC-1962,1962,group stage,1962-06-03,Hungary,Hungary,Ernő Solymosi,P-01864,12,12,0,0,0,fjelstul
M-1962-16,WC-1962,1962,group stage,1962-06-03,Hungary,Hungary,Flórián Albert,P-21188,53,53,0,0,0,fjelstul
M-1962-16,WC-1962,1962,group stage,1962-06-03,Bulgaria,Bulgaria,Georgi Sokolov,P-14962,64,64,0,0,0,fjelstul
M-1962-16,WC-1962,1962,group stage,1962-06-03,Hungary,Hungary,Lajos Tichy,P-82971,70,70,0,0,0,fjelstul
M-1962-17,WC-1962,1962,group stage,1962-06-06,Russia,Russia,Aleksei Mamykin,P-03441,38,38,0,0,0,fjelstul
M-1962-17,WC-1962,1962,group stage,1962-06-06,Uruguay,Uruguay,José Sasía,P-15857,54,54,0,0,0,fjelstul
M-1962-17,WC-1962,1962,group stage,1962-06-06,Russia,Russia,Valentin Ivanov,P-11702,89,89,0,0,0,fjelstul
M-1962-18,WC-1962,1962,group stage,1962-06-06,Germany,Germany,Horst Szymaniak,P-55225,21,21,0,1,0,fjelstul
M-1962-18,WC-1962,1962,group stage,1962-06-06,Germany,Germany,Uwe Seeler,P-64138,82,82,0,0,0,fjelstul
M-1962-19,WC-1962,1962,group stage,1962-06-06,Spain,Spain,Adelardo,P-03894,35,35,0,0,0,fjelstul
M-1962-19,WC-1962,1962,group stage,1962-06-06,Brazil,Brazil,Amarildo,P-96621,72,72,0,0,0,fjelstul
M-1962-19,WC-1962,1962,group stage,1962-06-06,Brazil,Brazil,Amarildo,P-96621,86,86,0,0,0,fjelstul
M-1962-21,WC-1962,1962,group stage,1962-06-07,Serbia,Serbia,Milan Galić,P-05537,20,20,0,0,0,fjelstul
M-1962-21,WC-1962,1962,group stage,1962-06-07,Serbia,Serbia,Dražan Jerković,P-55024,25,25,0,0,0,fjelstul
M-1962-21,WC-1962,1962,group stage,1962-06-07,Serbia,Serbia,Milan Galić,P-05537,61,61,0,0,0,fjelstul
M-1962-21,WC-1962,1962,group stage,1962-06-07,Serbia,Serbia,Vojislav Melić,P-55272,82,82,0,0,0,fjelstul
M-1962-21,WC-1962,1962,group stage,1962-06-07,Serbia,Serbia,Dražan Jerković,P-55024,87,87,0,0,0,fjelstul
M-1962-22,WC-1962,1962,group stage,1962-06-07,Italy,Italy,Bruno Mora,P-14709,2,2,0,0,0,fjelstul
M-1962-22,WC-1962,1962,group stage,1962-06-07,Italy,Italy,Giacomo Bulgarelli,P-72738,65,65,0,0,0,fjelstul
M-1962-22,WC-1962,1962,group stage,1962-06-07,Italy,Italy,Giacomo Bulgarelli,P-72738,67,67,0,0,0,fjelstul
M-1962-23,WC-1962,1962,group stage,1962-06-07,Czech Republic,Czech Republic,Václav Mašek,P-88346,1,1,0,0,0,fjelstul
M-1962-23,WC-1962,1962,group stage,1962-06-07,Mexico,Mexico,Isidoro Díaz,P-05631,12,12,0,0,0,fjelstul
M-1962-23,WC-1962,1962,group stage,1962-06-07,Mexico,Mexico,Alfredo del Águila,P-32063,29,29,0,0,0,fjelstul
M-1962-23,WC-1962,1962,group stage,1962-06-07,Mexico,Mexico,Héctor Hernández,P-61576,90,90,0,1,0,fjelstul
M-1962-25,WC-1962,1962,quarter-finals,1962-06-10,Brazil,Brazil,Garrincha,P-46080,31,31,0,0,0,fjelstul
M-1962-25,WC-1962,1962,quarter-finals,1962-06-10,England,England,Gerry Hitchens,P-98541,38,38,0,0,0,fjelstul
M-1962-25,WC-1962,1962,quarter-finals,1962-06-10,Brazil,Brazil,Vavá,P-45310,53,53,0,0,0,fjelstul
M-1962-25,WC-1962,1962,quarter-finals,1962-06-10,Brazil,Brazil,Garrincha,P-46080,59,59,0,0,0,fjelstul
M-1962-26,WC-1962,1962,quarter-finals,1962-06-10,Chile,Chile,Leonel Sánchez,P-22224,11,11,0,0,0,fjelstul
M-1962-26,WC-1962,1962,quarter-finals,1962-06-10,Russia,Russia,Igor Chislenko,P-38721,26,26,0,0,0,fjelstul
M-1962-26,WC-1962,1962,quarter-finals,1962-06-10,Chile,Chile,Eladio Rojas,P-65214,29,29,0,0,0,fjelstul
M-1962-27,WC-1962,1962,quarter-finals,1962-06-10,Czech Republic,Czech Republic,Adolf Scherer,P-82183,13,13,0,0,0,fjelstul
M-1962-28,WC-1962,1962,quarter-finals,1962-06-10,Serbia,Serbia,Petar Radaković,P-67185,85,85,0,0,0,fjelstul
M-1962-29,WC-1962,1962,semi-finals,1962-06-13,Brazil,Brazil,Garrincha,P-46080,9,9,0,0,0,fjelstul
M-1962-29,WC-1962,1962,semi-finals,1962-06-13,Brazil,Brazil,Garrincha,P-46080,32,32,0,0,0,fjelstul
M-1962-29,WC-1962,1962,semi-finals,1962-06-13,Chile,Chile,Jorge Toro,P-01618,42,42,0,0,0,fjelstul
M-1962-29,WC-1962,1962,semi-finals,1962-06-13,Brazil,Brazil,Vavá,P-45310,47,47,0,0,0,fjelstul
M-1962-29,WC-1962,1962,semi-finals,1962-06-13,Chile,Chile,Leonel Sánchez,P-22224,61,61,0,1,0,fjelstul
M-1962-29,WC-1962,1962,semi-finals,1962-06-13,Brazil,Brazil,Vavá,P-45310,78,78,0,0,0,fjelstul
M-1962-30,WC-1962,1962,semi-finals,1962-06-13,Czech Republic,Czech Republic,Josef Kadraba,P-90033,48,48,0,0,0,fjelstul
M-1962-30,WC-1962,1962,semi-finals,1962-06-13,Serbia,Serbia,Dražan Jerković,P-55024,69,69,0,0,0,fjelstul
M-1962-30,WC-1962,1962,semi-finals,1962-06-13,Czech Republic,Czech Republic,Adolf Scherer,P-82183,80,80,0,0,0,fjelstul
M-1962-30,WC-1962,1962,semi-finals,1962-06-13,Czech Republic,Czech Republic,Adolf Scherer,P-82183,84,84,0,1,0,fjelstul
M-1962-31,WC-1962,1962,third-place match,1962-06-16,Chile,Chile,Eladio Rojas,P-65214,90,90,0,0,0,fjelstul
M-1962-32,WC-1962,1962,final,1962-06-17,Czech Republic,Czech Republic,Josef Masopust,P-37610,15,15,0,0,0,fjelstul
M-1962-32,WC-1962,1962,final,1962-06-17,Brazil,Brazil,Amarildo,P-96621,17,17,0,0,0,fjelstul
M-1962-32,WC-1962,1962,final,1962-06-17,Brazil,Brazil,Zito,P-82525,69,69,0,0,0,fjelstul
M-1962-32,WC-1962,1962,final,1962-06-17,Brazil,Brazil,Vavá,P-45310,78,78,0,0,0,fjelstul
M-1966-02,WC-1966,1966,group stage,1966-07-12,Germany,Germany,Sigfried Held,P-86276,16,16,0,0,0,fjelstul
M-1966-02,WC-1966,1966,group stage,1966-07-12,Germany,Germany,Helmut Haller,P-12272,21,21,0,0,0,fjelstul
M-1966-02,WC-1966,1966,group stage,1966-07-12,Germany,Germany,Franz Beckenbauer,P-72864,40,40,0,0,0,fjelstul
M-1966-02,WC-1966,1966,group stage,1966-07-12,Germany,Germany,Franz Beckenbauer,P-72864,52,52,0,0,0,fjelstul
M-1966-02,WC-1966,1966,group stage,1966-07-12,Germany,Germany,Helmut Haller,P-12272,77,77,0,1,0,fjelstul
M-1966-03,WC-1966,1966,group stage,1966-07-12,Brazil,Brazil,Pelé,P-38906,15,15,0,0,0,fjelstul
M-1966-03,WC-1966,1966,group stage,1966-07-12,Brazil,Brazil,Garrincha,P-46080,63,63,0,0,0,fjelstul
M-1966-04,WC-1966,1966,group stage,1966-07-12,Russia,Russia,Eduard Malofeyev,P-83456,31,31,0,0,0,fjelstul
M-1966-04,WC-1966,1966,group stage,1966-07-12,Russia,Russia,Anatoliy Banishevskiy,P-44798,33,33,0,0,0,fjelstul
M-1966-04,WC-1966,1966,group stage,1966-07-12,Russia,Russia,Eduard Malofeyev,P-83456,88,88,0,0,0,fjelstul
M-1966-05,WC-1966,1966,group stage,1966-07-13,Mexico,Mexico,Enrique Borja,P-55734,48,48,0,0,0,fjelstul
M-1966-05,WC-1966,1966,group stage,1966-07-13,France,France,Gérard Hausser,P-05248,62,62,0,0,0,fjelstul
M-1966-06,WC-1966,1966,group stage,1966-07-13,Argentina,Argentina,Luis Artime,P-47496,65,65,0,0,0,fjelstul
M-1966-06,WC-1966,1966,group stage,1966-07-13,Spain,Spain,Pirri,P-58423,71,71,0,0,0,fjelstul
M-1966-06,WC-1966,1966,group stage,1966-07-13,Argentina,Argentina,Luis Artime,P-47496,77,77,0,0,0,fjelstul
M-1966-07,WC-1966,1966,group stage,1966-07-13,Portugal,Portugal,José Augusto,P-67663,2,2,0,0,0,fjelstul
M-1966-07,WC-1966,1966,group stage,1966-07-13,Hungary,Hungary,Ferenc Bene,P-82516,60,60,0,0,0,fjelstul
M-1966-07,WC-1966,1966,group stage,1966-07-13,Portugal,Portugal,José Augusto,P-67663,67,67,0,0,0,fjelstul
M-1966-07,WC-1966,1966,group stage,1966-07-13,Portugal,Portugal,José Torres,P-68398,90,90,0,0,0,fjelstul
M-1966-08,WC-1966,1966,group stage,1966-07-13,Italy,Italy,Sandro Mazzola,P-91195,8,8,0,0,0,fjelstul
M-1966-08,WC-1966,1966,group stage,1966-07-13,Italy,Italy,Paolo Barison,P-01013,88,88,0,0,0,fjelstul
M-1966-09,WC-1966,1966,group stage,1966-07-15,France,France,Héctor De Bourgoing,P-39420,15,15,0,1,0,fjelstul
M-1966-09,WC-1966,1966,group stage,1966-07-15,Uruguay,Uruguay,Pedro Rocha,P-47892,26,26,0,0,0,fjelstul
M-1966-09,WC-1966,1966,group stage,1966-07-15,Uruguay,Uruguay,Julio César Cortés,P-82186,31,31,0,0,0,fjelstul
M-1966-10,WC-1966,1966,group stage,1966-07-15,Switzerland,Switzerland,René-Pierre Quentin,P-42555,31,31,0,0,0,fjelstul
M-1966-10,WC-1966,1966,group stage,1966-07-15,Spain,Spain,Manuel Sanchís,P-50021,57,57,0,0,0,fjelstul
M-1966-10,WC-1966,1966,group stage,1966-07-15,Spain,Spain,Amancio,P-80285,75,75,0,0,0,fjelstul
M-1966-11,WC-1966,1966,group stage,1966-07-15,Hungary,Hungary,Ferenc Bene,P-82516,2,2,0,0,0,fjelstul
M-1966-11,WC-1966,1966,group stage,1966-07-15,Brazil,Brazil,Tostão,P-53202,14,14,0,0,0,fjelstul
M-1966-11,WC-1966,1966,group stage,1966-07-15,Hungary,Hungary,János Farkas,P-74113,64,64,0,0,0,fjelstul
M-1966-11,WC-1966,1966,group stage,1966-07-15,Hungary,Hungary,Kálmán Mészöly,P-95637,73,73,0,1,0,fjelstul
M-1966-12,WC-1966,1966,group stage,1966-07-15,Chile,Chile,Rubén Marcos,P-83441,26,26,0,1,0,fjelstul
M-1966-12,WC-1966,1966,group stage,1966-07-15,North Korea,North Korea,Seung-zin Pak,P-87203,88,88,0,0,0,fjelstul
M-1966-14,WC-1966,1966,group stage,1966-07-16,Portugal,Bulgaria,Ivan Vutsov,P-07046,7,7,0,0,1,fjelstul
M-1966-14,WC-1966,1966,group stage,1966-07-16,Portugal,Portugal,Eusébio,P-74747,38,38,0,0,0,fjelstul
M-1966-14,WC-1966,1966,group stage,1966-07-16,Portugal,Portugal,José Torres,P-68398,81,81,0,0,0,fjelstul
M-1966-15,WC-1966,1966,group stage,1966-07-16,Russia,Russia,Igor Chislenko,P-38721,57,57,0,0,0,fjelstul
M-1966-16,WC-1966,1966,group stage,1966-07-16,England,England,Bobby Charlton,P-08601,37,37,0,0,0,fjelstul
M-1966-16,WC-1966,1966,group stage,1966-07-16,England,England,Roger Hunt,P-33839,75,75,0,0,0,fjelstul
M-1966-18,WC-1966,1966,group stage,1966-07-19,Argentina,Argentina,Luis Artime,P-47496,52,52,0,0,0,fjelstul
M-1966-18,WC-1966,1966,group stage,1966-07-19,Argentina,Argentina,Ermindo Onega,P-20306,79,79,0,0,0,fjelstul
M-1966-19,WC-1966,1966,group stage,1966-07-19,Portugal,Portugal,António Simões,P-60225,15,15,0,0,0,fjelstul
M-1966-19,WC-1966,1966,group stage,1966-07-19,Portugal,Portugal,Eusébio,P-74747,27,27,0,0,0,fjelstul
M-1966-19,WC-1966,1966,group stage,1966-07-19,Brazil,Brazil,Rildo,P-84905,73,73,0,0,0,fjelstul
M-1966-19,WC-1966,1966,group stage,1966-07-19,Portugal,Portugal,Eusébio,P-74747,85,85,0,0,0,fjelstul
M-1966-20,WC-1966,1966,group stage,1966-07-19,North Korea,North Korea,Doo-ik Pak,P-64788,42,42,0,0,0,fjelstul
M-1966-21,WC-1966,1966,group stage,1966-07-20,England,England,Roger Hunt,P-33839,38,38,0,0,0,fjelstul
M-1966-21,WC-1966,1966,group stage,1966-07-20,England,England,Roger Hunt,P-33839,75,75,0,0,0,fjelstul
M-1966-22,WC-1966,1966,group stage,1966-07-20,Spain,Spain,Josep Maria Fusté,P-53638,23,23,0,0,0,fjelstul
M-1966-22,WC-1966,1966,group stage,1966-07-20,Germany,Germany,Lothar Emmerich,P-32446,39,39,0,0,0,fjelstul
M-1966-22,WC-1966,1966,group stage,1966-07-20,Germany,Germany,Uwe Seeler,P-64138,84,84,0,0,0,fjelstul
M-1966-23,WC-1966,1966,group stage,1966-07-20,Bulgaria,Bulgaria,Georgi Asparuhov,P-72803,15,15,0,0,0,fjelstul
M-1966-23,WC-1966,1966,group stage,1966-07-20,Hungary,Bulgaria,Ivan Davidov,P-92893,43,43,0,0,1,fjelstul
M-1966-23,WC-1966,1966,group stage,1966-07-20,Hungary,Hungary,Kálmán Mészöly,P-95637,45,45,0,0,0,fjelstul
M-1966-23,WC-1966,1966,group stage,1966-07-20,Hungary,Hungary,Ferenc Bene,P-82516,54,54,0,0,0,fjelstul
M-1966-24,WC-1966,1966,group stage,1966-07-20,Russia,Russia,Valeriy Porkujan,P-53800,28,28,0,0,0,fjelstul
M-1966-24,WC-1966,1966,group stage,1966-07-20,Chile,Chile,Rubén Marcos,P-83441,32,32,0,0,0,fjelstul
M-1966-24,WC-1966,1966,group stage,1966-07-20,Russia,Russia,Valeriy Porkujan,P-53800,85,85,0,0,0,fjelstul
M-1966-25,WC-1966,1966,quarter-finals,1966-07-23,England,England,Geoff Hurst,P-34802,78,78,0,0,0,fjelstul
M-1966-26,WC-1966,1966,quarter-finals,1966-07-23,North Korea,North Korea,Seung-zin Pak,P-87203,1,1,0,0,0,fjelstul
M-1966-26,WC-1966,1966,quarter-finals,1966-07-23,North Korea,North Korea,Dong-woon Li,P-45281,22,22,0,0,0,fjelstul
M-1966-26,WC-1966,1966,quarter-finals,1966-07-23,North Korea,North Korea,Seung-kook Yang,P-59059,25,25,0,0,0,fjelstul
M-1966-26,WC-1966,1966,quarter-finals,1966-07-23,Portugal,Portugal,Eusébio,P-74747,27,27,0,0,0,fjelstul
M-1966-26,WC-1966,1966,quarter-finals,1966-07-23,Portugal,Portugal,Eusébio,P-74747,43,43,0,1,0,fjelstul
M-1966-26,WC-1966,1966,quarter-finals,1966-07-23,Portugal,Portugal,Eusébio,P-74747,56,56,0,0,0,fjelstul
M-1966-26,WC-1966,1966,quarter-finals,1966-07-23,Portugal,Portugal,Eusébio,P-74747,59,59,0,1,0,fjelstul
M-1966-26,WC-1966,1966,quarter-finals,1966-07-23,Portugal,Portugal,José Augusto,P-67663,80,80,0,0,0,fjelstul
M-1966-27,WC-1966,1966,quarter-finals,1966-07-23,Russia,Russia,Igor Chislenko,P-38721,5,5,0,0,0,fjelstul
M-1966-27,WC-1966,1966,quarter-finals,1966-07-23,Russia,Russia,Valeriy Porkujan,P-53800,46,46,0,0,0,fjelstul
M-1966-27,WC-1966,1966,quarter-finals,1966-07-23,Hungary,Hungary,Ferenc Bene,P-82516,57,57,0,0,0,fjelstul
M-1966-28,WC-1966,1966,quarter-finals,1966-07-23,Germany,Germany,Helmut Haller,P-12272,11,11,0,0,0,fjelstul
M-1966-28,WC-1966,1966,quarter-finals,1966-07-23,Germany,Germany,Franz Beckenbauer,P-72864,70,70,0,0,0,fjelstul
M-1966-28,WC-1966,1966,quarter-finals,1966-07-23,Germany,Germany,Uwe Seeler,P-64138,75,75,0,0,0,fjelstul
M-1966-28,WC-1966,1966,quarter-finals,1966-07-23,Germany,Germany,Helmut Haller,P-12272,83,83,0,0,0,fjelstul
M-1966-29,WC-1966,1966,semi-finals,1966-07-25,Germany,Germany,Helmut Haller,P-12272,43,43,0,0,0,fjelstul
M-1966-29,WC-1966,1966,semi-finals,1966-07-25,Germany,Germany,Franz Beckenbauer,P-72864,67,67,0,0,0,fjelstul
M-1966-29,WC-1966,1966,semi-finals,1966-07-25,Russia,Russia,Valeriy Porkujan,P-53800,88,88,0,0,0,fjelstul
M-1966-30,WC-1966,1966,semi-finals,1966-07-26,England,England,Bobby Charlton,P-08601,30,30,0,0,0,fjelstul
M-1966-30,WC-1966,1966,semi-finals,1966-07-26,England,England,Bobby Charlton,P-08601,80,80,0,0,0,fjelstul
M-1966-30,WC-1966,1966,semi-finals,1966-07-26,Portugal,Portugal,Eusébio,P-74747,82,82,0,1,0,fjelstul
M-1966-31,WC-1966,1966,third-place match,1966-07-28,Portugal,Portugal,Eusébio,P-74747,12,12,0,1,0,fjelstul
M-1966-31,WC-1966,1966,third-place match,1966-07-28,Russia,Russia,Eduard Malofeyev,P-83456,43,43,0,0,0,fjelstul
M-1966-31,WC-1966,1966,third-place match,1966-07-28,Portugal,Portugal,José Torres,P-68398,89,89,0,0,0,fjelstul
M-1966-32,WC-1966,1966,final,1966-07-30,Germany,Germany,Helmut Haller,P-12272,12,12,0,0,0,fjelstul
M-1966-32,WC-1966,1966,final,1966-07-30,England,England,Geoff Hurst,P-34802,18,18,0,0,0,fjelstul
M-1966-32,WC-1966,1966,final,1966-07-30,England,England,Martin Peters,P-34233,78,78,0,0,0,fjelstul
M-1966-32,WC-1966,1966,final,1966-07-30,Germany,Germany,Wolfgang Weber,P-11099,89,89,0,0,0,fjelstul
M-1966-32,WC-1966,1966,final,1966-07-30,England,England,Geoff Hurst,P-34802,101,101,0,0,0,fjelstul
M-1966-32,WC-1966,1966,final,1966-07-30,England,England,Geoff Hurst,P-34802,120,120,0,0,0,fjelstul
M-1970-02,WC-1970,1970,group stage,1970-06-02,Uruguay,Uruguay,Ildo Maneiro,P-40429,23,23,0,0,0,fjelstul
M-1970-02,WC-1970,1970,group stage,1970-06-02,Uruguay,Uruguay,Juan Mujica,P-50162,50,50,0,0,0,fjelstul
M-1970-03,WC-1970,1970,group stage,1970-06-02,England,England,Geoff Hurst,P-34802,65,65,0,0,0,fjelstul
M-1970-04,WC-1970,1970,group stage,1970-06-02,Bulgaria,Bulgaria,Dinko Dermendzhiev,P-06520,13,13,0,0,0,fjelstul
M-1970-04,WC-1970,1970,group stage,1970-06-02,Bulgaria,Bulgaria,Hristo Bonev,P-63835,49,49,0,0,0,fjelstul
M-1970-04,WC-1970,1970,group stage,1970-06-02,Peru,Peru,Alberto Gallardo,P-03607,50,50,0,0,0,fjelstul
M-1970-04,WC-1970,1970,group stage,1970-06-02,Peru,Peru,Héctor Chumpitaz,P-76522,55,55,0,0,0,fjelstul
M-1970-04,WC-1970,1970,group stage,1970-06-02,Peru,Peru,Teófilo Cubillas,P-96979,73,73,0,0,0,fjelstul
M-1970-05,WC-1970,1970,group stage,1970-06-03,Belgium,Belgium,Wilfried Van Moer,P-47829,12,12,0,0,0,fjelstul
M-1970-05,WC-1970,1970,group stage,1970-06-03,Belgium,Belgium,Wilfried Van Moer,P-47829,54,54,0,0,0,fjelstul
M-1970-05,WC-1970,1970,group stage,1970-06-03,Belgium,Belgium,Raoul Lambert,P-59854,76,76,0,1,0,fjelstul
M-1970-06,WC-1970,1970,group stage,1970-06-03,Italy,Italy,Angelo Domenghini,P-67671,10,10,0,0,0,fjelstul
M-1970-07,WC-1970,1970,group stage,1970-06-03,Czech Republic,Czech Republic,Ladislav Petráš,P-61272,11,11,0,0,0,fjelstul
M-1970-07,WC-1970,1970,group stage,1970-06-03,Brazil,Brazil,Rivellino,P-85778,24,24,0,0,0,fjelstul
M-1970-07,WC-1970,1970,group stage,1970-06-03,Brazil,Brazil,Pelé,P-38906,59,59,0,0,0,fjelstul
M-1970-07,WC-1970,1970,group stage,1970-06-03,Brazil,Brazil,Jairzinho,P-77430,61,61,0,0,0,fjelstul
M-1970-07,WC-1970,1970,group stage,1970-06-03,Brazil,Brazil,Jairzinho,P-77430,83,83,0,0,0,fjelstul
M-1970-08,WC-1970,1970,group stage,1970-06-03,Morocco,Morocco,Houmane Jarir,P-69368,21,21,0,0,0,fjelstul
M-1970-08,WC-1970,1970,group stage,1970-06-03,Germany,Germany,Uwe Seeler,P-64138,56,56,0,0,0,fjelstul
M-1970-08,WC-1970,1970,group stage,1970-06-03,Germany,Germany,Gerd Müller,P-72441,80,80,0,0,0,fjelstul
M-1970-09,WC-1970,1970,group stage,1970-06-06,Russia,Russia,Anatoliy Byshovets,P-02102,14,14,0,0,0,fjelstul
M-1970-09,WC-1970,1970,group stage,1970-06-06,Russia,Russia,Kakhi Asatiani,P-33189,57,57,0,0,0,fjelstul
M-1970-09,WC-1970,1970,group stage,1970-06-06,Russia,Russia,Anatoliy Byshovets,P-02102,63,63,0,0,0,fjelstul
M-1970-09,WC-1970,1970,group stage,1970-06-06,Russia,Russia,Vitaly Khmelnitsky,P-98262,76,76,0,0,0,fjelstul
M-1970-09,WC-1970,1970,group stage,1970-06-06,Belgium,Belgium,Raoul Lambert,P-59854,86,86,0,0,0,fjelstul
M-1970-11,WC-1970,1970,group stage,1970-06-06,Czech Republic,Czech Republic,Ladislav Petráš,P-61272,5,5,0,0,0,fjelstul
M-1970-11,WC-1970,1970,group stage,1970-06-06,Romania,Romania,Alexandru Neagu,P-50489,52,52,0,0,0,fjelstul
M-1970-11,WC-1970,1970,group stage,1970-06-06,Romania,Romania,Florea Dumitrache,P-51434,75,75,0,1,0,fjelstul
M-1970-12,WC-1970,1970,group stage,1970-06-06,Peru,Peru,Teófilo Cubillas,P-96979,65,65,0,0,0,fjelstul
M-1970-12,WC-1970,1970,group stage,1970-06-06,Peru,Peru,Roberto Challe,P-19550,67,67,0,0,0,fjelstul
M-1970-12,WC-1970,1970,group stage,1970-06-06,Peru,Peru,Teófilo Cubillas,P-96979,75,75,0,0,0,fjelstul
M-1970-13,WC-1970,1970,group stage,1970-06-07,Mexico,Mexico,Javier Valdivia,P-07812,45,45,0,0,0,fjelstul
M-1970-13,WC-1970,1970,group stage,1970-06-07,Mexico,Mexico,Javier Valdivia,P-07812,46,46,0,0,0,fjelstul
M-1970-13,WC-1970,1970,group stage,1970-06-07,Mexico,Mexico,Javier Fragoso,P-48001,58,58,0,0,0,fjelstul
M-1970-13,WC-1970,1970,group stage,1970-06-07,Mexico,Mexico,Juan Ignacio Basaguren,P-64207,83,83,0,0,0,fjelstul
M-1970-14,WC-1970,1970,group stage,1970-06-07,Sweden,Sweden,Tom Turesson,P-00746,53,53,0,0,0,fjelstul
M-1970-14,WC-1970,1970,group stage,1970-06-07,Israel,Israel,Mordechai Spiegler,P-77834,56,56,0,0,0,fjelstul
M-1970-15,WC-1970,1970,group stage,1970-06-07,Brazil,Brazil,Jairzinho,P-77430,59,59,0,0,0,fjelstul
M-1970-16,WC-1970,1970,group stage,1970-06-07,Bulgaria,Bulgaria,Asparuh Nikodimov,P-45469,12,12,0,0,0,fjelstul
M-1970-16,WC-1970,1970,group stage,1970-06-07,Germany,Germany,Reinhard Libuda,P-62529,20,20,0,0,0,fjelstul
M-1970-16,WC-1970,1970,group stage,1970-06-07,Germany,Germany,Gerd Müller,P-72441,27,27,0,0,0,fjelstul
M-1970-16,WC-1970,1970,group stage,1970-06-07,Germany,Germany,Gerd Müller,P-72441,52,52,0,1,0,fjelstul
M-1970-16,WC-1970,1970,group stage,1970-06-07,Germany,Germany,Uwe Seeler,P-64138,67,67,0,0,0,fjelstul
M-1970-16,WC-1970,1970,group stage,1970-06-07,Germany,Germany,Gerd Müller,P-72441,88,88,0,0,0,fjelstul
M-1970-16,WC-1970,1970,group stage,1970-06-07,Bulgaria,Bulgaria,Todor Kolev,P-15241,89,89,0,0,0,fjelstul
M-1970-17,WC-1970,1970,group stage,1970-06-10,Russia,Russia,Anatoliy Byshovets,P-02102,51,51,0,0,0,fjelstul
M-1970-17,WC-1970,1970,group stage,1970-06-10,Russia,Russia,Anatoliy Byshovets,P-02102,74,74,0,0,0,fjelstul
M-1970-18,WC-1970,1970,group stage,1970-06-10,Sweden,Sweden,Ove Grahn,P-37575,90,90,0,0,0,fjelstul
M-1970-19,WC-1970,1970,group stage,1970-06-10,Brazil,Brazil,Pelé,P-38906,19,19,0,0,0,fjelstul
M-1970-19,WC-1970,1970,group stage,1970-06-10,Brazil,Brazil,Jairzinho,P-77430,22,22,0,0,0,fjelstul
M-1970-19,WC-1970,1970,group stage,1970-06-10,Romania,Romania,Florea Dumitrache,P-51434,34,34,0,0,0,fjelstul
M-1970-19,WC-1970,1970,group stage,1970-06-10,Brazil,Brazil,Pelé,P-38906,67,67,0,0,0,fjelstul
M-1970-19,WC-1970,1970,group stage,1970-06-10,Romania,Romania,Emerich Dembrovschi,P-02403,84,84,0,0,0,fjelstul
M-1970-20,WC-1970,1970,group stage,1970-06-10,Germany,Germany,Gerd Müller,P-72441,19,19,0,0,0,fjelstul
M-1970-20,WC-1970,1970,group stage,1970-06-10,Germany,Germany,Gerd Müller,P-72441,26,26,0,0,0,fjelstul
M-1970-20,WC-1970,1970,group stage,1970-06-10,Germany,Germany,Gerd Müller,P-72441,39,39,0,0,0,fjelstul
M-1970-20,WC-1970,1970,group stage,1970-06-10,Peru,Peru,Teófilo Cubillas,P-96979,44,44,0,0,0,fjelstul
M-1970-21,WC-1970,1970,group stage,1970-06-11,Mexico,Mexico,Gustavo Peña,P-64553,14,14,0,1,0,fjelstul
M-1970-23,WC-1970,1970,group stage,1970-06-11,England,England,Allan Clarke,P-52978,50,50,0,1,0,fjelstul
M-1970-24,WC-1970,1970,group stage,1970-06-11,Bulgaria,Bulgaria,Dobromir Zhechev,P-01172,40,40,0,0,0,fjelstul
M-1970-24,WC-1970,1970,group stage,1970-06-11,Morocco,Morocco,Maouhoub Ghazouani,P-85379,61,61,0,0,0,fjelstul
M-1970-25,WC-1970,1970,quarter-finals,1970-06-14,Brazil,Brazil,Rivellino,P-85778,11,11,0,0,0,fjelstul
M-1970-25,WC-1970,1970,quarter-finals,1970-06-14,Brazil,Brazil,Tostão,P-53202,15,15,0,0,0,fjelstul
M-1970-25,WC-1970,1970,quarter-finals,1970-06-14,Peru,Peru,Alberto Gallardo,P-03607,28,28,0,0,0,fjelstul
M-1970-25,WC-1970,1970,quarter-finals,1970-06-14,Brazil,Brazil,Tostão,P-53202,52,52,0,0,0,fjelstul
M-1970-25,WC-1970,1970,quarter-finals,1970-06-14,Peru,Peru,Teófilo Cubillas,P-96979,70,70,0,0,0,fjelstul
M-1970-25,WC-1970,1970,quarter-finals,1970-06-14,Brazil,Brazil,Jairzinho,P-77430,75,75,0,0,0,fjelstul
M-1970-26,WC-1970,1970,quarter-finals,1970-06-14,Mexico,Mexico,José Luis González,P-13602,13,13,0,0,0,fjelstul
M-1970-26,WC-1970,1970,quarter-finals,1970-06-14,Italy,Mexico,Javier Guzmán,P-38555,25,25,0,0,1,fjelstul
M-1970-26,WC-1970,1970,quarter-finals,1970-06-14,Italy,Italy,Gigi Riva,P-00119,63,63,0,0,0,fjelstul
M-1970-26,WC-1970,1970,quarter-finals,1970-06-14,Italy,Italy,Gianni Rivera,P-62214,70,70,0,0,0,fjelstul
M-1970-26,WC-1970,1970,quarter-finals,1970-06-14,Italy,Italy,Gigi Riva,P-00119,76,76,0,0,0,fjelstul
M-1970-27,WC-1970,1970,quarter-finals,1970-06-14,Uruguay,Uruguay,Víctor Espárrago,P-99710,117,117,0,0,0,fjelstul
M-1970-28,WC-1970,1970,quarter-finals,1970-06-14,England,England,Alan Mullery,P-62668,31,31,0,0,0,fjelstul
M-1970-28,WC-1970,1970,quarter-finals,1970-06-14,England,England,Martin Peters,P-34233,49,49,0,0,0,fjelstul
M-1970-28,WC-1970,1970,quarter-finals,1970-06-14,Germany,Germany,Franz Beckenbauer,P-72864,68,68,0,0,0,fjelstul
M-1970-28,WC-1970,1970,quarter-finals,1970-06-14,Germany,Germany,Uwe Seeler,P-64138,82,82,0,0,0,fjelstul
M-1970-28,WC-1970,1970,quarter-finals,1970-06-14,Germany,Germany,Gerd Müller,P-72441,108,108,0,0,0,fjelstul
M-1970-29,WC-1970,1970,semi-finals,1970-06-17,Uruguay,Uruguay,Luis Cubilla,P-81929,19,19,0,0,0,fjelstul
M-1970-29,WC-1970,1970,semi-finals,1970-06-17,Brazil,Brazil,Clodoaldo,P-14923,44,44,0,0,0,fjelstul
M-1970-29,WC-1970,1970,semi-finals,1970-06-17,Brazil,Brazil,Jairzinho,P-77430,76,76,0,0,0,fjelstul
M-1970-29,WC-1970,1970,semi-finals,1970-06-17,Brazil,Brazil,Rivellino,P-85778,89,89,0,0,0,fjelstul
M-1970-30,WC-1970,1970,semi-finals,1970-06-17,Italy,Italy,Roberto Boninsegna,P-92154,8,8,0,0,0,fjelstul
M-1970-30,WC-1970,1970,semi-finals,1970-06-17,Germany,Germany,Karl-Heinz Schnellinger,P-93072,90,90,0,0,0,fjelstul
M-1970-30,WC-1970,1970,semi-finals,1970-06-17,Germany,Germany,Gerd Müller,P-72441,94,94,0,0,0,fjelstul
M-1970-30,WC-1970,1970,semi-finals,1970-06-17,Italy,Italy,Tarcisio Burgnich,P-42540,98,98,0,0,0,fjelstul
M-1970-30,WC-1970,1970,semi-finals,1970-06-17,Italy,Italy,Gigi Riva,P-00119,104,104,0,0,0,fjelstul
M-1970-30,WC-1970,1970,semi-finals,1970-06-17,Germany,Germany,Gerd Müller,P-72441,110,110,0,0,0,fjelstul
M-1970-30,WC-1970,1970,semi-finals,1970-06-17,Italy,Italy,Gianni Rivera,P-62214,111,111,0,0,0,fjelstul
M-1970-31,WC-1970,1970,third-place match,1970-06-20,Germany,Germany,Wolfgang Overath,P-60896,26,26,0,0,0,fjelstul
M-1970-32,WC-1970,1970,final,1970-06-21,Brazil,Brazil,Pelé,P-38906,18,18,0,0,0,fjelstul
M-1970-32,WC-1970,1970,final,1970-06-21,Italy,Italy,Roberto Boninsegna,P-92154,37,37,0,0,0,fjelstul
M-1970-32,WC-1970,1970,final,1970-06-21,Brazil,Brazil,Gérson,P-04354,66,66,0,0,0,fjelstul
M-1970-32,WC-1970,1970,final,1970-06-21,Brazil,Brazil,Jairzinho,P-77430,71,71,0,0,0,fjelstul
M-1970-32,WC-1970,1970,final,1970-06-21,Brazil,Brazil,Carlos Alberto,P-25829,86,86,0,0,0,fjelstul
M-1974-02,WC-1974,1974,group stage,1974-06-14,Germany,Germany,Paul Breitner,P-48686,18,18,0,0,0,fjelstul
M-1974-03,WC-1974,1974,group stage,1974-06-14,Germany,Australia,Colin Curran,P-39161,58,58,0,0,1,fjelstul
M-1974-03,WC-1974,1974,group stage,1974-06-14,Germany,Germany,Joachim Streich,P-91963,72,72,0,0,0,fjelstul
M-1974-04,WC-1974,1974,group stage,1974-06-14,Scotland,Scotland,Peter Lorimer,P-21810,26,26,0,0,0,fjelstul
M-1974-04,WC-1974,1974,group stage,1974-06-14,Scotland,Scotland,Joe Jordan,P-22480,34,34,0,0,0,fjelstul
M-1974-06,WC-1974,1974,group stage,1974-06-15,Netherlands,Netherlands,Johnny Rep,P-89554,7,7,0,0,0,fjelstul
M-1974-06,WC-1974,1974,group stage,1974-06-15,Netherlands,Netherlands,Johnny Rep,P-89554,86,86,0,0,0,fjelstul
M-1974-07,WC-1974,1974,group stage,1974-06-15,Haiti,Haiti,Emmanuel Sanon,P-32958,46,46,0,0,0,fjelstul
M-1974-07,WC-1974,1974,group stage,1974-06-15,Italy,Italy,Gianni Rivera,P-62214,52,52,0,0,0,fjelstul
M-1974-07,WC-1974,1974,group stage,1974-06-15,Italy,Italy,Romeo Benetti,P-12030,66,66,0,0,0,fjelstul
M-1974-07,WC-1974,1974,group stage,1974-06-15,Italy,Italy,Pietro Anastasi,P-32265,79,79,0,0,0,fjelstul
M-1974-08,WC-1974,1974,group stage,1974-06-15,Poland,Poland,Grzegorz Lato,P-21597,7,7,0,0,0,fjelstul
M-1974-08,WC-1974,1974,group stage,1974-06-15,Poland,Poland,Andrzej Szarmach,P-92867,8,8,0,0,0,fjelstul
M-1974-08,WC-1974,1974,group stage,1974-06-15,Argentina,Argentina,Ramón Heredia,P-82218,60,60,0,0,0,fjelstul
M-1974-08,WC-1974,1974,group stage,1974-06-15,Poland,Poland,Grzegorz Lato,P-21597,62,62,0,0,0,fjelstul
M-1974-08,WC-1974,1974,group stage,1974-06-15,Argentina,Argentina,Carlos Babington,P-33365,66,66,0,0,0,fjelstul
M-1974-09,WC-1974,1974,group stage,1974-06-18,Germany,Germany,Wolfgang Overath,P-60896,12,12,0,0,0,fjelstul
M-1974-09,WC-1974,1974,group stage,1974-06-18,Germany,Germany,Bernhard Cullmann,P-44313,34,34,0,0,0,fjelstul
M-1974-09,WC-1974,1974,group stage,1974-06-18,Germany,Germany,Gerd Müller,P-72441,53,53,0,0,0,fjelstul
M-1974-10,WC-1974,1974,group stage,1974-06-18,Germany,Germany,Martin Hoffmann,P-57624,55,55,0,0,0,fjelstul
M-1974-10,WC-1974,1974,group stage,1974-06-18,Chile,Chile,Sergio Ahumada,P-34039,69,69,0,0,0,fjelstul
M-1974-12,WC-1974,1974,group stage,1974-06-18,Serbia,Serbia,Dušan Bajević,P-74389,8,8,0,0,0,fjelstul
M-1974-12,WC-1974,1974,group stage,1974-06-18,Serbia,Serbia,Dragan Džajić,P-88088,14,14,0,0,0,fjelstul
M-1974-12,WC-1974,1974,group stage,1974-06-18,Serbia,Serbia,Ivica Šurjak,P-28747,18,18,0,0,0,fjelstul
M-1974-12,WC-1974,1974,group stage,1974-06-18,Serbia,Serbia,Josip Katalinski,P-20553,22,22,0,0,0,fjelstul
M-1974-12,WC-1974,1974,group stage,1974-06-18,Serbia,Serbia,Dušan Bajević,P-74389,30,30,0,0,0,fjelstul
M-1974-12,WC-1974,1974,group stage,1974-06-18,Serbia,Serbia,Vladislav Bogićević,P-29556,35,35,0,0,0,fjelstul
M-1974-12,WC-1974,1974,group stage,1974-06-18,Serbia,Serbia,Branko Oblak,P-26214,61,61,0,0,0,fjelstul
M-1974-12,WC-1974,1974,group stage,1974-06-18,Serbia,Serbia,Ilija Petković,P-46434,65,65,0,0,0,fjelstul
M-1974-12,WC-1974,1974,group stage,1974-06-18,Serbia,Serbia,Dušan Bajević,P-74389,81,81,0,0,0,fjelstul
M-1974-13,WC-1974,1974,group stage,1974-06-19,Bulgaria,Bulgaria,Hristo Bonev,P-63835,75,75,0,0,0,fjelstul
M-1974-13,WC-1974,1974,group stage,1974-06-19,Uruguay,Uruguay,Ricardo Pavoni,P-46047,87,87,0,0,0,fjelstul
M-1974-15,WC-1974,1974,group stage,1974-06-19,Argentina,Argentina,René Houseman,P-04739,20,20,0,0,0,fjelstul
M-1974-15,WC-1974,1974,group stage,1974-06-19,Italy,Argentina,Roberto Perfumo,P-94783,35,35,0,0,1,fjelstul
M-1974-16,WC-1974,1974,group stage,1974-06-19,Poland,Poland,Grzegorz Lato,P-21597,17,17,0,0,0,fjelstul
M-1974-16,WC-1974,1974,group stage,1974-06-19,Poland,Poland,Kazimierz Deyna,P-29548,18,18,0,0,0,fjelstul
M-1974-16,WC-1974,1974,group stage,1974-06-19,Poland,Poland,Andrzej Szarmach,P-92867,30,30,0,0,0,fjelstul
M-1974-16,WC-1974,1974,group stage,1974-06-19,Poland,Poland,Jerzy Gorgoń,P-95634,31,31,0,0,0,fjelstul
M-1974-16,WC-1974,1974,group stage,1974-06-19,Poland,Poland,Andrzej Szarmach,P-92867,34,34,0,0,0,fjelstul
M-1974-16,WC-1974,1974,group stage,1974-06-19,Poland,Poland,Andrzej Szarmach,P-92867,50,50,0,0,0,fjelstul
M-1974-16,WC-1974,1974,group stage,1974-06-19,Poland,Poland,Grzegorz Lato,P-21597,87,87,0,0,0,fjelstul
M-1974-18,WC-1974,1974,group stage,1974-06-22,Serbia,Serbia,Stanislav Karasi,P-80725,81,81,0,0,0,fjelstul
M-1974-18,WC-1974,1974,group stage,1974-06-22,Scotland,Scotland,Joe Jordan,P-22480,88,88,0,0,0,fjelstul
M-1974-19,WC-1974,1974,group stage,1974-06-22,Brazil,Brazil,Jairzinho,P-77430,12,12,0,0,0,fjelstul
M-1974-19,WC-1974,1974,group stage,1974-06-22,Brazil,Brazil,Rivellino,P-85778,66,66,0,0,0,fjelstul
M-1974-19,WC-1974,1974,group stage,1974-06-22,Brazil,Brazil,Valdomiro,P-89117,79,79,0,0,0,fjelstul
M-1974-20,WC-1974,1974,group stage,1974-06-22,Germany,Germany,Jürgen Sparwasser,P-27040,77,77,0,0,0,fjelstul
M-1974-21,WC-1974,1974,group stage,1974-06-23,Netherlands,Netherlands,Johan Neeskens,P-16991,5,5,0,1,0,fjelstul
M-1974-21,WC-1974,1974,group stage,1974-06-23,Netherlands,Netherlands,Johan Neeskens,P-16991,44,44,0,1,0,fjelstul
M-1974-21,WC-1974,1974,group stage,1974-06-23,Netherlands,Netherlands,Johnny Rep,P-89554,71,71,0,0,0,fjelstul
M-1974-21,WC-1974,1974,group stage,1974-06-23,Bulgaria,Netherlands,Ruud Krol,P-31830,78,78,0,0,1,fjelstul
M-1974-21,WC-1974,1974,group stage,1974-06-23,Netherlands,Netherlands,Theo de Jong,P-43188,88,88,0,0,0,fjelstul
M-1974-22,WC-1974,1974,group stage,1974-06-23,Sweden,Sweden,Ralf Edström,P-39318,46,46,0,0,0,fjelstul
M-1974-22,WC-1974,1974,group stage,1974-06-23,Sweden,Sweden,Roland Sandberg,P-94413,74,74,0,0,0,fjelstul
M-1974-22,WC-1974,1974,group stage,1974-06-23,Sweden,Sweden,Ralf Edström,P-39318,77,77,0,0,0,fjelstul
M-1974-23,WC-1974,1974,group stage,1974-06-23,Argentina,Argentina,Héctor Yazalde,P-82033,15,15,0,0,0,fjelstul
M-1974-23,WC-1974,1974,group stage,1974-06-23,Argentina,Argentina,René Houseman,P-04739,18,18,0,0,0,fjelstul
M-1974-23,WC-1974,1974,group stage,1974-06-23,Argentina,Argentina,Rubén Ayala,P-30957,55,55,0,0,0,fjelstul
M-1974-23,WC-1974,1974,group stage,1974-06-23,Haiti,Haiti,Emmanuel Sanon,P-32958,63,63,0,0,0,fjelstul
M-1974-23,WC-1974,1974,group stage,1974-06-23,Argentina,Argentina,Héctor Yazalde,P-82033,68,68,0,0,0,fjelstul
M-1974-24,WC-1974,1974,group stage,1974-06-23,Poland,Poland,Andrzej Szarmach,P-92867,38,38,0,0,0,fjelstul
M-1974-24,WC-1974,1974,group stage,1974-06-23,Poland,Poland,Kazimierz Deyna,P-29548,44,44,0,0,0,fjelstul
M-1974-24,WC-1974,1974,group stage,1974-06-23,Italy,Italy,Fabio Capello,P-93703,85,85,0,0,0,fjelstul
M-1974-25,WC-1974,1974,second group stage,1974-06-26,Germany,Germany,Paul Breitner,P-48686,39,39,0,0,0,fjelstul
M-1974-25,WC-1974,1974,second group stage,1974-06-26,Germany,Germany,Gerd Müller,P-72441,82,82,0,0,0,fjelstul
M-1974-26,WC-1974,1974,second group stage,1974-06-26,Brazil,Brazil,Rivellino,P-85778,60,60,0,0,0,fjelstul
M-1974-27,WC-1974,1974,second group stage,1974-06-26,Netherlands,Netherlands,Johan Cruyff,P-50564,11,11,0,0,0,fjelstul
M-1974-27,WC-1974,1974,second group stage,1974-06-26,Netherlands,Netherlands,Ruud Krol,P-31830,25,25,0,0,0,fjelstul
M-1974-27,WC-1974,1974,second group stage,1974-06-26,Netherlands,Netherlands,Johnny Rep,P-89554,73,73,0,0,0,fjelstul
M-1974-27,WC-1974,1974,second group stage,1974-06-26,Netherlands,Netherlands,Johan Cruyff,P-50564,90,90,0,0,0,fjelstul
M-1974-28,WC-1974,1974,second group stage,1974-06-26,Poland,Poland,Grzegorz Lato,P-21597,43,43,0,0,0,fjelstul
M-1974-29,WC-1974,1974,second group stage,1974-06-30,Brazil,Brazil,Rivellino,P-85778,32,32,0,0,0,fjelstul
M-1974-29,WC-1974,1974,second group stage,1974-06-30,Argentina,Argentina,Miguel Ángel Brindisi,P-79103,35,35,0,0,0,fjelstul
M-1974-29,WC-1974,1974,second group stage,1974-06-30,Brazil,Brazil,Jairzinho,P-77430,49,49,0,0,0,fjelstul
M-1974-30,WC-1974,1974,second group stage,1974-06-30,Netherlands,Netherlands,Johan Neeskens,P-16991,7,7,0,0,0,fjelstul
M-1974-30,WC-1974,1974,second group stage,1974-06-30,Netherlands,Netherlands,Rob Rensenbrink,P-63266,59,59,0,0,0,fjelstul
M-1974-31,WC-1974,1974,second group stage,1974-06-30,Poland,Poland,Kazimierz Deyna,P-29548,24,24,0,1,0,fjelstul
M-1974-31,WC-1974,1974,second group stage,1974-06-30,Serbia,Serbia,Stanislav Karasi,P-80725,43,43,0,0,0,fjelstul
M-1974-31,WC-1974,1974,second group stage,1974-06-30,Poland,Poland,Grzegorz Lato,P-21597,62,62,0,0,0,fjelstul
M-1974-32,WC-1974,1974,second group stage,1974-06-30,Sweden,Sweden,Ralf Edström,P-39318,24,24,0,0,0,fjelstul
M-1974-32,WC-1974,1974,second group stage,1974-06-30,Germany,Germany,Wolfgang Overath,P-60896,51,51,0,0,0,fjelstul
M-1974-32,WC-1974,1974,second group stage,1974-06-30,Germany,Germany,Rainer Bonhof,P-41102,52,52,0,0,0,fjelstul
M-1974-32,WC-1974,1974,second group stage,1974-06-30,Sweden,Sweden,Roland Sandberg,P-94413,53,53,0,0,0,fjelstul
M-1974-32,WC-1974,1974,second group stage,1974-06-30,Germany,Germany,Jürgen Grabowski,P-48733,76,76,0,0,0,fjelstul
M-1974-32,WC-1974,1974,second group stage,1974-06-30,Germany,Germany,Uli Hoeneß,P-92173,89,89,0,1,0,fjelstul
M-1974-33,WC-1974,1974,second group stage,1974-07-03,Germany,Germany,Gerd Müller,P-72441,76,76,0,0,0,fjelstul
M-1974-34,WC-1974,1974,second group stage,1974-07-03,Germany,Germany,Joachim Streich,P-91963,14,14,0,0,0,fjelstul
M-1974-34,WC-1974,1974,second group stage,1974-07-03,Argentina,Argentina,René Houseman,P-04739,20,20,0,0,0,fjelstul
M-1974-35,WC-1974,1974,second group stage,1974-07-03,Netherlands,Netherlands,Johan Neeskens,P-16991,50,50,0,0,0,fjelstul
M-1974-35,WC-1974,1974,second group stage,1974-07-03,Netherlands,Netherlands,Johan Cruyff,P-50564,65,65,0,0,0,fjelstul
M-1974-36,WC-1974,1974,second group stage,1974-07-03,Serbia,Serbia,Ivica Šurjak,P-28747,27,27,0,0,0,fjelstul
M-1974-36,WC-1974,1974,second group stage,1974-07-03,Sweden,Sweden,Ralf Edström,P-39318,29,29,0,0,0,fjelstul
M-1974-36,WC-1974,1974,second group stage,1974-07-03,Sweden,Sweden,Conny Torstensson,P-52989,85,85,0,0,0,fjelstul
M-1974-37,WC-1974,1974,third-place match,1974-07-06,Poland,Poland,Grzegorz Lato,P-21597,76,76,0,0,0,fjelstul
M-1974-38,WC-1974,1974,final,1974-07-07,Netherlands,Netherlands,Johan Neeskens,P-16991,2,2,0,1,0,fjelstul
M-1974-38,WC-1974,1974,final,1974-07-07,Germany,Germany,Paul Breitner,P-48686,25,25,0,1,0,fjelstul
M-1974-38,WC-1974,1974,final,1974-07-07,Germany,Germany,Gerd Müller,P-72441,43,43,0,0,0,fjelstul
M-1978-02,WC-1978,1978,group stage,1978-06-02,France,France,Bernard Lacombe,P-16067,1,1,0,0,0,fjelstul
M-1978-02,WC-1978,1978,group stage,1978-06-02,Italy,Italy,Paolo Rossi,P-91717,29,29,0,0,0,fjelstul
M-1978-02,WC-1978,1978,group stage,1978-06-02,Italy,Italy,Renato Zaccarelli,P-17293,54,54,0,0,0,fjelstul
M-1978-03,WC-1978,1978,group stage,1978-06-02,Mexico,Mexico,Arturo Vázquez Ayala,P-84173,45,45,0,1,0,fjelstul
M-1978-03,WC-1978,1978,group stage,1978-06-02,Tunisia,Tunisia,Ali Kaabi,P-10069,55,55,0,0,0,fjelstul
M-1978-03,WC-1978,1978,group stage,1978-06-02,Tunisia,Tunisia,Néjib Ghommidh,P-66055,79,79,0,0,0,fjelstul
M-1978-03,WC-1978,1978,group stage,1978-06-02,Tunisia,Tunisia,Mokhtar Dhouib,P-32712,87,87,0,0,0,fjelstul
M-1978-04,WC-1978,1978,group stage,1978-06-02,Hungary,Hungary,Károly Csapó,P-17566,9,9,0,0,0,fjelstul
M-1978-04,WC-1978,1978,group stage,1978-06-02,Argentina,Argentina,Leopoldo Luque,P-26640,14,14,0,0,0,fjelstul
M-1978-04,WC-1978,1978,group stage,1978-06-02,Argentina,Argentina,Daniel Bertoni,P-61157,83,83,0,0,0,fjelstul
M-1978-05,WC-1978,1978,group stage,1978-06-03,Austria,Austria,Walter Schachner,P-99989,10,10,0,0,0,fjelstul
M-1978-05,WC-1978,1978,group stage,1978-06-03,Spain,Spain,Dani,P-40352,21,21,0,0,0,fjelstul
M-1978-05,WC-1978,1978,group stage,1978-06-03,Austria,Austria,Hans Krankl,P-52271,76,76,0,0,0,fjelstul
M-1978-06,WC-1978,1978,group stage,1978-06-03,Sweden,Sweden,Thomas Sjöberg,P-61240,37,37,0,0,0,fjelstul
M-1978-06,WC-1978,1978,group stage,1978-06-03,Brazil,Brazil,Reinaldo,P-84320,45,45,0,0,0,fjelstul
M-1978-07,WC-1978,1978,group stage,1978-06-03,Netherlands,Netherlands,Rob Rensenbrink,P-63266,40,40,0,1,0,fjelstul
M-1978-07,WC-1978,1978,group stage,1978-06-03,Netherlands,Netherlands,Rob Rensenbrink,P-63266,62,62,0,0,0,fjelstul
M-1978-07,WC-1978,1978,group stage,1978-06-03,Netherlands,Netherlands,Rob Rensenbrink,P-63266,78,78,0,1,0,fjelstul
M-1978-08,WC-1978,1978,group stage,1978-06-03,Scotland,Scotland,Joe Jordan,P-22480,14,14,0,0,0,fjelstul
M-1978-08,WC-1978,1978,group stage,1978-06-03,Peru,Peru,César Cueto,P-23639,43,43,0,0,0,fjelstul
M-1978-08,WC-1978,1978,group stage,1978-06-03,Peru,Peru,Teófilo Cubillas,P-96979,71,71,0,0,0,fjelstul
M-1978-08,WC-1978,1978,group stage,1978-06-03,Peru,Peru,Teófilo Cubillas,P-96979,77,77,0,0,0,fjelstul
M-1978-09,WC-1978,1978,group stage,1978-06-06,Italy,Italy,Paolo Rossi,P-91717,34,34,0,0,0,fjelstul
M-1978-09,WC-1978,1978,group stage,1978-06-06,Italy,Italy,Roberto Bettega,P-57787,35,35,0,0,0,fjelstul
M-1978-09,WC-1978,1978,group stage,1978-06-06,Italy,Italy,Romeo Benetti,P-12030,61,61,0,0,0,fjelstul
M-1978-09,WC-1978,1978,group stage,1978-06-06,Hungary,Hungary,András Tóth,P-05262,81,81,0,1,0,fjelstul
M-1978-10,WC-1978,1978,group stage,1978-06-06,Poland,Poland,Grzegorz Lato,P-21597,43,43,0,0,0,fjelstul
M-1978-11,WC-1978,1978,group stage,1978-06-06,Germany,Germany,Dieter Müller,P-34993,15,15,0,0,0,fjelstul
M-1978-11,WC-1978,1978,group stage,1978-06-06,Germany,Germany,Hansi Müller,P-95747,30,30,0,0,0,fjelstul
M-1978-11,WC-1978,1978,group stage,1978-06-06,Germany,Germany,Karl-Heinz Rummenigge,P-59574,38,38,0,0,0,fjelstul
M-1978-11,WC-1978,1978,group stage,1978-06-06,Germany,Germany,Heinz Flohe,P-15681,44,44,0,0,0,fjelstul
M-1978-11,WC-1978,1978,group stage,1978-06-06,Germany,Germany,Karl-Heinz Rummenigge,P-59574,73,73,0,0,0,fjelstul
M-1978-11,WC-1978,1978,group stage,1978-06-06,Germany,Germany,Heinz Flohe,P-15681,89,89,0,0,0,fjelstul
M-1978-12,WC-1978,1978,group stage,1978-06-06,Argentina,Argentina,Daniel Passarella,P-80376,45,45,0,1,0,fjelstul
M-1978-12,WC-1978,1978,group stage,1978-06-06,France,France,Michel Platini,P-08939,60,60,0,0,0,fjelstul
M-1978-12,WC-1978,1978,group stage,1978-06-06,Argentina,Argentina,Leopoldo Luque,P-26640,73,73,0,0,0,fjelstul
M-1978-13,WC-1978,1978,group stage,1978-06-07,Austria,Austria,Hans Krankl,P-52271,42,42,0,1,0,fjelstul
M-1978-16,WC-1978,1978,group stage,1978-06-07,Scotland,Iran,Andranik Eskandarian,P-61698,43,43,0,0,1,fjelstul
M-1978-16,WC-1978,1978,group stage,1978-06-07,Iran,Iran,Iraj Danaeifard,P-76170,60,60,0,0,0,fjelstul
M-1978-17,WC-1978,1978,group stage,1978-06-10,France,France,Christian Lopez,P-90883,23,23,0,0,0,fjelstul
M-1978-17,WC-1978,1978,group stage,1978-06-10,France,France,Marc Berdoll,P-27315,38,38,0,0,0,fjelstul
M-1978-17,WC-1978,1978,group stage,1978-06-10,Hungary,Hungary,Sándor Zombori,P-12183,41,41,0,0,0,fjelstul
M-1978-17,WC-1978,1978,group stage,1978-06-10,France,France,Dominique Rocheteau,P-99991,42,42,0,0,0,fjelstul
M-1978-18,WC-1978,1978,group stage,1978-06-10,Poland,Poland,Zbigniew Boniek,P-03652,43,43,0,0,0,fjelstul
M-1978-18,WC-1978,1978,group stage,1978-06-10,Mexico,Mexico,Víctor Rangel,P-64532,52,52,0,0,0,fjelstul
M-1978-18,WC-1978,1978,group stage,1978-06-10,Poland,Poland,Kazimierz Deyna,P-29548,56,56,0,0,0,fjelstul
M-1978-18,WC-1978,1978,group stage,1978-06-10,Poland,Poland,Zbigniew Boniek,P-03652,84,84,0,0,0,fjelstul
M-1978-20,WC-1978,1978,group stage,1978-06-10,Italy,Italy,Roberto Bettega,P-57787,67,67,0,0,0,fjelstul
M-1978-21,WC-1978,1978,group stage,1978-06-11,Brazil,Brazil,Roberto Dinamite,P-86942,40,40,0,0,0,fjelstul
M-1978-22,WC-1978,1978,group stage,1978-06-11,Spain,Spain,Juan Manuel Asensi,P-57837,75,75,0,0,0,fjelstul
M-1978-23,WC-1978,1978,group stage,1978-06-11,Peru,Peru,José Velásquez,P-72529,2,2,0,0,0,fjelstul
M-1978-23,WC-1978,1978,group stage,1978-06-11,Peru,Peru,Teófilo Cubillas,P-96979,36,36,0,1,0,fjelstul
M-1978-23,WC-1978,1978,group stage,1978-06-11,Peru,Peru,Teófilo Cubillas,P-96979,39,39,0,1,0,fjelstul
M-1978-23,WC-1978,1978,group stage,1978-06-11,Iran,Iran,Hassan Roshan,P-36867,41,41,0,0,0,fjelstul
M-1978-23,WC-1978,1978,group stage,1978-06-11,Peru,Peru,Teófilo Cubillas,P-96979,79,79,0,0,0,fjelstul
M-1978-24,WC-1978,1978,group stage,1978-06-11,Netherlands,Netherlands,Rob Rensenbrink,P-63266,34,34,0,1,0,fjelstul
M-1978-24,WC-1978,1978,group stage,1978-06-11,Scotland,Scotland,Kenny Dalglish,P-68584,45,45,0,0,0,fjelstul
M-1978-24,WC-1978,1978,group stage,1978-06-11,Scotland,Scotland,Archie Gemmill,P-16479,46,46,0,1,0,fjelstul
M-1978-24,WC-1978,1978,group stage,1978-06-11,Scotland,Scotland,Archie Gemmill,P-16479,68,68,0,0,0,fjelstul
M-1978-24,WC-1978,1978,group stage,1978-06-11,Netherlands,Netherlands,Johnny Rep,P-89554,71,71,0,0,0,fjelstul
M-1978-25,WC-1978,1978,second group stage,1978-06-14,Netherlands,Netherlands,Ernie Brandts,P-82670,6,6,0,0,0,fjelstul
M-1978-25,WC-1978,1978,second group stage,1978-06-14,Netherlands,Netherlands,Rob Rensenbrink,P-63266,35,35,0,1,0,fjelstul
M-1978-25,WC-1978,1978,second group stage,1978-06-14,Netherlands,Netherlands,Johnny Rep,P-89554,36,36,0,0,0,fjelstul
M-1978-25,WC-1978,1978,second group stage,1978-06-14,Netherlands,Netherlands,Johnny Rep,P-89554,53,53,0,0,0,fjelstul
M-1978-25,WC-1978,1978,second group stage,1978-06-14,Austria,Austria,Erich Obermayer,P-61365,80,80,0,0,0,fjelstul
M-1978-25,WC-1978,1978,second group stage,1978-06-14,Netherlands,Netherlands,Willy van de Kerkhof,P-48712,82,82,0,0,0,fjelstul
M-1978-27,WC-1978,1978,second group stage,1978-06-14,Brazil,Brazil,Dirceu,P-89519,15,15,0,0,0,fjelstul
M-1978-27,WC-1978,1978,second group stage,1978-06-14,Brazil,Brazil,Dirceu,P-89519,27,27,0,0,0,fjelstul
M-1978-27,WC-1978,1978,second group stage,1978-06-14,Brazil,Brazil,Zico,P-37483,72,72,0,1,0,fjelstul
M-1978-28,WC-1978,1978,second group stage,1978-06-14,Argentina,Argentina,Mario Kempes,P-35082,16,16,0,0,0,fjelstul
M-1978-28,WC-1978,1978,second group stage,1978-06-14,Argentina,Argentina,Mario Kempes,P-35082,71,71,0,0,0,fjelstul
M-1978-29,WC-1978,1978,second group stage,1978-06-18,Poland,Poland,Andrzej Szarmach,P-92867,65,65,0,0,0,fjelstul
M-1978-30,WC-1978,1978,second group stage,1978-06-18,Italy,Italy,Paolo Rossi,P-91717,13,13,0,0,0,fjelstul
M-1978-31,WC-1978,1978,second group stage,1978-06-18,Germany,Germany,Rüdiger Abramczik,P-64134,3,3,0,0,0,fjelstul
M-1978-31,WC-1978,1978,second group stage,1978-06-18,Netherlands,Netherlands,Arie Haan,P-01582,27,27,0,0,0,fjelstul
M-1978-31,WC-1978,1978,second group stage,1978-06-18,Germany,Germany,Dieter Müller,P-34993,70,70,0,0,0,fjelstul
M-1978-31,WC-1978,1978,second group stage,1978-06-18,Netherlands,Netherlands,René van de Kerkhof,P-25337,82,82,0,0,0,fjelstul
M-1978-33,WC-1978,1978,second group stage,1978-06-21,Germany,Germany,Karl-Heinz Rummenigge,P-59574,19,19,0,0,0,fjelstul
M-1978-33,WC-1978,1978,second group stage,1978-06-21,Austria,Germany,Berti Vogts,P-69695,59,59,0,0,1,fjelstul
M-1978-33,WC-1978,1978,second group stage,1978-06-21,Austria,Austria,Hans Krankl,P-52271,66,66,0,0,0,fjelstul
M-1978-33,WC-1978,1978,second group stage,1978-06-21,Germany,Germany,Bernd Hölzenbein,P-35602,68,68,0,0,0,fjelstul
M-1978-33,WC-1978,1978,second group stage,1978-06-21,Austria,Austria,Hans Krankl,P-52271,87,87,0,0,0,fjelstul
M-1978-34,WC-1978,1978,second group stage,1978-06-21,Italy,Netherlands,Ernie Brandts,P-82670,19,19,0,0,1,fjelstul
M-1978-34,WC-1978,1978,second group stage,1978-06-21,Netherlands,Netherlands,Ernie Brandts,P-82670,49,49,0,0,0,fjelstul
M-1978-34,WC-1978,1978,second group stage,1978-06-21,Netherlands,Netherlands,Arie Haan,P-01582,76,76,0,0,0,fjelstul
M-1978-35,WC-1978,1978,second group stage,1978-06-21,Brazil,Brazil,Nelinho,P-48382,13,13,0,0,0,fjelstul
M-1978-35,WC-1978,1978,second group stage,1978-06-21,Poland,Poland,Grzegorz Lato,P-21597,45,45,0,0,0,fjelstul
M-1978-35,WC-1978,1978,second group stage,1978-06-21,Brazil,Brazil,Roberto Dinamite,P-86942,58,58,0,0,0,fjelstul
M-1978-35,WC-1978,1978,second group stage,1978-06-21,Brazil,Brazil,Roberto Dinamite,P-86942,63,63,0,0,0,fjelstul
M-1978-36,WC-1978,1978,second group stage,1978-06-21,Argentina,Argentina,Mario Kempes,P-35082,21,21,0,0,0,fjelstul
M-1978-36,WC-1978,1978,second group stage,1978-06-21,Argentina,Argentina,Alberto Tarantini,P-54098,43,43,0,0,0,fjelstul
M-1978-36,WC-1978,1978,second group stage,1978-06-21,Argentina,Argentina,Mario Kempes,P-35082,49,49,0,0,0,fjelstul
M-1978-36,WC-1978,1978,second group stage,1978-06-21,Argentina,Argentina,Leopoldo Luque,P-26640,50,50,0,0,0,fjelstul
M-1978-36,WC-1978,1978,second group stage,1978-06-21,Argentina,Argentina,René Houseman,P-04739,67,67,0,0,0,fjelstul
M-1978-36,WC-1978,1978,second group stage,1978-06-21,Argentina,Argentina,Leopoldo Luque,P-26640,72,72,0,0,0,fjelstul
M-1978-37,WC-1978,1978,third-place match,1978-06-24,Italy,Italy,Franco Causio,P-44349,38,38,0,0,0,fjelstul
M-1978-37,WC-1978,1978,third-place match,1978-06-24,Brazil,Brazil,Nelinho,P-48382,64,64,0,0,0,fjelstul
M-1978-37,WC-1978,1978,third-place match,1978-06-24,Brazil,Brazil,Dirceu,P-89519,71,71,0,0,0,fjelstul
M-1978-38,WC-1978,1978,final,1978-06-25,Argentina,Argentina,Mario Kempes,P-35082,38,38,0,0,0,fjelstul
M-1978-38,WC-1978,1978,final,1978-06-25,Netherlands,Netherlands,Dick Nanninga,P-48111,82,82,0,0,0,fjelstul
M-1978-38,WC-1978,1978,final,1978-06-25,Argentina,Argentina,Mario Kempes,P-35082,105,105,0,0,0,fjelstul
M-1978-38,WC-1978,1978,final,1978-06-25,Argentina,Argentina,Daniel Bertoni,P-61157,115,115,0,0,0,fjelstul
M-1982-01,WC-1982,1982,group stage,1982-06-13,Belgium,Belgium,Erwin Vandenbergh,P-06736,62,62,0,0,0,fjelstul
M-1982-03,WC-1982,1982,group stage,1982-06-14,Russia,Russia,Andriy Bal,P-27460,34,34,0,0,0,fjelstul
M-1982-03,WC-1982,1982,group stage,1982-06-14,Brazil,Brazil,Sócrates,P-78605,75,75,0,0,0,fjelstul
M-1982-03,WC-1982,1982,group stage,1982-06-14,Brazil,Brazil,Éder,P-39132,88,88,0,0,0,fjelstul
M-1982-05,WC-1982,1982,group stage,1982-06-15,Hungary,Hungary,Tibor Nyilasi,P-34326,4,4,0,0,0,fjelstul
M-1982-05,WC-1982,1982,group stage,1982-06-15,Hungary,Hungary,Gábor Pölöskei,P-60461,11,11,0,0,0,fjelstul
M-1982-05,WC-1982,1982,group stage,1982-06-15,Hungary,Hungary,László Fazekas,P-99185,23,23,0,0,0,fjelstul
M-1982-05,WC-1982,1982,group stage,1982-06-15,Hungary,Hungary,József Tóth,P-42012,50,50,0,0,0,fjelstul
M-1982-05,WC-1982,1982,group stage,1982-06-15,Hungary,Hungary,László Fazekas,P-99185,54,54,0,0,0,fjelstul
M-1982-05,WC-1982,1982,group stage,1982-06-15,El Salvador,El Salvador,Luis Ramírez Zapata,P-41807,64,64,0,0,0,fjelstul
M-1982-05,WC-1982,1982,group stage,1982-06-15,Hungary,Hungary,László Kiss,P-53791,69,69,0,0,0,fjelstul
M-1982-05,WC-1982,1982,group stage,1982-06-15,Hungary,Hungary,Lázár Szentes,P-34354,70,70,0,0,0,fjelstul
M-1982-05,WC-1982,1982,group stage,1982-06-15,Hungary,Hungary,László Kiss,P-53791,72,72,0,0,0,fjelstul
M-1982-05,WC-1982,1982,group stage,1982-06-15,Hungary,Hungary,László Kiss,P-53791,76,76,0,0,0,fjelstul
M-1982-05,WC-1982,1982,group stage,1982-06-15,Hungary,Hungary,Tibor Nyilasi,P-34326,83,83,0,0,0,fjelstul
M-1982-06,WC-1982,1982,group stage,1982-06-15,Scotland,Scotland,Kenny Dalglish,P-68584,18,18,0,0,0,fjelstul
M-1982-06,WC-1982,1982,group stage,1982-06-15,Scotland,Scotland,John Wark,P-11027,29,29,0,0,0,fjelstul
M-1982-06,WC-1982,1982,group stage,1982-06-15,Scotland,Scotland,John Wark,P-11027,32,32,0,0,0,fjelstul
M-1982-06,WC-1982,1982,group stage,1982-06-15,New Zealand,New Zealand,Steve Sumner,P-23450,54,54,0,0,0,fjelstul
M-1982-06,WC-1982,1982,group stage,1982-06-15,New Zealand,New Zealand,Steve Wooddin,P-50194,64,64,0,0,0,fjelstul
M-1982-06,WC-1982,1982,group stage,1982-06-15,Scotland,Scotland,John Robertson,P-96391,73,73,0,0,0,fjelstul
M-1982-06,WC-1982,1982,group stage,1982-06-15,Scotland,Scotland,Steve Archibald,P-56094,79,79,0,0,0,fjelstul
M-1982-07,WC-1982,1982,group stage,1982-06-16,Algeria,Algeria,Rabah Madjer,P-45774,54,54,0,0,0,fjelstul
M-1982-07,WC-1982,1982,group stage,1982-06-16,Germany,Germany,Karl-Heinz Rummenigge,P-59574,67,67,0,0,0,fjelstul
M-1982-07,WC-1982,1982,group stage,1982-06-16,Algeria,Algeria,Lakhdar Belloumi,P-59774,68,68,0,0,0,fjelstul
M-1982-08,WC-1982,1982,group stage,1982-06-16,England,England,Bryan Robson,P-02675,1,1,0,0,0,fjelstul
M-1982-08,WC-1982,1982,group stage,1982-06-16,France,France,Gérard Soler,P-06095,24,24,0,0,0,fjelstul
M-1982-08,WC-1982,1982,group stage,1982-06-16,England,England,Bryan Robson,P-02675,67,67,0,0,0,fjelstul
M-1982-08,WC-1982,1982,group stage,1982-06-16,England,England,Paul Mariner,P-83210,83,83,0,0,0,fjelstul
M-1982-09,WC-1982,1982,group stage,1982-06-16,Honduras,Honduras,Héctor Zelaya,P-10770,8,8,0,0,0,fjelstul
M-1982-09,WC-1982,1982,group stage,1982-06-16,Spain,Spain,Roberto López Ufarte,P-65283,65,65,0,1,0,fjelstul
M-1982-10,WC-1982,1982,group stage,1982-06-17,Austria,Austria,Walter Schachner,P-99989,22,22,0,0,0,fjelstul
M-1982-11,WC-1982,1982,group stage,1982-06-17,Czech Republic,Czech Republic,Antonín Panenka,P-19209,21,21,0,1,0,fjelstul
M-1982-11,WC-1982,1982,group stage,1982-06-17,Kuwait,Kuwait,Faisal Al-Dakhil,P-33410,57,57,0,0,0,fjelstul
M-1982-13,WC-1982,1982,group stage,1982-06-18,Italy,Italy,Bruno Conti,P-66365,18,18,0,0,0,fjelstul
M-1982-13,WC-1982,1982,group stage,1982-06-18,Peru,Peru,Rubén Toribio Díaz,P-93346,83,83,0,0,0,fjelstul
M-1982-14,WC-1982,1982,group stage,1982-06-18,Argentina,Argentina,Daniel Bertoni,P-61157,26,26,0,0,0,fjelstul
M-1982-14,WC-1982,1982,group stage,1982-06-18,Argentina,Argentina,Diego Maradona,P-80404,28,28,0,0,0,fjelstul
M-1982-14,WC-1982,1982,group stage,1982-06-18,Argentina,Argentina,Diego Maradona,P-80404,57,57,0,0,0,fjelstul
M-1982-14,WC-1982,1982,group stage,1982-06-18,Argentina,Argentina,Osvaldo Ardiles,P-66254,60,60,0,0,0,fjelstul
M-1982-14,WC-1982,1982,group stage,1982-06-18,Hungary,Hungary,Gábor Pölöskei,P-60461,76,76,0,0,0,fjelstul
M-1982-15,WC-1982,1982,group stage,1982-06-18,Scotland,Scotland,David Narey,P-12472,18,18,0,0,0,fjelstul
M-1982-15,WC-1982,1982,group stage,1982-06-18,Brazil,Brazil,Zico,P-37483,33,33,0,0,0,fjelstul
M-1982-15,WC-1982,1982,group stage,1982-06-18,Brazil,Brazil,Oscar,P-69644,48,48,0,0,0,fjelstul
M-1982-15,WC-1982,1982,group stage,1982-06-18,Brazil,Brazil,Éder,P-39132,63,63,0,0,0,fjelstul
M-1982-15,WC-1982,1982,group stage,1982-06-18,Brazil,Brazil,Falcão,P-35736,87,87,0,0,0,fjelstul
M-1982-17,WC-1982,1982,group stage,1982-06-19,Belgium,Belgium,Ludo Coeck,P-94036,19,19,0,0,0,fjelstul
M-1982-18,WC-1982,1982,group stage,1982-06-19,Russia,Russia,Yuri Gavrilov,P-18718,24,24,0,0,0,fjelstul
M-1982-18,WC-1982,1982,group stage,1982-06-19,Russia,Russia,Oleh Blokhin,P-03282,48,48,0,0,0,fjelstul
M-1982-18,WC-1982,1982,group stage,1982-06-19,Russia,Russia,Sergei Baltacha,P-47456,68,68,0,0,0,fjelstul
M-1982-19,WC-1982,1982,group stage,1982-06-20,Germany,Germany,Karl-Heinz Rummenigge,P-59574,9,9,0,0,0,fjelstul
M-1982-19,WC-1982,1982,group stage,1982-06-20,Germany,Germany,Karl-Heinz Rummenigge,P-59574,57,57,0,0,0,fjelstul
M-1982-19,WC-1982,1982,group stage,1982-06-20,Germany,Germany,Karl-Heinz Rummenigge,P-59574,66,66,0,0,0,fjelstul
M-1982-19,WC-1982,1982,group stage,1982-06-20,Germany,Germany,Uwe Reinders,P-40743,81,81,0,0,0,fjelstul
M-1982-19,WC-1982,1982,group stage,1982-06-20,Chile,Chile,Gustavo Moscoso,P-56491,90,90,0,0,0,fjelstul
M-1982-20,WC-1982,1982,group stage,1982-06-20,England,England,Trevor Francis,P-65224,62,62,0,0,0,fjelstul
M-1982-20,WC-1982,1982,group stage,1982-06-20,England,Czech Republic,Jozef Barmoš,P-55121,66,66,0,0,1,fjelstul
M-1982-21,WC-1982,1982,group stage,1982-06-20,Serbia,Serbia,Ivan Gudelj,P-96969,10,10,0,0,0,fjelstul
M-1982-21,WC-1982,1982,group stage,1982-06-20,Spain,Spain,Juanito,P-03571,14,14,0,1,0,fjelstul
M-1982-21,WC-1982,1982,group stage,1982-06-20,Spain,Spain,Enrique Saura,P-24553,66,66,0,0,0,fjelstul
M-1982-22,WC-1982,1982,group stage,1982-06-21,Austria,Austria,Walter Schachner,P-99989,55,55,0,0,0,fjelstul
M-1982-22,WC-1982,1982,group stage,1982-06-21,Austria,Austria,Hans Krankl,P-52271,67,67,0,0,0,fjelstul
M-1982-23,WC-1982,1982,group stage,1982-06-21,France,France,Bernard Genghini,P-05511,31,31,0,0,0,fjelstul
M-1982-23,WC-1982,1982,group stage,1982-06-21,France,France,Michel Platini,P-08939,43,43,0,0,0,fjelstul
M-1982-23,WC-1982,1982,group stage,1982-06-21,France,France,Didier Six,P-74565,48,48,0,0,0,fjelstul
M-1982-23,WC-1982,1982,group stage,1982-06-21,Kuwait,Kuwait,Abdullah Al-Buloushi,P-49203,75,75,0,0,0,fjelstul
M-1982-23,WC-1982,1982,group stage,1982-06-21,France,France,Maxime Bossis,P-03719,89,89,0,0,0,fjelstul
M-1982-24,WC-1982,1982,group stage,1982-06-21,Northern Ireland,Northern Ireland,Gerry Armstrong,P-96985,10,10,0,0,0,fjelstul
M-1982-24,WC-1982,1982,group stage,1982-06-21,Honduras,Honduras,Antonio Laing,P-17413,60,60,0,0,0,fjelstul
M-1982-25,WC-1982,1982,group stage,1982-06-22,Poland,Poland,Włodzimierz Smolarek,P-57931,55,55,0,0,0,fjelstul
M-1982-25,WC-1982,1982,group stage,1982-06-22,Poland,Poland,Grzegorz Lato,P-21597,58,58,0,0,0,fjelstul
M-1982-25,WC-1982,1982,group stage,1982-06-22,Poland,Poland,Zbigniew Boniek,P-03652,61,61,0,0,0,fjelstul
M-1982-25,WC-1982,1982,group stage,1982-06-22,Poland,Poland,Andrzej Buncol,P-40684,68,68,0,0,0,fjelstul
M-1982-25,WC-1982,1982,group stage,1982-06-22,Poland,Poland,Włodzimierz Ciołek,P-91411,76,76,0,0,0,fjelstul
M-1982-25,WC-1982,1982,group stage,1982-06-22,Peru,Peru,Guillermo La Rosa,P-42136,83,83,0,0,0,fjelstul
M-1982-26,WC-1982,1982,group stage,1982-06-22,Hungary,Hungary,József Varga,P-51494,27,27,0,0,0,fjelstul
M-1982-26,WC-1982,1982,group stage,1982-06-22,Belgium,Belgium,Alexandre Czerniatynski,P-88070,76,76,0,0,0,fjelstul
M-1982-27,WC-1982,1982,group stage,1982-06-22,Scotland,Scotland,Joe Jordan,P-22480,15,15,0,0,0,fjelstul
M-1982-27,WC-1982,1982,group stage,1982-06-22,Russia,Russia,Aleksandr Chivadze,P-66593,59,59,0,0,0,fjelstul
M-1982-27,WC-1982,1982,group stage,1982-06-22,Russia,Russia,Ramaz Shengelia,P-93680,84,84,0,0,0,fjelstul
M-1982-27,WC-1982,1982,group stage,1982-06-22,Scotland,Scotland,Graeme Souness,P-91562,86,86,0,0,0,fjelstul
M-1982-28,WC-1982,1982,group stage,1982-06-23,Italy,Italy,Francesco Graziani,P-16875,60,60,0,0,0,fjelstul
M-1982-28,WC-1982,1982,group stage,1982-06-23,Cameroon,Cameroon,Grégoire M'Bida,P-32771,61,61,0,0,0,fjelstul
M-1982-29,WC-1982,1982,group stage,1982-06-23,Argentina,Argentina,Daniel Passarella,P-80376,22,22,0,1,0,fjelstul
M-1982-29,WC-1982,1982,group stage,1982-06-23,Argentina,Argentina,Daniel Bertoni,P-61157,54,54,0,0,0,fjelstul
M-1982-30,WC-1982,1982,group stage,1982-06-23,Brazil,Brazil,Zico,P-37483,28,28,0,0,0,fjelstul
M-1982-30,WC-1982,1982,group stage,1982-06-23,Brazil,Brazil,Zico,P-37483,31,31,0,0,0,fjelstul
M-1982-30,WC-1982,1982,group stage,1982-06-23,Brazil,Brazil,Falcão,P-35736,64,64,0,0,0,fjelstul
M-1982-30,WC-1982,1982,group stage,1982-06-23,Brazil,Brazil,Serginho,P-20664,70,70,0,0,0,fjelstul
M-1982-31,WC-1982,1982,group stage,1982-06-24,Algeria,Algeria,Salah Assad,P-40338,7,7,0,0,0,fjelstul
M-1982-31,WC-1982,1982,group stage,1982-06-24,Algeria,Algeria,Salah Assad,P-40338,31,31,0,0,0,fjelstul
M-1982-31,WC-1982,1982,group stage,1982-06-24,Algeria,Algeria,Tedj Bensaoula,P-68346,35,35,0,0,0,fjelstul
M-1982-31,WC-1982,1982,group stage,1982-06-24,Chile,Chile,Miguel Ángel Neira,P-71032,59,59,0,1,0,fjelstul
M-1982-31,WC-1982,1982,group stage,1982-06-24,Chile,Chile,Juan Carlos Letelier,P-43905,73,73,0,0,0,fjelstul
M-1982-32,WC-1982,1982,group stage,1982-06-24,France,France,Didier Six,P-74565,66,66,0,0,0,fjelstul
M-1982-32,WC-1982,1982,group stage,1982-06-24,Czech Republic,Czech Republic,Antonín Panenka,P-19209,84,84,0,1,0,fjelstul
M-1982-33,WC-1982,1982,group stage,1982-06-24,Serbia,Serbia,Vladimir Petrović,P-43672,88,88,0,1,0,fjelstul
M-1982-34,WC-1982,1982,group stage,1982-06-25,Germany,Germany,Horst Hrubesch,P-89949,10,10,0,0,0,fjelstul
M-1982-35,WC-1982,1982,group stage,1982-06-25,England,England,Trevor Francis,P-65224,27,27,0,0,0,fjelstul
M-1982-36,WC-1982,1982,group stage,1982-06-25,Northern Ireland,Northern Ireland,Gerry Armstrong,P-96985,47,47,0,0,0,fjelstul
M-1982-37,WC-1982,1982,second group stage,1982-06-28,France,France,Bernard Genghini,P-05511,39,39,0,0,0,fjelstul
M-1982-38,WC-1982,1982,second group stage,1982-06-28,Poland,Poland,Zbigniew Boniek,P-03652,4,4,0,0,0,fjelstul
M-1982-38,WC-1982,1982,second group stage,1982-06-28,Poland,Poland,Zbigniew Boniek,P-03652,26,26,0,0,0,fjelstul
M-1982-38,WC-1982,1982,second group stage,1982-06-28,Poland,Poland,Zbigniew Boniek,P-03652,53,53,0,0,0,fjelstul
M-1982-39,WC-1982,1982,second group stage,1982-06-29,Italy,Italy,Marco Tardelli,P-93788,57,57,0,0,0,fjelstul
M-1982-39,WC-1982,1982,second group stage,1982-06-29,Italy,Italy,Antonio Cabrini,P-03775,67,67,0,0,0,fjelstul
M-1982-39,WC-1982,1982,second group stage,1982-06-29,Argentina,Argentina,Daniel Passarella,P-80376,83,83,0,0,0,fjelstul
M-1982-41,WC-1982,1982,second group stage,1982-07-01,Northern Ireland,Northern Ireland,Billy Hamilton,P-76882,27,27,0,0,0,fjelstul
M-1982-41,WC-1982,1982,second group stage,1982-07-01,Austria,Austria,Bruno Pezzey,P-92720,50,50,0,0,0,fjelstul
M-1982-41,WC-1982,1982,second group stage,1982-07-01,Austria,Austria,Reinhold Hintermaier,P-43037,68,68,0,0,0,fjelstul
M-1982-41,WC-1982,1982,second group stage,1982-07-01,Northern Ireland,Northern Ireland,Billy Hamilton,P-76882,75,75,0,0,0,fjelstul
M-1982-42,WC-1982,1982,second group stage,1982-07-01,Russia,Russia,Khoren Hovhannisyan,P-13514,48,48,0,0,0,fjelstul
M-1982-43,WC-1982,1982,second group stage,1982-07-02,Brazil,Brazil,Zico,P-37483,11,11,0,0,0,fjelstul
M-1982-43,WC-1982,1982,second group stage,1982-07-02,Brazil,Brazil,Serginho,P-20664,66,66,0,0,0,fjelstul
M-1982-43,WC-1982,1982,second group stage,1982-07-02,Brazil,Brazil,Júnior,P-83096,75,75,0,0,0,fjelstul
M-1982-43,WC-1982,1982,second group stage,1982-07-02,Argentina,Argentina,Ramón Díaz,P-78111,89,89,0,0,0,fjelstul
M-1982-44,WC-1982,1982,second group stage,1982-07-02,Germany,Germany,Pierre Littbarski,P-89975,50,50,0,0,0,fjelstul
M-1982-44,WC-1982,1982,second group stage,1982-07-02,Germany,Germany,Klaus Fischer,P-52461,75,75,0,0,0,fjelstul
M-1982-44,WC-1982,1982,second group stage,1982-07-02,Spain,Spain,Jesús María Zamora,P-92317,82,82,0,0,0,fjelstul
M-1982-45,WC-1982,1982,second group stage,1982-07-04,France,France,Alain Giresse,P-79617,33,33,0,0,0,fjelstul
M-1982-45,WC-1982,1982,second group stage,1982-07-04,France,France,Dominique Rocheteau,P-99991,46,46,0,0,0,fjelstul
M-1982-45,WC-1982,1982,second group stage,1982-07-04,France,France,Dominique Rocheteau,P-99991,68,68,0,0,0,fjelstul
M-1982-45,WC-1982,1982,second group stage,1982-07-04,Northern Ireland,Northern Ireland,Gerry Armstrong,P-96985,75,75,0,0,0,fjelstul
M-1982-45,WC-1982,1982,second group stage,1982-07-04,France,France,Alain Giresse,P-79617,80,80,0,0,0,fjelstul
M-1982-47,WC-1982,1982,second group stage,1982-07-05,Italy,Italy,Paolo Rossi,P-91717,5,5,0,0,0,fjelstul
M-1982-47,WC-1982,1982,second group stage,1982-07-05,Brazil,Brazil,Sócrates,P-78605,12,12,0,0,0,fjelstul
M-1982-47,WC-1982,1982,second group stage,1982-07-05,Italy,Italy,Paolo Rossi,P-91717,25,25,0,0,0,fjelstul
M-1982-47,WC-1982,1982,second group stage,1982-07-05,Brazil,Brazil,Falcão,P-35736,68,68,0,0,0,fjelstul
M-1982-47,WC-1982,1982,second group stage,1982-07-05,Italy,Italy,Paolo Rossi,P-91717,74,74,0,0,0,fjelstul
M-1982-49,WC-1982,1982,semi-finals,1982-07-08,Italy,Italy,Paolo Rossi,P-91717,22,22,0,0,0,fjelstul
M-1982-49,WC-1982,1982,semi-finals,1982-07-08,Italy,Italy,Paolo Rossi,P-91717,73,73,0,0,0,fjelstul
M-1982-50,WC-1982,1982,semi-finals,1982-07-08,Germany,Germany,Pierre Littbarski,P-89975,17,17,0,0,0,fjelstul
M-1982-50,WC-1982,1982,semi-finals,1982-07-08,France,France,Michel Platini,P-08939,26,26,0,1,0,fjelstul
M-1982-50,WC-1982,1982,semi-finals,1982-07-08,France,France,Marius Trésor,P-54040,92,92,0,0,0,fjelstul
M-1982-50,WC-1982,1982,semi-finals,1982-07-08,France,France,Alain Giresse,P-79617,98,98,0,0,0,fjelstul
M-1982-50,WC-1982,1982,semi-finals,1982-07-08,Germany,Germany,Karl-Heinz Rummenigge,P-59574,102,102,0,0,0,fjelstul
M-1982-50,WC-1982,1982,semi-finals,1982-07-08,Germany,Germany,Klaus Fischer,P-52461,108,108,0,0,0,fjelstul
M-1982-51,WC-1982,1982,third-place match,1982-07-10,France,France,René Girard,P-32542,13,13,0,0,0,fjelstul
M-1982-51,WC-1982,1982,third-place match,1982-07-10,Poland,Poland,Andrzej Szarmach,P-92867,40,40,0,0,0,fjelstul
M-1982-51,WC-1982,1982,third-place match,1982-07-10,Poland,Poland,Stefan Majewski,P-01165,44,44,0,0,0,fjelstul
M-1982-51,WC-1982,1982,third-place match,1982-07-10,Poland,Poland,Janusz Kupcewicz,P-15890,46,46,0,0,0,fjelstul
M-1982-51,WC-1982,1982,third-place match,1982-07-10,France,France,Alain Couriol,P-13150,72,72,0,0,0,fjelstul
M-1982-52,WC-1982,1982,final,1982-07-11,Italy,Italy,Paolo Rossi,P-91717,57,57,0,0,0,fjelstul
M-1982-52,WC-1982,1982,final,1982-07-11,Italy,Italy,Marco Tardelli,P-93788,69,69,0,0,0,fjelstul
M-1982-52,WC-1982,1982,final,1982-07-11,Italy,Italy,Alessandro Altobelli,P-46574,81,81,0,0,0,fjelstul
M-1982-52,WC-1982,1982,final,1982-07-11,Germany,Germany,Paul Breitner,P-48686,83,83,0,0,0,fjelstul
M-1986-01,WC-1986,1986,group stage,1986-05-31,Italy,Italy,Alessandro Altobelli,P-46574,44,44,0,0,0,fjelstul
M-1986-01,WC-1986,1986,group stage,1986-05-31,Bulgaria,Bulgaria,Nasko Sirakov,P-05061,85,85,0,0,0,fjelstul
M-1986-02,WC-1986,1986,group stage,1986-06-01,Brazil,Brazil,Sócrates,P-78605,62,62,0,0,0,fjelstul
M-1986-03,WC-1986,1986,group stage,1986-06-01,France,France,Jean-Pierre Papin,P-31235,79,79,0,0,0,fjelstul
M-1986-04,WC-1986,1986,group stage,1986-06-02,Argentina,Argentina,Jorge Valdano,P-02464,6,6,0,0,0,fjelstul
M-1986-04,WC-1986,1986,group stage,1986-06-02,Argentina,Argentina,Oscar Ruggeri,P-79080,18,18,0,0,0,fjelstul
M-1986-04,WC-1986,1986,group stage,1986-06-02,Argentina,Argentina,Jorge Valdano,P-02464,46,46,0,0,0,fjelstul
M-1986-04,WC-1986,1986,group stage,1986-06-02,South Korea,South Korea,Chang-sun Park,P-99813,73,73,0,0,0,fjelstul
M-1986-05,WC-1986,1986,group stage,1986-06-02,Russia,Russia,Pavel Yakovenko,P-33328,2,2,0,0,0,fjelstul
M-1986-05,WC-1986,1986,group stage,1986-06-02,Russia,Russia,Sergei Aleinikov,P-86677,4,4,0,0,0,fjelstul
M-1986-05,WC-1986,1986,group stage,1986-06-02,Russia,Russia,Ihor Belanov,P-10855,24,24,0,1,0,fjelstul
M-1986-05,WC-1986,1986,group stage,1986-06-02,Russia,Russia,Ivan Yaremchuk,P-34497,66,66,0,0,0,fjelstul
M-1986-05,WC-1986,1986,group stage,1986-06-02,Russia,Hungary,László Dajka,P-52793,73,73,0,0,1,fjelstul
M-1986-05,WC-1986,1986,group stage,1986-06-02,Russia,Russia,Sergey Rodionov,P-05562,80,80,0,0,0,fjelstul
M-1986-07,WC-1986,1986,group stage,1986-06-03,Mexico,Mexico,Fernando Quirarte,P-28996,23,23,0,0,0,fjelstul
M-1986-07,WC-1986,1986,group stage,1986-06-03,Mexico,Mexico,Hugo Sánchez,P-26316,39,39,0,0,0,fjelstul
M-1986-07,WC-1986,1986,group stage,1986-06-03,Belgium,Belgium,Erwin Vandenbergh,P-06736,45,45,0,0,0,fjelstul
M-1986-08,WC-1986,1986,group stage,1986-06-03,Northern Ireland,Northern Ireland,Norman Whiteside,P-62599,6,6,0,0,0,fjelstul
M-1986-08,WC-1986,1986,group stage,1986-06-03,Algeria,Algeria,Djamel Zidane,P-42885,59,59,0,0,0,fjelstul
M-1986-09,WC-1986,1986,group stage,1986-06-03,Portugal,Portugal,Carlos Manuel,P-81444,75,75,0,0,0,fjelstul
M-1986-10,WC-1986,1986,group stage,1986-06-04,Paraguay,Paraguay,Julio César Romero,P-73704,35,35,0,0,0,fjelstul
M-1986-11,WC-1986,1986,group stage,1986-06-04,Uruguay,Uruguay,Antonio Alzamendi,P-68463,4,4,0,0,0,fjelstul
M-1986-11,WC-1986,1986,group stage,1986-06-04,Germany,Germany,Klaus Allofs,P-95392,84,84,0,0,0,fjelstul
M-1986-12,WC-1986,1986,group stage,1986-06-04,Denmark,Denmark,Preben Elkjær,P-36502,57,57,0,0,0,fjelstul
M-1986-13,WC-1986,1986,group stage,1986-06-05,Italy,Italy,Alessandro Altobelli,P-46574,6,6,0,1,0,fjelstul
M-1986-13,WC-1986,1986,group stage,1986-06-05,Argentina,Argentina,Diego Maradona,P-80404,34,34,0,0,0,fjelstul
M-1986-14,WC-1986,1986,group stage,1986-06-05,Russia,Russia,Vasyl Rats,P-16126,53,53,0,0,0,fjelstul
M-1986-14,WC-1986,1986,group stage,1986-06-05,France,France,Luis Fernández,P-00643,62,62,0,0,0,fjelstul
M-1986-15,WC-1986,1986,group stage,1986-06-05,Bulgaria,Bulgaria,Plamen Getov,P-76141,11,11,0,0,0,fjelstul
M-1986-15,WC-1986,1986,group stage,1986-06-05,South Korea,South Korea,Jong-boo Kim,P-19309,70,70,0,0,0,fjelstul
M-1986-16,WC-1986,1986,group stage,1986-06-06,Hungary,Hungary,Márton Esterházy,P-06745,2,2,0,0,0,fjelstul
M-1986-16,WC-1986,1986,group stage,1986-06-06,Hungary,Hungary,Lajos Détári,P-88653,75,75,0,0,0,fjelstul
M-1986-17,WC-1986,1986,group stage,1986-06-06,Brazil,Brazil,Careca,P-90635,66,66,0,0,0,fjelstul
M-1986-19,WC-1986,1986,group stage,1986-06-07,Mexico,Mexico,Luis Flores,P-85837,3,3,0,0,0,fjelstul
M-1986-19,WC-1986,1986,group stage,1986-06-07,Paraguay,Paraguay,Julio César Romero,P-73704,85,85,0,0,0,fjelstul
M-1986-20,WC-1986,1986,group stage,1986-06-07,Spain,Spain,Emilio Butragueño,P-12940,1,1,0,0,0,fjelstul
M-1986-20,WC-1986,1986,group stage,1986-06-07,Spain,Spain,Julio Salinas,P-18314,18,18,0,0,0,fjelstul
M-1986-20,WC-1986,1986,group stage,1986-06-07,Northern Ireland,Northern Ireland,Colin Clarke,P-74529,46,46,0,0,0,fjelstul
M-1986-21,WC-1986,1986,group stage,1986-06-07,Poland,Poland,Włodzimierz Smolarek,P-57931,68,68,0,0,0,fjelstul
M-1986-22,WC-1986,1986,group stage,1986-06-08,Belgium,Belgium,Enzo Scifo,P-97414,16,16,0,0,0,fjelstul
M-1986-22,WC-1986,1986,group stage,1986-06-08,Belgium,Belgium,Nico Claesen,P-47038,21,21,0,1,0,fjelstul
M-1986-22,WC-1986,1986,group stage,1986-06-08,Iraq,Iraq,Ahmed Radhi,P-37600,59,59,0,0,0,fjelstul
M-1986-23,WC-1986,1986,group stage,1986-06-08,Scotland,Scotland,Gordon Strachan,P-46604,18,18,0,0,0,fjelstul
M-1986-23,WC-1986,1986,group stage,1986-06-08,Germany,Germany,Rudi Völler,P-04572,23,23,0,0,0,fjelstul
M-1986-23,WC-1986,1986,group stage,1986-06-08,Germany,Germany,Klaus Allofs,P-95392,49,49,0,0,0,fjelstul
M-1986-24,WC-1986,1986,group stage,1986-06-08,Denmark,Denmark,Preben Elkjær,P-36502,11,11,0,0,0,fjelstul
M-1986-24,WC-1986,1986,group stage,1986-06-08,Denmark,Denmark,Søren Lerby,P-92595,41,41,0,0,0,fjelstul
M-1986-24,WC-1986,1986,group stage,1986-06-08,Uruguay,Uruguay,Enzo Francescoli,P-36582,45,45,0,1,0,fjelstul
M-1986-24,WC-1986,1986,group stage,1986-06-08,Denmark,Denmark,Michael Laudrup,P-56788,52,52,0,0,0,fjelstul
M-1986-24,WC-1986,1986,group stage,1986-06-08,Denmark,Denmark,Preben Elkjær,P-36502,67,67,0,0,0,fjelstul
M-1986-24,WC-1986,1986,group stage,1986-06-08,Denmark,Denmark,Preben Elkjær,P-36502,80,80,0,0,0,fjelstul
M-1986-24,WC-1986,1986,group stage,1986-06-08,Denmark,Denmark,Jesper Olsen,P-21213,88,88,0,0,0,fjelstul
M-1986-25,WC-1986,1986,group stage,1986-06-09,France,France,Yannick Stopyra,P-22982,29,29,0,0,0,fjelstul
M-1986-25,WC-1986,1986,group stage,1986-06-09,France,France,Jean Tigana,P-76592,62,62,0,0,0,fjelstul
M-1986-25,WC-1986,1986,group stage,1986-06-09,France,France,Dominique Rocheteau,P-99991,84,84,0,0,0,fjelstul
M-1986-26,WC-1986,1986,group stage,1986-06-09,Russia,Russia,Oleh Blokhin,P-03282,58,58,0,0,0,fjelstul
M-1986-26,WC-1986,1986,group stage,1986-06-09,Russia,Russia,Oleksandr Zavarov,P-27906,74,74,0,0,0,fjelstul
M-1986-27,WC-1986,1986,group stage,1986-06-10,Argentina,Argentina,Jorge Valdano,P-02464,4,4,0,0,0,fjelstul
M-1986-27,WC-1986,1986,group stage,1986-06-10,Argentina,Argentina,Jorge Burruchaga,P-95267,77,77,0,0,0,fjelstul
M-1986-28,WC-1986,1986,group stage,1986-06-10,Italy,Italy,Alessandro Altobelli,P-46574,17,17,0,0,0,fjelstul
M-1986-28,WC-1986,1986,group stage,1986-06-10,South Korea,South Korea,Soon-ho Choi,P-51349,62,62,0,0,0,fjelstul
M-1986-28,WC-1986,1986,group stage,1986-06-10,Italy,Italy,Alessandro Altobelli,P-46574,73,73,0,0,0,fjelstul
M-1986-28,WC-1986,1986,group stage,1986-06-10,Italy,South Korea,Kwang-rae Cho,P-45849,82,82,0,0,1,fjelstul
M-1986-28,WC-1986,1986,group stage,1986-06-10,South Korea,South Korea,Jung-moo Huh,P-64475,83,83,0,0,0,fjelstul
M-1986-29,WC-1986,1986,group stage,1986-06-11,Mexico,Mexico,Fernando Quirarte,P-28996,54,54,0,0,0,fjelstul
M-1986-30,WC-1986,1986,group stage,1986-06-11,Belgium,Belgium,Franky Vercauteren,P-26401,30,30,0,0,0,fjelstul
M-1986-30,WC-1986,1986,group stage,1986-06-11,Paraguay,Paraguay,Roberto Cabañas,P-29440,50,50,0,0,0,fjelstul
M-1986-30,WC-1986,1986,group stage,1986-06-11,Belgium,Belgium,Daniel Veyt,P-24703,59,59,0,0,0,fjelstul
M-1986-30,WC-1986,1986,group stage,1986-06-11,Paraguay,Paraguay,Roberto Cabañas,P-29440,76,76,0,0,0,fjelstul
M-1986-31,WC-1986,1986,group stage,1986-06-11,England,England,Gary Lineker,P-36651,9,9,0,0,0,fjelstul
M-1986-31,WC-1986,1986,group stage,1986-06-11,England,England,Gary Lineker,P-36651,14,14,0,0,0,fjelstul
M-1986-31,WC-1986,1986,group stage,1986-06-11,England,England,Gary Lineker,P-36651,34,34,0,0,0,fjelstul
M-1986-32,WC-1986,1986,group stage,1986-06-11,Morocco,Morocco,Abderrazak Khairi,P-21024,19,19,0,0,0,fjelstul
M-1986-32,WC-1986,1986,group stage,1986-06-11,Morocco,Morocco,Abderrazak Khairi,P-21024,26,26,0,0,0,fjelstul
M-1986-32,WC-1986,1986,group stage,1986-06-11,Morocco,Morocco,Abdelkrim Merry,P-32922,62,62,0,0,0,fjelstul
M-1986-32,WC-1986,1986,group stage,1986-06-11,Portugal,Portugal,Diamantino,P-88661,80,80,0,0,0,fjelstul
M-1986-33,WC-1986,1986,group stage,1986-06-12,Spain,Spain,Ramón Calderé,P-14296,15,15,0,0,0,fjelstul
M-1986-33,WC-1986,1986,group stage,1986-06-12,Spain,Spain,Ramón Calderé,P-14296,68,68,0,0,0,fjelstul
M-1986-33,WC-1986,1986,group stage,1986-06-12,Spain,Spain,Eloy,P-74307,70,70,0,0,0,fjelstul
M-1986-34,WC-1986,1986,group stage,1986-06-12,Brazil,Brazil,Careca,P-90635,15,15,0,0,0,fjelstul
M-1986-34,WC-1986,1986,group stage,1986-06-12,Brazil,Brazil,Josimar,P-79755,42,42,0,0,0,fjelstul
M-1986-34,WC-1986,1986,group stage,1986-06-12,Brazil,Brazil,Careca,P-90635,87,87,0,0,0,fjelstul
M-1986-35,WC-1986,1986,group stage,1986-06-13,Denmark,Denmark,Jesper Olsen,P-21213,43,43,0,1,0,fjelstul
M-1986-35,WC-1986,1986,group stage,1986-06-13,Denmark,Denmark,John Eriksen,P-92292,62,62,0,0,0,fjelstul
M-1986-37,WC-1986,1986,round of 16,1986-06-15,Mexico,Mexico,Manuel Negrete,P-66199,34,34,0,0,0,fjelstul
M-1986-37,WC-1986,1986,round of 16,1986-06-15,Mexico,Mexico,Raúl Servín,P-89412,61,61,0,0,0,fjelstul
M-1986-38,WC-1986,1986,round of 16,1986-06-15,Russia,Russia,Ihor Belanov,P-10855,27,27,0,0,0,fjelstul
M-1986-38,WC-1986,1986,round of 16,1986-06-15,Belgium,Belgium,Enzo Scifo,P-97414,56,56,0,0,0,fjelstul
M-1986-38,WC-1986,1986,round of 16,1986-06-15,Russia,Russia,Ihor Belanov,P-10855,70,70,0,0,0,fjelstul
M-1986-38,WC-1986,1986,round of 16,1986-06-15,Belgium,Belgium,Jan Ceulemans,P-25456,77,77,0,0,0,fjelstul
M-1986-38,WC-1986,1986,round of 16,1986-06-15,Belgium,Belgium,Stéphane Demol,P-95299,102,102,0,0,0,fjelstul
M-1986-38,WC-1986,1986,round of 16,1986-06-15,Belgium,Belgium,Nico Claesen,P-47038,110,110,0,0,0,fjelstul
M-1986-38,WC-1986,1986,round of 16,1986-06-15,Russia,Russia,Ihor Belanov,P-10855,111,111,0,1,0,fjelstul
M-1986-39,WC-1986,1986,round of 16,1986-06-16,Brazil,Brazil,Sócrates,P-78605,30,30,0,1,0,fjelstul
M-1986-39,WC-1986,1986,round of 16,1986-06-16,Brazil,Brazil,Josimar,P-79755,55,55,0,0,0,fjelstul
M-1986-39,WC-1986,1986,round of 16,1986-06-16,Brazil,Brazil,Edinho,P-12950,79,79,0,0,0,fjelstul
M-1986-39,WC-1986,1986,round of 16,1986-06-16,Brazil,Brazil,Careca,P-90635,83,83,0,1,0,fjelstul
M-1986-40,WC-1986,1986,round of 16,1986-06-16,Argentina,Argentina,Pedro Pasculli,P-12666,42,42,0,0,0,fjelstul
M-1986-41,WC-1986,1986,round of 16,1986-06-17,France,France,Michel Platini,P-08939,15,15,0,0,0,fjelstul
M-1986-41,WC-1986,1986,round of 16,1986-06-17,France,France,Yannick Stopyra,P-22982,57,57,0,0,0,fjelstul
M-1986-42,WC-1986,1986,round of 16,1986-06-17,Germany,Germany,Lothar Matthäus,P-49502,87,87,0,0,0,fjelstul
M-1986-43,WC-1986,1986,round of 16,1986-06-18,England,England,Gary Lineker,P-36651,31,31,0,0,0,fjelstul
M-1986-43,WC-1986,1986,round of 16,1986-06-18,England,England,Peter Beardsley,P-18335,56,56,0,0,0,fjelstul
M-1986-43,WC-1986,1986,round of 16,1986-06-18,England,England,Gary Lineker,P-36651,73,73,0,0,0,fjelstul
M-1986-44,WC-1986,1986,round of 16,1986-06-18,Denmark,Denmark,Jesper Olsen,P-21213,33,33,0,1,0,fjelstul
M-1986-44,WC-1986,1986,round of 16,1986-06-18,Spain,Spain,Emilio Butragueño,P-12940,43,43,0,0,0,fjelstul
M-1986-44,WC-1986,1986,round of 16,1986-06-18,Spain,Spain,Emilio Butragueño,P-12940,56,56,0,0,0,fjelstul
M-1986-44,WC-1986,1986,round of 16,1986-06-18,Spain,Spain,Andoni Goikoetxea,P-93792,68,68,0,1,0,fjelstul
M-1986-44,WC-1986,1986,round of 16,1986-06-18,Spain,Spain,Emilio Butragueño,P-12940,80,80,0,0,0,fjelstul
M-1986-44,WC-1986,1986,round of 16,1986-06-18,Spain,Spain,Emilio Butragueño,P-12940,88,88,0,1,0,fjelstul
M-1986-45,WC-1986,1986,quarter-finals,1986-06-21,Brazil,Brazil,Careca,P-90635,17,17,0,0,0,fjelstul
M-1986-45,WC-1986,1986,quarter-finals,1986-06-21,France,France,Michel Platini,P-08939,40,40,0,0,0,fjelstul
M-1986-47,WC-1986,1986,quarter-finals,1986-06-22,Argentina,Argentina,Diego Maradona,P-80404,51,51,0,0,0,fjelstul
M-1986-47,WC-1986,1986,quarter-finals,1986-06-22,Argentina,Argentina,Diego Maradona,P-80404,55,55,0,0,0,fjelstul
M-1986-47,WC-1986,1986,quarter-finals,1986-06-22,England,England,Gary Lineker,P-36651,81,81,0,0,0,fjelstul
M-1986-48,WC-1986,1986,quarter-finals,1986-06-22,Belgium,Belgium,Jan Ceulemans,P-25456,35,35,0,0,0,fjelstul
M-1986-48,WC-1986,1986,quarter-finals,1986-06-22,Spain,Spain,Juan Antonio Señor,P-32414,85,85,0,0,0,fjelstul
M-1986-49,WC-1986,1986,semi-finals,1986-06-25,Germany,Germany,Andreas Brehme,P-67713,9,9,0,0,0,fjelstul
M-1986-49,WC-1986,1986,semi-finals,1986-06-25,Germany,Germany,Rudi Völler,P-04572,90,90,0,0,0,fjelstul
M-1986-50,WC-1986,1986,semi-finals,1986-06-25,Argentina,Argentina,Diego Maradona,P-80404,51,51,0,0,0,fjelstul
M-1986-50,WC-1986,1986,semi-finals,1986-06-25,Argentina,Argentina,Diego Maradona,P-80404,63,63,0,0,0,fjelstul
M-1986-51,WC-1986,1986,third-place match,1986-06-28,Belgium,Belgium,Jan Ceulemans,P-25456,11,11,0,0,0,fjelstul
M-1986-51,WC-1986,1986,third-place match,1986-06-28,France,France,Jean-Marc Ferreri,P-80821,27,27,0,0,0,fjelstul
M-1986-51,WC-1986,1986,third-place match,1986-06-28,France,France,Jean-Pierre Papin,P-31235,43,43,0,0,0,fjelstul
M-1986-51,WC-1986,1986,third-place match,1986-06-28,Belgium,Belgium,Nico Claesen,P-47038,73,73,0,0,0,fjelstul
M-1986-51,WC-1986,1986,third-place match,1986-06-28,France,France,Bernard Genghini,P-05511,104,104,0,0,0,fjelstul
M-1986-51,WC-1986,1986,third-place match,1986-06-28,France,France,Manuel Amoros,P-69834,111,111,0,1,0,fjelstul
M-1986-52,WC-1986,1986,final,1986-06-29,Argentina,Argentina,José Luis Brown,P-62815,23,23,0,0,0,fjelstul
M-1986-52,WC-1986,1986,final,1986-06-29,Argentina,Argentina,Jorge Valdano,P-02464,56,56,0,0,0,fjelstul
M-1986-52,WC-1986,1986,final,1986-06-29,Germany,Germany,Karl-Heinz Rummenigge,P-59574,74,74,0,0,0,fjelstul
M-1986-52,WC-1986,1986,final,1986-06-29,Germany,Germany,Rudi Völler,P-04572,81,81,0,0,0,fjelstul
M-1986-52,WC-1986,1986,final,1986-06-29,Argentina,Argentina,Jorge Burruchaga,P-95267,84,84,0,0,0,fjelstul
M-1990-01,WC-1990,1990,group stage,1990-06-08,Cameroon,Cameroon,François Omam-Biyik,P-77989,67,67,0,0,0,fjelstul
M-1990-02,WC-1990,1990,group stage,1990-06-09,Romania,Romania,Marius Lăcătuș,P-01137,41,41,0,0,0,fjelstul
M-1990-02,WC-1990,1990,group stage,1990-06-09,Romania,Romania,Marius Lăcătuș,P-01137,55,55,0,1,0,fjelstul
M-1990-03,WC-1990,1990,group stage,1990-06-09,Colombia,Colombia,Bernardo Redín,P-02405,50,50,0,0,0,fjelstul
M-1990-03,WC-1990,1990,group stage,1990-06-09,Colombia,Colombia,Carlos Valderrama,P-49600,85,85,0,0,0,fjelstul
M-1990-04,WC-1990,1990,group stage,1990-06-09,Italy,Italy,Salvatore Schillaci,P-76544,78,78,0,0,0,fjelstul
M-1990-05,WC-1990,1990,group stage,1990-06-10,Czech Republic,Czech Republic,Tomáš Skuhravý,P-71260,26,26,0,0,0,fjelstul
M-1990-05,WC-1990,1990,group stage,1990-06-10,Czech Republic,Czech Republic,Michal Bílek,P-08239,40,40,0,1,0,fjelstul
M-1990-05,WC-1990,1990,group stage,1990-06-10,Czech Republic,Czech Republic,Ivan Hašek,P-73737,50,50,0,0,0,fjelstul
M-1990-05,WC-1990,1990,group stage,1990-06-10,United States,United States,Paul Caligiuri,P-82723,60,60,0,0,0,fjelstul
M-1990-05,WC-1990,1990,group stage,1990-06-10,Czech Republic,Czech Republic,Tomáš Skuhravý,P-71260,78,78,0,0,0,fjelstul
M-1990-05,WC-1990,1990,group stage,1990-06-10,Czech Republic,Czech Republic,Milan Luhový,P-99987,93,90,3,0,0,fjelstul
M-1990-06,WC-1990,1990,group stage,1990-06-10,Brazil,Brazil,Careca,P-90635,40,40,0,0,0,fjelstul
M-1990-06,WC-1990,1990,group stage,1990-06-10,Brazil,Brazil,Careca,P-90635,63,63,0,0,0,fjelstul
M-1990-06,WC-1990,1990,group stage,1990-06-10,Sweden,Sweden,Tomas Brolin,P-26281,79,79,0,0,0,fjelstul
M-1990-07,WC-1990,1990,group stage,1990-06-10,Germany,Germany,Lothar Matthäus,P-49502,28,28,0,0,0,fjelstul
M-1990-07,WC-1990,1990,group stage,1990-06-10,Germany,Germany,Jürgen Klinsmann,P-91373,39,39,0,0,0,fjelstul
M-1990-07,WC-1990,1990,group stage,1990-06-10,Serbia,Serbia,Davor Jozić,P-01298,55,55,0,0,0,fjelstul
M-1990-07,WC-1990,1990,group stage,1990-06-10,Germany,Germany,Lothar Matthäus,P-49502,64,64,0,0,0,fjelstul
M-1990-07,WC-1990,1990,group stage,1990-06-10,Germany,Germany,Rudi Völler,P-04572,70,70,0,0,0,fjelstul
M-1990-08,WC-1990,1990,group stage,1990-06-11,Costa Rica,Costa Rica,Juan Cayasso,P-18941,49,49,0,0,0,fjelstul
M-1990-09,WC-1990,1990,group stage,1990-06-11,England,England,Gary Lineker,P-36651,9,9,0,0,0,fjelstul
M-1990-09,WC-1990,1990,group stage,1990-06-11,Republic of Ireland,Republic of Ireland,Kevin Sheedy,P-72379,73,73,0,0,0,fjelstul
M-1990-10,WC-1990,1990,group stage,1990-06-12,Belgium,Belgium,Marc Degryse,P-28230,53,53,0,0,0,fjelstul
M-1990-10,WC-1990,1990,group stage,1990-06-12,Belgium,Belgium,Michel De Wolf,P-39297,64,64,0,0,0,fjelstul
M-1990-11,WC-1990,1990,group stage,1990-06-12,Netherlands,Netherlands,Wim Kieft,P-11241,58,58,0,0,0,fjelstul
M-1990-11,WC-1990,1990,group stage,1990-06-12,Egypt,Egypt,Magdi Abdelghani,P-62193,83,83,0,1,0,fjelstul
M-1990-13,WC-1990,1990,group stage,1990-06-13,Argentina,Argentina,Pedro Troglio,P-30977,27,27,0,0,0,fjelstul
M-1990-13,WC-1990,1990,group stage,1990-06-13,Argentina,Argentina,Jorge Burruchaga,P-95267,79,79,0,0,0,fjelstul
M-1990-14,WC-1990,1990,group stage,1990-06-14,Cameroon,Cameroon,Roger Milla,P-58080,76,76,0,0,0,fjelstul
M-1990-14,WC-1990,1990,group stage,1990-06-14,Cameroon,Cameroon,Roger Milla,P-58080,86,86,0,0,0,fjelstul
M-1990-14,WC-1990,1990,group stage,1990-06-14,Romania,Romania,Gabi Balint,P-67274,88,88,0,0,0,fjelstul
M-1990-15,WC-1990,1990,group stage,1990-06-14,Serbia,Serbia,Davor Jozić,P-01298,75,75,0,0,0,fjelstul
M-1990-16,WC-1990,1990,group stage,1990-06-14,Italy,Italy,Giuseppe Giannini,P-75545,11,11,0,0,0,fjelstul
M-1990-17,WC-1990,1990,group stage,1990-06-15,Czech Republic,Czech Republic,Michal Bílek,P-08239,31,31,0,1,0,fjelstul
M-1990-18,WC-1990,1990,group stage,1990-06-15,Germany,Germany,Rudi Völler,P-04572,35,35,0,0,0,fjelstul
M-1990-18,WC-1990,1990,group stage,1990-06-15,Germany,Germany,Jürgen Klinsmann,P-91373,37,37,0,0,0,fjelstul
M-1990-18,WC-1990,1990,group stage,1990-06-15,United Arab Emirates,United Arab Emirates,Khalid Ismaïl,P-90097,46,46,0,0,0,fjelstul
M-1990-18,WC-1990,1990,group stage,1990-06-15,Germany,Germany,Lothar Matthäus,P-49502,47,47,0,0,0,fjelstul
M-1990-18,WC-1990,1990,group stage,1990-06-15,Germany,Germany,Uwe Bein,P-60022,58,58,0,0,0,fjelstul
M-1990-18,WC-1990,1990,group stage,1990-06-15,Germany,Germany,Rudi Völler,P-04572,75,75,0,0,0,fjelstul
M-1990-19,WC-1990,1990,group stage,1990-06-16,Brazil,Brazil,Müller,P-60969,33,33,0,0,0,fjelstul
M-1990-20,WC-1990,1990,group stage,1990-06-16,Scotland,Scotland,Stuart McCall,P-49470,11,11,0,0,0,fjelstul
M-1990-20,WC-1990,1990,group stage,1990-06-16,Scotland,Scotland,Mo Johnston,P-17223,81,81,0,1,0,fjelstul
M-1990-20,WC-1990,1990,group stage,1990-06-16,Sweden,Sweden,Glenn Strömberg,P-67329,86,86,0,0,0,fjelstul
M-1990-23,WC-1990,1990,group stage,1990-06-17,Belgium,Belgium,Leo Clijsters,P-05723,15,15,0,0,0,fjelstul
M-1990-23,WC-1990,1990,group stage,1990-06-17,Belgium,Belgium,Enzo Scifo,P-97414,24,24,0,0,0,fjelstul
M-1990-23,WC-1990,1990,group stage,1990-06-17,Belgium,Belgium,Jan Ceulemans,P-25456,47,47,0,0,0,fjelstul
M-1990-23,WC-1990,1990,group stage,1990-06-17,Uruguay,Uruguay,Pablo Bengoechea,P-52902,73,73,0,0,0,fjelstul
M-1990-24,WC-1990,1990,group stage,1990-06-17,Spain,Spain,Míchel,P-06498,23,23,0,0,0,fjelstul
M-1990-24,WC-1990,1990,group stage,1990-06-17,South Korea,South Korea,Kwan Hwangbo,P-76411,43,43,0,0,0,fjelstul
M-1990-24,WC-1990,1990,group stage,1990-06-17,Spain,Spain,Míchel,P-06498,61,61,0,0,0,fjelstul
M-1990-24,WC-1990,1990,group stage,1990-06-17,Spain,Spain,Míchel,P-06498,81,81,0,0,0,fjelstul
M-1990-25,WC-1990,1990,group stage,1990-06-18,Argentina,Argentina,Pedro Monzón,P-31161,62,62,0,0,0,fjelstul
M-1990-25,WC-1990,1990,group stage,1990-06-18,Romania,Romania,Gabi Balint,P-67274,68,68,0,0,0,fjelstul
M-1990-26,WC-1990,1990,group stage,1990-06-18,Russia,Russia,Oleh Protasov,P-10906,20,20,0,0,0,fjelstul
M-1990-26,WC-1990,1990,group stage,1990-06-18,Russia,Russia,Andrei Zygmantovich,P-05885,29,29,0,0,0,fjelstul
M-1990-26,WC-1990,1990,group stage,1990-06-18,Russia,Russia,Oleksandr Zavarov,P-27906,52,52,0,0,0,fjelstul
M-1990-26,WC-1990,1990,group stage,1990-06-18,Russia,Russia,Igor Dobrovolski,P-77250,63,63,0,0,0,fjelstul
M-1990-27,WC-1990,1990,group stage,1990-06-19,Germany,Germany,Pierre Littbarski,P-89975,88,88,0,0,0,fjelstul
M-1990-27,WC-1990,1990,group stage,1990-06-19,Colombia,Colombia,Freddy Rincón,P-69504,93,90,3,0,0,fjelstul
M-1990-28,WC-1990,1990,group stage,1990-06-19,Serbia,Serbia,Safet Sušić,P-74361,5,5,0,0,0,fjelstul
M-1990-28,WC-1990,1990,group stage,1990-06-19,Serbia,Serbia,Darko Pančev,P-31892,9,9,0,0,0,fjelstul
M-1990-28,WC-1990,1990,group stage,1990-06-19,United Arab Emirates,United Arab Emirates,Ali Thani Jumaa,P-56780,22,22,0,0,0,fjelstul
M-1990-28,WC-1990,1990,group stage,1990-06-19,Serbia,Serbia,Darko Pančev,P-31892,46,46,0,0,0,fjelstul
M-1990-28,WC-1990,1990,group stage,1990-06-19,Serbia,Serbia,Robert Prosinečki,P-62861,93,90,3,0,0,fjelstul
M-1990-29,WC-1990,1990,group stage,1990-06-19,Austria,Austria,Andreas Ogris,P-07284,49,49,0,0,0,fjelstul
M-1990-29,WC-1990,1990,group stage,1990-06-19,Austria,Austria,Gerhard Rodax,P-79953,63,63,0,0,0,fjelstul
M-1990-29,WC-1990,1990,group stage,1990-06-19,United States,United States,Bruce Murray,P-93627,83,83,0,0,0,fjelstul
M-1990-30,WC-1990,1990,group stage,1990-06-19,Italy,Italy,Salvatore Schillaci,P-76544,9,9,0,0,0,fjelstul
M-1990-30,WC-1990,1990,group stage,1990-06-19,Italy,Italy,Roberto Baggio,P-78756,78,78,0,0,0,fjelstul
M-1990-31,WC-1990,1990,group stage,1990-06-20,Brazil,Brazil,Müller,P-60969,81,81,0,0,0,fjelstul
M-1990-32,WC-1990,1990,group stage,1990-06-20,Sweden,Sweden,Johnny Ekström,P-60456,32,32,0,0,0,fjelstul
M-1990-32,WC-1990,1990,group stage,1990-06-20,Costa Rica,Costa Rica,Róger Flores,P-59912,75,75,0,0,0,fjelstul
M-1990-32,WC-1990,1990,group stage,1990-06-20,Costa Rica,Costa Rica,Hernán Medford,P-02273,87,87,0,0,0,fjelstul
M-1990-33,WC-1990,1990,group stage,1990-06-21,Spain,Spain,Míchel,P-06498,26,26,0,1,0,fjelstul
M-1990-33,WC-1990,1990,group stage,1990-06-21,Belgium,Belgium,Patrick Vervoort,P-92384,29,29,0,0,0,fjelstul
M-1990-33,WC-1990,1990,group stage,1990-06-21,Spain,Spain,Alberto Górriz,P-82189,38,38,0,0,0,fjelstul
M-1990-34,WC-1990,1990,group stage,1990-06-21,Uruguay,Uruguay,Daniel Fonseca,P-30100,91,90,1,0,0,fjelstul
M-1990-35,WC-1990,1990,group stage,1990-06-21,England,England,Mark Wright,P-68510,58,58,0,0,0,fjelstul
M-1990-36,WC-1990,1990,group stage,1990-06-21,Netherlands,Netherlands,Ruud Gullit,P-32830,11,11,0,0,0,fjelstul
M-1990-36,WC-1990,1990,group stage,1990-06-21,Republic of Ireland,Republic of Ireland,Niall Quinn,P-51629,71,71,0,0,0,fjelstul
M-1990-37,WC-1990,1990,round of 16,1990-06-23,Cameroon,Cameroon,Roger Milla,P-58080,106,106,0,0,0,fjelstul
M-1990-37,WC-1990,1990,round of 16,1990-06-23,Cameroon,Cameroon,Roger Milla,P-58080,108,108,0,0,0,fjelstul
M-1990-37,WC-1990,1990,round of 16,1990-06-23,Colombia,Colombia,Bernardo Redín,P-02405,115,115,0,0,0,fjelstul
M-1990-38,WC-1990,1990,round of 16,1990-06-23,Czech Republic,Czech Republic,Tomáš Skuhravý,P-71260,12,12,0,0,0,fjelstul
M-1990-38,WC-1990,1990,round of 16,1990-06-23,Costa Rica,Costa Rica,Rónald González Brenes,P-74237,55,55,0,0,0,fjelstul
M-1990-38,WC-1990,1990,round of 16,1990-06-23,Czech Republic,Czech Republic,Tomáš Skuhravý,P-71260,63,63,0,0,0,fjelstul
M-1990-38,WC-1990,1990,round of 16,1990-06-23,Czech Republic,Czech Republic,Luboš Kubík,P-16313,76,76,0,0,0,fjelstul
M-1990-38,WC-1990,1990,round of 16,1990-06-23,Czech Republic,Czech Republic,Tomáš Skuhravý,P-71260,82,82,0,0,0,fjelstul
M-1990-39,WC-1990,1990,round of 16,1990-06-24,Argentina,Argentina,Claudio Caniggia,P-35873,81,81,0,0,0,fjelstul
M-1990-40,WC-1990,1990,round of 16,1990-06-24,Germany,Germany,Jürgen Klinsmann,P-91373,51,51,0,0,0,fjelstul
M-1990-40,WC-1990,1990,round of 16,1990-06-24,Germany,Germany,Andreas Brehme,P-67713,85,85,0,0,0,fjelstul
M-1990-40,WC-1990,1990,round of 16,1990-06-24,Netherlands,Netherlands,Ronald Koeman,P-72919,89,89,0,1,0,fjelstul
M-1990-42,WC-1990,1990,round of 16,1990-06-25,Italy,Italy,Salvatore Schillaci,P-76544,65,65,0,0,0,fjelstul
M-1990-42,WC-1990,1990,round of 16,1990-06-25,Italy,Italy,Aldo Serena,P-35253,83,83,0,0,0,fjelstul
M-1990-43,WC-1990,1990,round of 16,1990-06-26,Serbia,Serbia,Dragan Stojković,P-93318,78,78,0,0,0,fjelstul
M-1990-43,WC-1990,1990,round of 16,1990-06-26,Spain,Spain,Julio Salinas,P-18314,84,84,0,0,0,fjelstul
M-1990-43,WC-1990,1990,round of 16,1990-06-26,Serbia,Serbia,Dragan Stojković,P-93318,93,93,0,0,0,fjelstul
M-1990-44,WC-1990,1990,round of 16,1990-06-26,England,England,David Platt,P-34450,119,119,0,0,0,fjelstul
M-1990-46,WC-1990,1990,quarter-finals,1990-06-30,Italy,Italy,Salvatore Schillaci,P-76544,38,38,0,0,0,fjelstul
M-1990-47,WC-1990,1990,quarter-finals,1990-07-01,Germany,Germany,Lothar Matthäus,P-49502,25,25,0,1,0,fjelstul
M-1990-48,WC-1990,1990,quarter-finals,1990-07-01,England,England,David Platt,P-34450,25,25,0,0,0,fjelstul
M-1990-48,WC-1990,1990,quarter-finals,1990-07-01,Cameroon,Cameroon,Emmanuel Kundé,P-44016,61,61,0,1,0,fjelstul
M-1990-48,WC-1990,1990,quarter-finals,1990-07-01,Cameroon,Cameroon,Eugène Ekéké,P-41084,65,65,0,0,0,fjelstul
M-1990-48,WC-1990,1990,quarter-finals,1990-07-01,England,England,Gary Lineker,P-36651,83,83,0,1,0,fjelstul
M-1990-48,WC-1990,1990,quarter-finals,1990-07-01,England,England,Gary Lineker,P-36651,105,105,0,1,0,fjelstul
M-1990-49,WC-1990,1990,semi-finals,1990-07-03,Italy,Italy,Salvatore Schillaci,P-76544,17,17,0,0,0,fjelstul
M-1990-49,WC-1990,1990,semi-finals,1990-07-03,Argentina,Argentina,Claudio Caniggia,P-35873,67,67,0,0,0,fjelstul
M-1990-50,WC-1990,1990,semi-finals,1990-07-04,Germany,Germany,Andreas Brehme,P-67713,60,60,0,0,0,fjelstul
M-1990-50,WC-1990,1990,semi-finals,1990-07-04,England,England,Gary Lineker,P-36651,80,80,0,0,0,fjelstul
M-1990-51,WC-1990,1990,third-place match,1990-07-07,Italy,Italy,Roberto Baggio,P-78756,71,71,0,0,0,fjelstul
M-1990-51,WC-1990,1990,third-place match,1990-07-07,England,England,David Platt,P-34450,81,81,0,0,0,fjelstul
M-1990-51,WC-1990,1990,third-place match,1990-07-07,Italy,Italy,Salvatore Schillaci,P-76544,86,86,0,1,0,fjelstul
M-1990-52,WC-1990,1990,final,1990-07-08,Germany,Germany,Andreas Brehme,P-67713,85,85,0,1,0,fjelstul
M-1994-01,WC-1994,1994,group stage,1994-06-17,Germany,Germany,Jürgen Klinsmann,P-91373,61,61,0,0,0,fjelstul
M-1994-02,WC-1994,1994,group stage,1994-06-17,Spain,Spain,Julio Salinas,P-18314,51,51,0,0,0,fjelstul
M-1994-02,WC-1994,1994,group stage,1994-06-17,Spain,Spain,Andoni Goikoetxea,P-00619,55,55,0,0,0,fjelstul
M-1994-02,WC-1994,1994,group stage,1994-06-17,South Korea,South Korea,Myung-bo Hong,P-55097,85,85,0,0,0,fjelstul
M-1994-02,WC-1994,1994,group stage,1994-06-17,South Korea,South Korea,Jung-won Seo,P-65525,90,90,0,0,0,fjelstul
M-1994-03,WC-1994,1994,group stage,1994-06-18,Switzerland,Switzerland,Georges Bregy,P-26437,39,39,0,0,0,fjelstul
M-1994-03,WC-1994,1994,group stage,1994-06-18,United States,United States,Eric Wynalda,P-67232,44,44,0,0,0,fjelstul
M-1994-04,WC-1994,1994,group stage,1994-06-18,Republic of Ireland,Republic of Ireland,Ray Houghton,P-95491,11,11,0,0,0,fjelstul
M-1994-05,WC-1994,1994,group stage,1994-06-18,Romania,Romania,Florin Răducioiu,P-69340,15,15,0,0,0,fjelstul
M-1994-05,WC-1994,1994,group stage,1994-06-18,Romania,Romania,Gheorghe Hagi,P-30739,34,34,0,0,0,fjelstul
M-1994-05,WC-1994,1994,group stage,1994-06-18,Colombia,Colombia,Adolfo Valencia,P-55994,43,43,0,0,0,fjelstul
M-1994-05,WC-1994,1994,group stage,1994-06-18,Romania,Romania,Florin Răducioiu,P-69340,89,89,0,0,0,fjelstul
M-1994-06,WC-1994,1994,group stage,1994-06-19,Belgium,Belgium,Marc Degryse,P-28230,11,11,0,0,0,fjelstul
M-1994-07,WC-1994,1994,group stage,1994-06-19,Norway,Norway,Kjetil Rekdal,P-72296,84,84,0,0,0,fjelstul
M-1994-08,WC-1994,1994,group stage,1994-06-19,Sweden,Sweden,Roger Ljung,P-75066,8,8,0,0,0,fjelstul
M-1994-08,WC-1994,1994,group stage,1994-06-19,Cameroon,Cameroon,David Embé,P-43560,31,31,0,0,0,fjelstul
M-1994-08,WC-1994,1994,group stage,1994-06-19,Cameroon,Cameroon,François Omam-Biyik,P-77989,47,47,0,0,0,fjelstul
M-1994-08,WC-1994,1994,group stage,1994-06-19,Sweden,Sweden,Martin Dahlin,P-63429,75,75,0,0,0,fjelstul
M-1994-09,WC-1994,1994,group stage,1994-06-20,Brazil,Brazil,Romário,P-61251,26,26,0,0,0,fjelstul
M-1994-09,WC-1994,1994,group stage,1994-06-20,Brazil,Brazil,Raí,P-93386,52,52,0,1,0,fjelstul
M-1994-10,WC-1994,1994,group stage,1994-06-20,Saudi Arabia,Saudi Arabia,Fuad Anwar,P-21550,18,18,0,0,0,fjelstul
M-1994-10,WC-1994,1994,group stage,1994-06-20,Netherlands,Netherlands,Wim Jonk,P-27957,50,50,0,0,0,fjelstul
M-1994-10,WC-1994,1994,group stage,1994-06-20,Netherlands,Netherlands,Gaston Taument,P-20827,86,86,0,0,0,fjelstul
M-1994-11,WC-1994,1994,group stage,1994-06-21,Argentina,Argentina,Gabriel Batistuta,P-84542,2,2,0,0,0,fjelstul
M-1994-11,WC-1994,1994,group stage,1994-06-21,Argentina,Argentina,Gabriel Batistuta,P-84542,44,44,0,0,0,fjelstul
M-1994-11,WC-1994,1994,group stage,1994-06-21,Argentina,Argentina,Diego Maradona,P-80404,60,60,0,0,0,fjelstul
M-1994-11,WC-1994,1994,group stage,1994-06-21,Argentina,Argentina,Gabriel Batistuta,P-84542,90,90,0,1,0,fjelstul
M-1994-12,WC-1994,1994,group stage,1994-06-21,Spain,Spain,Andoni Goikoetxea,P-00619,14,14,0,0,0,fjelstul
M-1994-12,WC-1994,1994,group stage,1994-06-21,Germany,Germany,Jürgen Klinsmann,P-91373,48,48,0,0,0,fjelstul
M-1994-13,WC-1994,1994,group stage,1994-06-21,Nigeria,Nigeria,Rashidi Yekini,P-98228,21,21,0,0,0,fjelstul
M-1994-13,WC-1994,1994,group stage,1994-06-21,Nigeria,Nigeria,Daniel Amokachi,P-84893,43,43,0,0,0,fjelstul
M-1994-13,WC-1994,1994,group stage,1994-06-21,Nigeria,Nigeria,Emmanuel Amunike,P-22820,55,55,0,0,0,fjelstul
M-1994-14,WC-1994,1994,group stage,1994-06-22,Switzerland,Switzerland,Alain Sutter,P-56818,16,16,0,0,0,fjelstul
M-1994-14,WC-1994,1994,group stage,1994-06-22,Romania,Romania,Gheorghe Hagi,P-30739,35,35,0,0,0,fjelstul
M-1994-14,WC-1994,1994,group stage,1994-06-22,Switzerland,Switzerland,Stéphane Chapuisat,P-28977,52,52,0,0,0,fjelstul
M-1994-14,WC-1994,1994,group stage,1994-06-22,Switzerland,Switzerland,Adrian Knup,P-01678,65,65,0,0,0,fjelstul
M-1994-14,WC-1994,1994,group stage,1994-06-22,Switzerland,Switzerland,Adrian Knup,P-01678,72,72,0,0,0,fjelstul
M-1994-15,WC-1994,1994,group stage,1994-06-22,United States,Colombia,Andrés Escobar,P-70177,35,35,0,0,1,fjelstul
M-1994-15,WC-1994,1994,group stage,1994-06-22,United States,United States,Earnie Stewart,P-96178,52,52,0,0,0,fjelstul
M-1994-15,WC-1994,1994,group stage,1994-06-22,Colombia,Colombia,Adolfo Valencia,P-55994,90,90,0,0,0,fjelstul
M-1994-16,WC-1994,1994,group stage,1994-06-23,Italy,Italy,Dino Baggio,P-52474,69,69,0,0,0,fjelstul
M-1994-18,WC-1994,1994,group stage,1994-06-24,Mexico,Mexico,Luis García Postigo,P-46904,42,42,0,0,0,fjelstul
M-1994-18,WC-1994,1994,group stage,1994-06-24,Mexico,Mexico,Luis García Postigo,P-46904,65,65,0,0,0,fjelstul
M-1994-18,WC-1994,1994,group stage,1994-06-24,Republic of Ireland,Republic of Ireland,John Aldridge,P-42603,84,84,0,0,0,fjelstul
M-1994-19,WC-1994,1994,group stage,1994-06-24,Brazil,Brazil,Romário,P-61251,39,39,0,0,0,fjelstul
M-1994-19,WC-1994,1994,group stage,1994-06-24,Brazil,Brazil,Márcio Santos,P-07679,66,66,0,0,0,fjelstul
M-1994-19,WC-1994,1994,group stage,1994-06-24,Brazil,Brazil,Bebeto,P-68671,73,73,0,0,0,fjelstul
M-1994-20,WC-1994,1994,group stage,1994-06-24,Russia,Russia,Oleg Salenko,P-73354,4,4,0,1,0,fjelstul
M-1994-20,WC-1994,1994,group stage,1994-06-24,Sweden,Sweden,Tomas Brolin,P-26281,39,39,0,1,0,fjelstul
M-1994-20,WC-1994,1994,group stage,1994-06-24,Sweden,Sweden,Martin Dahlin,P-63429,60,60,0,0,0,fjelstul
M-1994-20,WC-1994,1994,group stage,1994-06-24,Sweden,Sweden,Martin Dahlin,P-63429,82,82,0,0,0,fjelstul
M-1994-21,WC-1994,1994,group stage,1994-06-25,Belgium,Belgium,Philippe Albert,P-43307,65,65,0,0,0,fjelstul
M-1994-22,WC-1994,1994,group stage,1994-06-25,Saudi Arabia,Saudi Arabia,Sami Al-Jaber,P-88041,7,7,0,1,0,fjelstul
M-1994-22,WC-1994,1994,group stage,1994-06-25,Morocco,Morocco,Mohammed Chaouch,P-09278,26,26,0,0,0,fjelstul
M-1994-22,WC-1994,1994,group stage,1994-06-25,Saudi Arabia,Saudi Arabia,Fuad Anwar,P-21550,45,45,0,0,0,fjelstul
M-1994-23,WC-1994,1994,group stage,1994-06-25,Nigeria,Nigeria,Samson Siasia,P-72487,8,8,0,0,0,fjelstul
M-1994-23,WC-1994,1994,group stage,1994-06-25,Argentina,Argentina,Claudio Caniggia,P-35873,21,21,0,0,0,fjelstul
M-1994-23,WC-1994,1994,group stage,1994-06-25,Argentina,Argentina,Claudio Caniggia,P-35873,28,28,0,0,0,fjelstul
M-1994-24,WC-1994,1994,group stage,1994-06-26,Bulgaria,Bulgaria,Hristo Stoichkov,P-81648,5,5,0,1,0,fjelstul
M-1994-24,WC-1994,1994,group stage,1994-06-26,Bulgaria,Bulgaria,Hristo Stoichkov,P-81648,55,55,0,1,0,fjelstul
M-1994-24,WC-1994,1994,group stage,1994-06-26,Bulgaria,Bulgaria,Yordan Letchkov,P-19567,65,65,0,0,0,fjelstul
M-1994-24,WC-1994,1994,group stage,1994-06-26,Bulgaria,Bulgaria,Daniel Borimirov,P-40793,90,90,0,0,0,fjelstul
M-1994-25,WC-1994,1994,group stage,1994-06-26,Colombia,Colombia,Hermán Gaviria,P-42991,44,44,0,0,0,fjelstul
M-1994-25,WC-1994,1994,group stage,1994-06-26,Colombia,Colombia,John Harold Lozano,P-19743,90,90,0,0,0,fjelstul
M-1994-26,WC-1994,1994,group stage,1994-06-26,Romania,Romania,Dan Petrescu,P-12625,18,18,0,0,0,fjelstul
M-1994-27,WC-1994,1994,group stage,1994-06-27,Spain,Spain,Josep Guardiola,P-78385,19,19,0,1,0,fjelstul
M-1994-27,WC-1994,1994,group stage,1994-06-27,Spain,Spain,José Luis Caminero,P-97666,66,66,0,0,0,fjelstul
M-1994-27,WC-1994,1994,group stage,1994-06-27,Bolivia,Bolivia,Erwin Sánchez,P-09978,67,67,0,0,0,fjelstul
M-1994-27,WC-1994,1994,group stage,1994-06-27,Spain,Spain,José Luis Caminero,P-97666,70,70,0,0,0,fjelstul
M-1994-28,WC-1994,1994,group stage,1994-06-27,Germany,Germany,Jürgen Klinsmann,P-91373,12,12,0,0,0,fjelstul
M-1994-28,WC-1994,1994,group stage,1994-06-27,Germany,Germany,Karl-Heinz Riedle,P-43380,20,20,0,0,0,fjelstul
M-1994-28,WC-1994,1994,group stage,1994-06-27,Germany,Germany,Jürgen Klinsmann,P-91373,37,37,0,0,0,fjelstul
M-1994-28,WC-1994,1994,group stage,1994-06-27,South Korea,South Korea,Sun-hong Hwang,P-15222,52,52,0,0,0,fjelstul
M-1994-28,WC-1994,1994,group stage,1994-06-27,South Korea,South Korea,Myung-bo Hong,P-55097,63,63,0,0,0,fjelstul
M-1994-29,WC-1994,1994,group stage,1994-06-28,Italy,Italy,Daniele Massaro,P-31072,48,48,0,0,0,fjelstul
M-1994-29,WC-1994,1994,group stage,1994-06-28,Mexico,Mexico,Marcelino Bernal,P-40627,57,57,0,0,0,fjelstul
M-1994-31,WC-1994,1994,group stage,1994-06-28,Russia,Russia,Oleg Salenko,P-73354,15,15,0,0,0,fjelstul
M-1994-31,WC-1994,1994,group stage,1994-06-28,Russia,Russia,Oleg Salenko,P-73354,41,41,0,0,0,fjelstul
M-1994-31,WC-1994,1994,group stage,1994-06-28,Russia,Russia,Oleg Salenko,P-73354,44,44,0,1,0,fjelstul
M-1994-31,WC-1994,1994,group stage,1994-06-28,Cameroon,Cameroon,Roger Milla,P-58080,46,46,0,0,0,fjelstul
M-1994-31,WC-1994,1994,group stage,1994-06-28,Russia,Russia,Oleg Salenko,P-73354,72,72,0,0,0,fjelstul
M-1994-31,WC-1994,1994,group stage,1994-06-28,Russia,Russia,Oleg Salenko,P-73354,75,75,0,0,0,fjelstul
M-1994-31,WC-1994,1994,group stage,1994-06-28,Russia,Russia,Dmitri Radchenko,P-42532,81,81,0,0,0,fjelstul
M-1994-32,WC-1994,1994,group stage,1994-06-28,Sweden,Sweden,Kennet Andersson,P-60371,23,23,0,0,0,fjelstul
M-1994-32,WC-1994,1994,group stage,1994-06-28,Brazil,Brazil,Romário,P-61251,47,47,0,0,0,fjelstul
M-1994-33,WC-1994,1994,group stage,1994-06-29,Saudi Arabia,Saudi Arabia,Saeed Al-Owairan,P-41428,5,5,0,0,0,fjelstul
M-1994-34,WC-1994,1994,group stage,1994-06-29,Netherlands,Netherlands,Dennis Bergkamp,P-22409,43,43,0,0,0,fjelstul
M-1994-34,WC-1994,1994,group stage,1994-06-29,Morocco,Morocco,Hassan Nader,P-89133,47,47,0,0,0,fjelstul
M-1994-34,WC-1994,1994,group stage,1994-06-29,Netherlands,Netherlands,Bryan Roy,P-03942,77,77,0,0,0,fjelstul
M-1994-35,WC-1994,1994,group stage,1994-06-30,Bulgaria,Bulgaria,Hristo Stoichkov,P-81648,61,61,0,0,0,fjelstul
M-1994-35,WC-1994,1994,group stage,1994-06-30,Bulgaria,Bulgaria,Nasko Sirakov,P-05061,93,90,3,0,0,fjelstul
M-1994-36,WC-1994,1994,group stage,1994-06-30,Nigeria,Nigeria,Finidi George,P-54287,47,45,2,0,0,fjelstul
M-1994-36,WC-1994,1994,group stage,1994-06-30,Nigeria,Nigeria,Daniel Amokachi,P-84893,95,90,5,0,0,fjelstul
M-1994-37,WC-1994,1994,round of 16,1994-07-02,Germany,Germany,Rudi Völler,P-04572,6,6,0,0,0,fjelstul
M-1994-37,WC-1994,1994,round of 16,1994-07-02,Belgium,Belgium,Georges Grün,P-99499,8,8,0,0,0,fjelstul
M-1994-37,WC-1994,1994,round of 16,1994-07-02,Germany,Germany,Jürgen Klinsmann,P-91373,11,11,0,0,0,fjelstul
M-1994-37,WC-1994,1994,round of 16,1994-07-02,Germany,Germany,Rudi Völler,P-04572,38,38,0,0,0,fjelstul
M-1994-37,WC-1994,1994,round of 16,1994-07-02,Belgium,Belgium,Philippe Albert,P-43307,90,90,0,0,0,fjelstul
M-1994-38,WC-1994,1994,round of 16,1994-07-02,Spain,Spain,Fernando Hierro,P-35246,15,15,0,0,0,fjelstul
M-1994-38,WC-1994,1994,round of 16,1994-07-02,Spain,Spain,Luis Enrique,P-38878,74,74,0,0,0,fjelstul
M-1994-38,WC-1994,1994,round of 16,1994-07-02,Spain,Spain,Txiki Begiristain,P-23403,86,86,0,1,0,fjelstul
M-1994-39,WC-1994,1994,round of 16,1994-07-03,Sweden,Sweden,Martin Dahlin,P-63429,6,6,0,0,0,fjelstul
M-1994-39,WC-1994,1994,round of 16,1994-07-03,Sweden,Sweden,Kennet Andersson,P-60371,51,51,0,0,0,fjelstul
M-1994-39,WC-1994,1994,round of 16,1994-07-03,Saudi Arabia,Saudi Arabia,Fahad Al-Ghesheyan,P-39267,85,85,0,0,0,fjelstul
M-1994-39,WC-1994,1994,round of 16,1994-07-03,Sweden,Sweden,Kennet Andersson,P-60371,88,88,0,0,0,fjelstul
M-1994-40,WC-1994,1994,round of 16,1994-07-03,Romania,Romania,Ilie Dumitrescu,P-54322,11,11,0,0,0,fjelstul
M-1994-40,WC-1994,1994,round of 16,1994-07-03,Argentina,Argentina,Gabriel Batistuta,P-84542,16,16,0,1,0,fjelstul
M-1994-40,WC-1994,1994,round of 16,1994-07-03,Romania,Romania,Ilie Dumitrescu,P-54322,18,18,0,0,0,fjelstul
M-1994-40,WC-1994,1994,round of 16,1994-07-03,Romania,Romania,Gheorghe Hagi,P-30739,58,58,0,0,0,fjelstul
M-1994-40,WC-1994,1994,round of 16,1994-07-03,Argentina,Argentina,Abel Balbo,P-07031,75,75,0,0,0,fjelstul
M-1994-41,WC-1994,1994,round of 16,1994-07-04,Netherlands,Netherlands,Dennis Bergkamp,P-22409,11,11,0,0,0,fjelstul
M-1994-41,WC-1994,1994,round of 16,1994-07-04,Netherlands,Netherlands,Wim Jonk,P-27957,41,41,0,0,0,fjelstul
M-1994-42,WC-1994,1994,round of 16,1994-07-04,Brazil,Brazil,Bebeto,P-68671,72,72,0,0,0,fjelstul
M-1994-43,WC-1994,1994,round of 16,1994-07-05,Nigeria,Nigeria,Emmanuel Amunike,P-22820,25,25,0,0,0,fjelstul
M-1994-43,WC-1994,1994,round of 16,1994-07-05,Italy,Italy,Roberto Baggio,P-78756,88,88,0,0,0,fjelstul
M-1994-43,WC-1994,1994,round of 16,1994-07-05,Italy,Italy,Roberto Baggio,P-78756,102,102,0,1,0,fjelstul
M-1994-44,WC-1994,1994,round of 16,1994-07-05,Bulgaria,Bulgaria,Hristo Stoichkov,P-81648,6,6,0,0,0,fjelstul
M-1994-44,WC-1994,1994,round of 16,1994-07-05,Mexico,Mexico,Alberto García Aspe,P-21495,18,18,0,1,0,fjelstul
M-1994-45,WC-1994,1994,quarter-finals,1994-07-09,Italy,Italy,Dino Baggio,P-52474,25,25,0,0,0,fjelstul
M-1994-45,WC-1994,1994,quarter-finals,1994-07-09,Spain,Spain,José Luis Caminero,P-97666,58,58,0,0,0,fjelstul
M-1994-45,WC-1994,1994,quarter-finals,1994-07-09,Italy,Italy,Roberto Baggio,P-78756,88,88,0,0,0,fjelstul
M-1994-46,WC-1994,1994,quarter-finals,1994-07-09,Brazil,Brazil,Romário,P-61251,53,53,0,0,0,fjelstul
M-1994-46,WC-1994,1994,quarter-finals,1994-07-09,Brazil,Brazil,Bebeto,P-68671,63,63,0,0,0,fjelstul
M-1994-46,WC-1994,1994,quarter-finals,1994-07-09,Netherlands,Netherlands,Dennis Bergkamp,P-22409,64,64,0,0,0,fjelstul
M-1994-46,WC-1994,1994,quarter-finals,1994-07-09,Netherlands,Netherlands,Aron Winter,P-42249,76,76,0,0,0,fjelstul
M-1994-46,WC-1994,1994,quarter-finals,1994-07-09,Brazil,Brazil,Branco,P-90842,81,81,0,0,0,fjelstul
M-1994-47,WC-1994,1994,quarter-finals,1994-07-10,Germany,Germany,Lothar Matthäus,P-49502,47,47,0,1,0,fjelstul
M-1994-47,WC-1994,1994,quarter-finals,1994-07-10,Bulgaria,Bulgaria,Hristo Stoichkov,P-81648,75,75,0,0,0,fjelstul
M-1994-47,WC-1994,1994,quarter-finals,1994-07-10,Bulgaria,Bulgaria,Yordan Letchkov,P-19567,78,78,0,0,0,fjelstul
M-1994-48,WC-1994,1994,quarter-finals,1994-07-10,Sweden,Sweden,Tomas Brolin,P-26281,78,78,0,0,0,fjelstul
M-1994-48,WC-1994,1994,quarter-finals,1994-07-10,Romania,Romania,Florin Răducioiu,P-69340,88,88,0,0,0,fjelstul
M-1994-48,WC-1994,1994,quarter-finals,1994-07-10,Romania,Romania,Florin Răducioiu,P-69340,101,101,0,0,0,fjelstul
M-1994-48,WC-1994,1994,quarter-finals,1994-07-10,Sweden,Sweden,Kennet Andersson,P-60371,115,115,0,0,0,fjelstul
M-1994-49,WC-1994,1994,semi-finals,1994-07-13,Italy,Italy,Roberto Baggio,P-78756,21,21,0,0,0,fjelstul
M-1994-49,WC-1994,1994,semi-finals,1994-07-13,Italy,Italy,Roberto Baggio,P-78756,25,25,0,0,0,fjelstul
M-1994-49,WC-1994,1994,semi-finals,1994-07-13,Bulgaria,Bulgaria,Hristo Stoichkov,P-81648,44,44,0,1,0,fjelstul
M-1994-50,WC-1994,1994,semi-finals,1994-07-13,Brazil,Brazil,Romário,P-61251,80,80,0,0,0,fjelstul
M-1994-51,WC-1994,1994,third-place match,1994-07-16,Sweden,Sweden,Tomas Brolin,P-26281,8,8,0,0,0,fjelstul
M-1994-51,WC-1994,1994,third-place match,1994-07-16,Sweden,Sweden,Håkan Mild,P-66178,30,30,0,0,0,fjelstul
M-1994-51,WC-1994,1994,third-place match,1994-07-16,Sweden,Sweden,Henrik Larsson,P-42895,37,37,0,0,0,fjelstul
M-1994-51,WC-1994,1994,third-place match,1994-07-16,Sweden,Sweden,Kennet Andersson,P-60371,39,39,0,0,0,fjelstul
M-1998-01,WC-1998,1998,group stage,1998-06-10,Brazil,Brazil,César Sampaio,P-03658,5,5,0,0,0,fjelstul
M-1998-01,WC-1998,1998,group stage,1998-06-10,Scotland,Scotland,John Collins,P-39646,38,38,0,1,0,fjelstul
M-1998-01,WC-1998,1998,group stage,1998-06-10,Brazil,Scotland,Tom Boyd,P-48864,74,74,0,0,1,fjelstul
M-1998-02,WC-1998,1998,group stage,1998-06-10,Morocco,Morocco,Mustapha Hadji,P-45896,37,37,0,0,0,fjelstul
M-1998-02,WC-1998,1998,group stage,1998-06-10,Norway,Morocco,Youssef Chippo,P-78077,46,45,1,0,1,fjelstul
M-1998-02,WC-1998,1998,group stage,1998-06-10,Morocco,Morocco,Abdeljalil Hadda,P-14349,60,60,0,0,0,fjelstul
M-1998-02,WC-1998,1998,group stage,1998-06-10,Norway,Norway,Dan Eggen,P-59890,61,61,0,0,0,fjelstul
M-1998-03,WC-1998,1998,group stage,1998-06-11,Italy,Italy,Christian Vieri,P-34670,10,10,0,0,0,fjelstul
M-1998-03,WC-1998,1998,group stage,1998-06-11,Chile,Chile,Marcelo Salas,P-39251,48,45,3,0,0,fjelstul
M-1998-03,WC-1998,1998,group stage,1998-06-11,Chile,Chile,Marcelo Salas,P-39251,50,50,0,0,0,fjelstul
M-1998-03,WC-1998,1998,group stage,1998-06-11,Italy,Italy,Roberto Baggio,P-78756,84,84,0,1,0,fjelstul
M-1998-04,WC-1998,1998,group stage,1998-06-11,Cameroon,Cameroon,Pierre Njanka,P-53197,77,77,0,0,0,fjelstul
M-1998-04,WC-1998,1998,group stage,1998-06-11,Austria,Austria,Toni Polster,P-16938,91,90,1,0,0,fjelstul
M-1998-06,WC-1998,1998,group stage,1998-06-12,Denmark,Denmark,Marc Rieper,P-77711,69,69,0,0,0,fjelstul
M-1998-07,WC-1998,1998,group stage,1998-06-12,France,France,Christophe Dugarry,P-74065,35,35,0,0,0,fjelstul
M-1998-07,WC-1998,1998,group stage,1998-06-12,France,South Africa,Pierre Issa,P-65806,77,77,0,0,1,fjelstul
M-1998-07,WC-1998,1998,group stage,1998-06-12,France,France,Thierry Henry,P-51395,92,90,2,0,0,fjelstul
M-1998-08,WC-1998,1998,group stage,1998-06-13,Spain,Spain,Fernando Hierro,P-35246,21,21,0,0,0,fjelstul
M-1998-08,WC-1998,1998,group stage,1998-06-13,Nigeria,Nigeria,Mutiu Adepoju,P-56969,24,24,0,0,0,fjelstul
M-1998-08,WC-1998,1998,group stage,1998-06-13,Spain,Spain,Raúl,P-24556,47,47,0,0,0,fjelstul
M-1998-08,WC-1998,1998,group stage,1998-06-13,Nigeria,Spain,Andoni Zubizarreta,P-63214,73,73,0,0,1,fjelstul
M-1998-08,WC-1998,1998,group stage,1998-06-13,Nigeria,Nigeria,Sunday Oliseh,P-41790,78,78,0,0,0,fjelstul
M-1998-09,WC-1998,1998,group stage,1998-06-13,South Korea,South Korea,Seok-ju Ha,P-55350,27,27,0,0,0,fjelstul
M-1998-09,WC-1998,1998,group stage,1998-06-13,Mexico,Mexico,Ricardo Peláez,P-50252,50,50,0,0,0,fjelstul
M-1998-09,WC-1998,1998,group stage,1998-06-13,Mexico,Mexico,Luis Hernández,P-45941,75,75,0,0,0,fjelstul
M-1998-09,WC-1998,1998,group stage,1998-06-13,Mexico,Mexico,Luis Hernández,P-45941,84,84,0,0,0,fjelstul
M-1998-11,WC-1998,1998,group stage,1998-06-14,Argentina,Argentina,Gabriel Batistuta,P-84542,28,28,0,0,0,fjelstul
M-1998-12,WC-1998,1998,group stage,1998-06-14,Serbia,Serbia,Siniša Mihajlović,P-04188,73,73,0,0,0,fjelstul
M-1998-13,WC-1998,1998,group stage,1998-06-14,Croatia,Croatia,Mario Stanić,P-75377,27,27,0,0,0,fjelstul
M-1998-13,WC-1998,1998,group stage,1998-06-14,Jamaica,Jamaica,Robbie Earle,P-16421,45,45,0,0,0,fjelstul
M-1998-13,WC-1998,1998,group stage,1998-06-14,Croatia,Croatia,Robert Prosinečki,P-62861,53,53,0,0,0,fjelstul
M-1998-13,WC-1998,1998,group stage,1998-06-14,Croatia,Croatia,Davor Šuker,P-58374,69,69,0,0,0,fjelstul
M-1998-14,WC-1998,1998,group stage,1998-06-15,England,England,Alan Shearer,P-63416,42,42,0,0,0,fjelstul
M-1998-14,WC-1998,1998,group stage,1998-06-15,England,England,Paul Scholes,P-63916,89,89,0,0,0,fjelstul
M-1998-15,WC-1998,1998,group stage,1998-06-15,Romania,Romania,Adrian Ilie,P-70680,46,45,1,0,0,fjelstul
M-1998-16,WC-1998,1998,group stage,1998-06-15,Germany,Germany,Andreas Möller,P-37963,9,9,0,0,0,fjelstul
M-1998-16,WC-1998,1998,group stage,1998-06-15,Germany,Germany,Jürgen Klinsmann,P-91373,65,65,0,0,0,fjelstul
M-1998-17,WC-1998,1998,group stage,1998-06-16,Norway,Norway,Håvard Flo,P-99732,46,46,0,0,0,fjelstul
M-1998-17,WC-1998,1998,group stage,1998-06-16,Scotland,Scotland,Craig Burley,P-74264,66,66,0,0,0,fjelstul
M-1998-18,WC-1998,1998,group stage,1998-06-16,Brazil,Brazil,Ronaldo,P-62722,9,9,0,0,0,fjelstul
M-1998-18,WC-1998,1998,group stage,1998-06-16,Brazil,Brazil,Rivaldo,P-74261,47,45,2,0,0,fjelstul
M-1998-18,WC-1998,1998,group stage,1998-06-16,Brazil,Brazil,Bebeto,P-68671,50,50,0,0,0,fjelstul
M-1998-19,WC-1998,1998,group stage,1998-06-17,Chile,Chile,Marcelo Salas,P-39251,70,70,0,0,0,fjelstul
M-1998-19,WC-1998,1998,group stage,1998-06-17,Austria,Austria,Ivica Vastić,P-28521,92,90,2,0,0,fjelstul
M-1998-20,WC-1998,1998,group stage,1998-06-17,Italy,Italy,Luigi Di Biagio,P-42659,7,7,0,0,0,fjelstul
M-1998-20,WC-1998,1998,group stage,1998-06-17,Italy,Italy,Christian Vieri,P-34670,75,75,0,0,0,fjelstul
M-1998-20,WC-1998,1998,group stage,1998-06-17,Italy,Italy,Christian Vieri,P-34670,89,89,0,0,0,fjelstul
M-1998-21,WC-1998,1998,group stage,1998-06-18,Denmark,Denmark,Allan Nielsen,P-62564,12,12,0,0,0,fjelstul
M-1998-21,WC-1998,1998,group stage,1998-06-18,South Africa,South Africa,Benni McCarthy,P-59298,51,51,0,0,0,fjelstul
M-1998-22,WC-1998,1998,group stage,1998-06-18,France,France,Thierry Henry,P-51395,37,37,0,0,0,fjelstul
M-1998-22,WC-1998,1998,group stage,1998-06-18,France,France,David Trezeguet,P-12167,68,68,0,0,0,fjelstul
M-1998-22,WC-1998,1998,group stage,1998-06-18,France,France,Thierry Henry,P-51395,78,78,0,0,0,fjelstul
M-1998-22,WC-1998,1998,group stage,1998-06-18,France,France,Bixente Lizarazu,P-56735,85,85,0,0,0,fjelstul
M-1998-23,WC-1998,1998,group stage,1998-06-19,Nigeria,Nigeria,Victor Ikpeba,P-25715,28,28,0,0,0,fjelstul
M-1998-25,WC-1998,1998,group stage,1998-06-20,Croatia,Croatia,Davor Šuker,P-58374,77,77,0,0,0,fjelstul
M-1998-26,WC-1998,1998,group stage,1998-06-20,Belgium,Belgium,Marc Wilmots,P-69659,42,42,0,0,0,fjelstul
M-1998-26,WC-1998,1998,group stage,1998-06-20,Belgium,Belgium,Marc Wilmots,P-69659,47,47,0,0,0,fjelstul
M-1998-26,WC-1998,1998,group stage,1998-06-20,Mexico,Mexico,Alberto García Aspe,P-21495,55,55,0,1,0,fjelstul
M-1998-26,WC-1998,1998,group stage,1998-06-20,Mexico,Mexico,Cuauhtémoc Blanco,P-88428,62,62,0,0,0,fjelstul
M-1998-27,WC-1998,1998,group stage,1998-06-20,Netherlands,Netherlands,Phillip Cocu,P-42224,37,37,0,0,0,fjelstul
M-1998-27,WC-1998,1998,group stage,1998-06-20,Netherlands,Netherlands,Marc Overmars,P-33834,41,41,0,0,0,fjelstul
M-1998-27,WC-1998,1998,group stage,1998-06-20,Netherlands,Netherlands,Dennis Bergkamp,P-22409,71,71,0,0,0,fjelstul
M-1998-27,WC-1998,1998,group stage,1998-06-20,Netherlands,Netherlands,Pierre van Hooijdonk,P-88340,80,80,0,0,0,fjelstul
M-1998-27,WC-1998,1998,group stage,1998-06-20,Netherlands,Netherlands,Ronald de Boer,P-92804,83,83,0,0,0,fjelstul
M-1998-28,WC-1998,1998,group stage,1998-06-21,Serbia,Serbia,Predrag Mijatović,P-82329,13,13,0,0,0,fjelstul
M-1998-28,WC-1998,1998,group stage,1998-06-21,Serbia,Serbia,Dragan Stojković,P-93318,52,52,0,0,0,fjelstul
M-1998-28,WC-1998,1998,group stage,1998-06-21,Germany,Serbia,Siniša Mihajlović,P-04188,72,72,0,0,1,fjelstul
M-1998-28,WC-1998,1998,group stage,1998-06-21,Germany,Germany,Oliver Bierhoff,P-84534,78,78,0,0,0,fjelstul
M-1998-29,WC-1998,1998,group stage,1998-06-21,Argentina,Argentina,Ariel Ortega,P-00065,31,31,0,0,0,fjelstul
M-1998-29,WC-1998,1998,group stage,1998-06-21,Argentina,Argentina,Ariel Ortega,P-00065,55,55,0,0,0,fjelstul
M-1998-29,WC-1998,1998,group stage,1998-06-21,Argentina,Argentina,Gabriel Batistuta,P-84542,73,73,0,0,0,fjelstul
M-1998-29,WC-1998,1998,group stage,1998-06-21,Argentina,Argentina,Gabriel Batistuta,P-84542,78,78,0,0,0,fjelstul
M-1998-29,WC-1998,1998,group stage,1998-06-21,Argentina,Argentina,Gabriel Batistuta,P-84542,83,83,0,1,0,fjelstul
M-1998-30,WC-1998,1998,group stage,1998-06-21,Iran,Iran,Hamid Estili,P-78085,40,40,0,0,0,fjelstul
M-1998-30,WC-1998,1998,group stage,1998-06-21,Iran,Iran,Mehdi Mahdavikia,P-93633,84,84,0,0,0,fjelstul
M-1998-30,WC-1998,1998,group stage,1998-06-21,United States,United States,Brian McBride,P-60597,87,87,0,0,0,fjelstul
M-1998-31,WC-1998,1998,group stage,1998-06-22,Colombia,Colombia,Léider Preciado,P-64415,82,82,0,0,0,fjelstul
M-1998-32,WC-1998,1998,group stage,1998-06-22,Romania,Romania,Viorel Moldovan,P-67833,46,46,0,0,0,fjelstul
M-1998-32,WC-1998,1998,group stage,1998-06-22,England,England,Michael Owen,P-51130,81,81,0,0,0,fjelstul
M-1998-32,WC-1998,1998,group stage,1998-06-22,Romania,Romania,Dan Petrescu,P-12625,90,90,0,0,0,fjelstul
M-1998-33,WC-1998,1998,group stage,1998-06-23,Chile,Chile,José Luis Sierra,P-85178,20,20,0,0,0,fjelstul
M-1998-33,WC-1998,1998,group stage,1998-06-23,Cameroon,Cameroon,Patrick M'Boma,P-18804,56,56,0,0,0,fjelstul
M-1998-34,WC-1998,1998,group stage,1998-06-23,Italy,Italy,Christian Vieri,P-34670,48,48,0,0,0,fjelstul
M-1998-34,WC-1998,1998,group stage,1998-06-23,Italy,Italy,Roberto Baggio,P-78756,90,90,0,0,0,fjelstul
M-1998-34,WC-1998,1998,group stage,1998-06-23,Austria,Austria,Andi Herzog,P-46897,92,90,2,1,0,fjelstul
M-1998-35,WC-1998,1998,group stage,1998-06-23,Brazil,Brazil,Bebeto,P-68671,78,78,0,0,0,fjelstul
M-1998-35,WC-1998,1998,group stage,1998-06-23,Norway,Norway,Tore André Flo,P-03442,83,83,0,0,0,fjelstul
M-1998-35,WC-1998,1998,group stage,1998-06-23,Norway,Norway,Kjetil Rekdal,P-72296,89,89,0,1,0,fjelstul
M-1998-36,WC-1998,1998,group stage,1998-06-23,Morocco,Morocco,Salaheddine Bassir,P-87059,23,23,0,0,0,fjelstul
M-1998-36,WC-1998,1998,group stage,1998-06-23,Morocco,Morocco,Abdeljalil Hadda,P-14349,46,46,0,0,0,fjelstul
M-1998-36,WC-1998,1998,group stage,1998-06-23,Morocco,Morocco,Salaheddine Bassir,P-87059,85,85,0,0,0,fjelstul
M-1998-37,WC-1998,1998,group stage,1998-06-24,France,France,Youri Djorkaeff,P-80680,12,12,0,1,0,fjelstul
M-1998-37,WC-1998,1998,group stage,1998-06-24,Denmark,Denmark,Michael Laudrup,P-56788,42,42,0,1,0,fjelstul
M-1998-37,WC-1998,1998,group stage,1998-06-24,France,France,Emmanuel Petit,P-40400,56,56,0,0,0,fjelstul
M-1998-38,WC-1998,1998,group stage,1998-06-24,South Africa,South Africa,Shaun Bartlett,P-24299,18,18,0,0,0,fjelstul
M-1998-38,WC-1998,1998,group stage,1998-06-24,Saudi Arabia,Saudi Arabia,Sami Al-Jaber,P-88041,47,45,2,1,0,fjelstul
M-1998-38,WC-1998,1998,group stage,1998-06-24,Saudi Arabia,Saudi Arabia,Yousuf Al-Thunayan,P-30161,74,74,0,1,0,fjelstul
M-1998-38,WC-1998,1998,group stage,1998-06-24,South Africa,South Africa,Shaun Bartlett,P-24299,93,90,3,1,0,fjelstul
M-1998-39,WC-1998,1998,group stage,1998-06-24,Paraguay,Paraguay,Celso Ayala,P-34957,1,1,0,0,0,fjelstul
M-1998-39,WC-1998,1998,group stage,1998-06-24,Nigeria,Nigeria,Wilson Oruma,P-89782,11,11,0,0,0,fjelstul
M-1998-39,WC-1998,1998,group stage,1998-06-24,Paraguay,Paraguay,Miguel Ángel Benítez,P-40108,58,58,0,0,0,fjelstul
M-1998-39,WC-1998,1998,group stage,1998-06-24,Paraguay,Paraguay,José Cardozo,P-98051,86,86,0,0,0,fjelstul
M-1998-40,WC-1998,1998,group stage,1998-06-24,Spain,Spain,Fernando Hierro,P-35246,6,6,0,1,0,fjelstul
M-1998-40,WC-1998,1998,group stage,1998-06-24,Spain,Spain,Luis Enrique,P-38878,18,18,0,0,0,fjelstul
M-1998-40,WC-1998,1998,group stage,1998-06-24,Spain,Spain,Fernando Morientes,P-08514,55,55,0,0,0,fjelstul
M-1998-40,WC-1998,1998,group stage,1998-06-24,Bulgaria,Bulgaria,Emil Kostadinov,P-23633,58,58,0,0,0,fjelstul
M-1998-40,WC-1998,1998,group stage,1998-06-24,Spain,Spain,Fernando Morientes,P-08514,81,81,0,0,0,fjelstul
M-1998-40,WC-1998,1998,group stage,1998-06-24,Spain,Bulgaria,Georgi Bachev,P-41316,88,88,0,0,1,fjelstul
M-1998-40,WC-1998,1998,group stage,1998-06-24,Spain,Spain,Kiko,P-64962,94,90,4,0,0,fjelstul
M-1998-41,WC-1998,1998,group stage,1998-06-25,Belgium,Belgium,Luc Nilis,P-51869,7,7,0,0,0,fjelstul
M-1998-41,WC-1998,1998,group stage,1998-06-25,South Korea,South Korea,Sang-chul Yoo,P-75255,72,72,0,0,0,fjelstul
M-1998-42,WC-1998,1998,group stage,1998-06-25,Netherlands,Netherlands,Phillip Cocu,P-42224,4,4,0,0,0,fjelstul
M-1998-42,WC-1998,1998,group stage,1998-06-25,Netherlands,Netherlands,Ronald de Boer,P-92804,18,18,0,0,0,fjelstul
M-1998-42,WC-1998,1998,group stage,1998-06-25,Mexico,Mexico,Ricardo Peláez,P-50252,75,75,0,0,0,fjelstul
M-1998-42,WC-1998,1998,group stage,1998-06-25,Mexico,Mexico,Luis Hernández,P-45941,94,90,4,0,0,fjelstul
M-1998-43,WC-1998,1998,group stage,1998-06-25,Germany,Germany,Oliver Bierhoff,P-84534,50,50,0,0,0,fjelstul
M-1998-43,WC-1998,1998,group stage,1998-06-25,Germany,Germany,Jürgen Klinsmann,P-91373,57,57,0,0,0,fjelstul
M-1998-44,WC-1998,1998,group stage,1998-06-25,Serbia,Serbia,Slobodan Komljenović,P-43392,4,4,0,0,0,fjelstul
M-1998-45,WC-1998,1998,group stage,1998-06-26,Argentina,Argentina,Mauricio Pineda,P-28597,36,36,0,0,0,fjelstul
M-1998-46,WC-1998,1998,group stage,1998-06-26,Jamaica,Jamaica,Theodore Whitmore,P-19136,39,39,0,0,0,fjelstul
M-1998-46,WC-1998,1998,group stage,1998-06-26,Jamaica,Jamaica,Theodore Whitmore,P-19136,54,54,0,0,0,fjelstul
M-1998-46,WC-1998,1998,group stage,1998-06-26,Japan,Japan,Masashi Nakayama,P-84762,74,74,0,0,0,fjelstul
M-1998-47,WC-1998,1998,group stage,1998-06-26,England,England,Darren Anderton,P-40570,20,20,0,0,0,fjelstul
M-1998-47,WC-1998,1998,group stage,1998-06-26,England,England,David Beckham,P-81049,29,29,0,0,0,fjelstul
M-1998-48,WC-1998,1998,group stage,1998-06-26,Tunisia,Tunisia,Skander Souayah,P-58711,12,12,0,1,0,fjelstul
M-1998-48,WC-1998,1998,group stage,1998-06-26,Romania,Romania,Viorel Moldovan,P-67833,71,71,0,0,0,fjelstul
M-1998-49,WC-1998,1998,round of 16,1998-06-27,Italy,Italy,Christian Vieri,P-34670,18,18,0,0,0,fjelstul
M-1998-50,WC-1998,1998,round of 16,1998-06-27,Brazil,Brazil,César Sampaio,P-03658,11,11,0,0,0,fjelstul
M-1998-50,WC-1998,1998,round of 16,1998-06-27,Brazil,Brazil,César Sampaio,P-03658,26,26,0,0,0,fjelstul
M-1998-50,WC-1998,1998,round of 16,1998-06-27,Brazil,Brazil,Ronaldo,P-62722,48,45,3,1,0,fjelstul
M-1998-50,WC-1998,1998,round of 16,1998-06-27,Chile,Chile,Marcelo Salas,P-39251,70,70,0,0,0,fjelstul
M-1998-50,WC-1998,1998,round of 16,1998-06-27,Brazil,Brazil,Ronaldo,P-62722,72,72,0,0,0,fjelstul
M-1998-51,WC-1998,1998,round of 16,1998-06-28,France,France,Laurent Blanc,P-74952,114,114,0,0,0,fjelstul
M-1998-52,WC-1998,1998,round of 16,1998-06-28,Denmark,Denmark,Peter Møller,P-87668,3,3,0,0,0,fjelstul
M-1998-52,WC-1998,1998,round of 16,1998-06-28,Denmark,Denmark,Brian Laudrup,P-28133,12,12,0,0,0,fjelstul
M-1998-52,WC-1998,1998,round of 16,1998-06-28,Denmark,Denmark,Ebbe Sand,P-80289,58,58,0,0,0,fjelstul
M-1998-52,WC-1998,1998,round of 16,1998-06-28,Denmark,Denmark,Thomas Helveg,P-72404,76,76,0,0,0,fjelstul
M-1998-52,WC-1998,1998,round of 16,1998-06-28,Nigeria,Nigeria,Tijani Babangida,P-02360,77,77,0,0,0,fjelstul
M-1998-53,WC-1998,1998,round of 16,1998-06-29,Mexico,Mexico,Luis Hernández,P-45941,47,47,0,0,0,fjelstul
M-1998-53,WC-1998,1998,round of 16,1998-06-29,Germany,Germany,Jürgen Klinsmann,P-91373,74,74,0,0,0,fjelstul
M-1998-53,WC-1998,1998,round of 16,1998-06-29,Germany,Germany,Oliver Bierhoff,P-84534,86,86,0,0,0,fjelstul
M-1998-54,WC-1998,1998,round of 16,1998-06-29,Netherlands,Netherlands,Dennis Bergkamp,P-22409,38,38,0,0,0,fjelstul
M-1998-54,WC-1998,1998,round of 16,1998-06-29,Serbia,Serbia,Slobodan Komljenović,P-43392,48,48,0,0,0,fjelstul
M-1998-54,WC-1998,1998,round of 16,1998-06-29,Netherlands,Netherlands,Edgar Davids,P-45916,92,90,2,0,0,fjelstul
M-1998-55,WC-1998,1998,round of 16,1998-06-30,Croatia,Croatia,Davor Šuker,P-58374,47,45,2,1,0,fjelstul
M-1998-56,WC-1998,1998,round of 16,1998-06-30,Argentina,Argentina,Gabriel Batistuta,P-84542,5,5,0,1,0,fjelstul
M-1998-56,WC-1998,1998,round of 16,1998-06-30,England,England,Alan Shearer,P-63416,9,9,0,1,0,fjelstul
M-1998-56,WC-1998,1998,round of 16,1998-06-30,England,England,Michael Owen,P-51130,16,16,0,0,0,fjelstul
M-1998-56,WC-1998,1998,round of 16,1998-06-30,Argentina,Argentina,Javier Zanetti,P-53716,46,45,1,0,0,fjelstul
M-1998-58,WC-1998,1998,quarter-finals,1998-07-03,Denmark,Denmark,Martin Jørgensen,P-68055,2,2,0,0,0,fjelstul
M-1998-58,WC-1998,1998,quarter-finals,1998-07-03,Brazil,Brazil,Bebeto,P-68671,10,10,0,0,0,fjelstul
M-1998-58,WC-1998,1998,quarter-finals,1998-07-03,Brazil,Brazil,Rivaldo,P-74261,25,25,0,0,0,fjelstul
M-1998-58,WC-1998,1998,quarter-finals,1998-07-03,Denmark,Denmark,Brian Laudrup,P-28133,50,50,0,0,0,fjelstul
M-1998-58,WC-1998,1998,quarter-finals,1998-07-03,Brazil,Brazil,Rivaldo,P-74261,59,59,0,0,0,fjelstul
M-1998-59,WC-1998,1998,quarter-finals,1998-07-04,Netherlands,Netherlands,Patrick Kluivert,P-59191,12,12,0,0,0,fjelstul
M-1998-59,WC-1998,1998,quarter-finals,1998-07-04,Argentina,Argentina,Claudio López,P-60203,17,17,0,0,0,fjelstul
M-1998-59,WC-1998,1998,quarter-finals,1998-07-04,Netherlands,Netherlands,Dennis Bergkamp,P-22409,90,90,0,0,0,fjelstul
M-1998-60,WC-1998,1998,quarter-finals,1998-07-04,Croatia,Croatia,Robert Jarni,P-26414,48,45,3,0,0,fjelstul
M-1998-60,WC-1998,1998,quarter-finals,1998-07-04,Croatia,Croatia,Goran Vlaović,P-96110,80,80,0,0,0,fjelstul
M-1998-60,WC-1998,1998,quarter-finals,1998-07-04,Croatia,Croatia,Davor Šuker,P-58374,85,85,0,0,0,fjelstul
M-1998-61,WC-1998,1998,semi-finals,1998-07-07,Brazil,Brazil,Ronaldo,P-62722,46,46,0,0,0,fjelstul
M-1998-61,WC-1998,1998,semi-finals,1998-07-07,Netherlands,Netherlands,Patrick Kluivert,P-59191,87,87,0,0,0,fjelstul
M-1998-62,WC-1998,1998,semi-finals,1998-07-08,Croatia,Croatia,Davor Šuker,P-58374,46,46,0,0,0,fjelstul
M-1998-62,WC-1998,1998,semi-finals,1998-07-08,France,France,Lilian Thuram,P-56947,47,47,0,0,0,fjelstul
M-1998-62,WC-1998,1998,semi-finals,1998-07-08,France,France,Lilian Thuram,P-56947,70,70,0,0,0,fjelstul
M-1998-63,WC-1998,1998,third-place match,1998-07-11,Croatia,Croatia,Robert Prosinečki,P-62861,14,14,0,0,0,fjelstul
M-1998-63,WC-1998,1998,third-place match,1998-07-11,Netherlands,Netherlands,Boudewijn Zenden,P-34767,22,22,0,0,0,fjelstul
M-1998-63,WC-1998,1998,third-place match,1998-07-11,Croatia,Croatia,Davor Šuker,P-58374,36,36,0,0,0,fjelstul
M-1998-64,WC-1998,1998,final,1998-07-12,France,France,Zinedine Zidane,P-56430,27,27,0,0,0,fjelstul
M-1998-64,WC-1998,1998,final,1998-07-12,France,France,Zinedine Zidane,P-56430,46,45,1,0,0,fjelstul
M-1998-64,WC-1998,1998,final,1998-07-12,France,France,Emmanuel Petit,P-40400,93,90,3,0,0,fjelstul
M-2002-01,WC-2002,2002,group stage,2002-05-31,Senegal,Senegal,Papa Bouba Diop,P-82212,30,30,0,0,0,fjelstul
M-2002-02,WC-2002,2002,group stage,2002-06-01,Cameroon,Cameroon,Patrick M'Boma,P-18804,39,39,0,0,0,fjelstul
M-2002-02,WC-2002,2002,group stage,2002-06-01,Republic of Ireland,Republic of Ireland,Matt Holland,P-00105,52,52,0,0,0,fjelstul
M-2002-03,WC-2002,2002,group stage,2002-06-01,Denmark,Denmark,Jon Dahl Tomasson,P-50534,45,45,0,0,0,fjelstul
M-2002-03,WC-2002,2002,group stage,2002-06-01,Uruguay,Uruguay,Darío Rodríguez,P-49428,47,47,0,0,0,fjelstul
M-2002-03,WC-2002,2002,group stage,2002-06-01,Denmark,Denmark,Jon Dahl Tomasson,P-50534,83,83,0,0,0,fjelstul
M-2002-04,WC-2002,2002,group stage,2002-06-01,Germany,Germany,Miroslav Klose,P-27787,20,20,0,0,0,fjelstul
M-2002-04,WC-2002,2002,group stage,2002-06-01,Germany,Germany,Miroslav Klose,P-27787,25,25,0,0,0,fjelstul
M-2002-04,WC-2002,2002,group stage,2002-06-01,Germany,Germany,Michael Ballack,P-84003,40,40,0,0,0,fjelstul
M-2002-04,WC-2002,2002,group stage,2002-06-01,Germany,Germany,Carsten Jancker,P-45490,46,45,1,0,0,fjelstul
M-2002-04,WC-2002,2002,group stage,2002-06-01,Germany,Germany,Miroslav Klose,P-27787,70,70,0,0,0,fjelstul
M-2002-04,WC-2002,2002,group stage,2002-06-01,Germany,Germany,Thomas Linke,P-17520,73,73,0,0,0,fjelstul
M-2002-04,WC-2002,2002,group stage,2002-06-01,Germany,Germany,Oliver Bierhoff,P-84534,84,84,0,0,0,fjelstul
M-2002-04,WC-2002,2002,group stage,2002-06-01,Germany,Germany,Bernd Schneider,P-32136,91,90,1,0,0,fjelstul
M-2002-05,WC-2002,2002,group stage,2002-06-02,Argentina,Argentina,Gabriel Batistuta,P-84542,63,63,0,0,0,fjelstul
M-2002-06,WC-2002,2002,group stage,2002-06-02,Paraguay,Paraguay,Roque Santa Cruz,P-34530,39,39,0,0,0,fjelstul
M-2002-06,WC-2002,2002,group stage,2002-06-02,Paraguay,Paraguay,Francisco Arce,P-76678,55,55,0,0,0,fjelstul
M-2002-06,WC-2002,2002,group stage,2002-06-02,South Africa,South Africa,Teboho Mokoena,P-99521,63,63,0,0,0,fjelstul
M-2002-06,WC-2002,2002,group stage,2002-06-02,South Africa,South Africa,Quinton Fortune,P-02423,91,90,1,1,0,fjelstul
M-2002-07,WC-2002,2002,group stage,2002-06-02,England,England,Sol Campbell,P-97840,24,24,0,0,0,fjelstul
M-2002-07,WC-2002,2002,group stage,2002-06-02,Sweden,Sweden,Niclas Alexandersson,P-42808,59,59,0,0,0,fjelstul
M-2002-08,WC-2002,2002,group stage,2002-06-02,Spain,Spain,Raúl,P-24556,44,44,0,0,0,fjelstul
M-2002-08,WC-2002,2002,group stage,2002-06-02,Spain,Spain,Juan Carlos Valerón,P-76612,74,74,0,0,0,fjelstul
M-2002-08,WC-2002,2002,group stage,2002-06-02,Slovenia,Slovenia,Sebastjan Cimirotič,P-00649,82,82,0,0,0,fjelstul
M-2002-08,WC-2002,2002,group stage,2002-06-02,Spain,Spain,Fernando Hierro,P-35246,87,87,0,1,0,fjelstul
M-2002-09,WC-2002,2002,group stage,2002-06-03,Mexico,Mexico,Cuauhtémoc Blanco,P-88428,60,60,0,1,0,fjelstul
M-2002-10,WC-2002,2002,group stage,2002-06-03,Turkey,Turkey,Hasan Şaş,P-23883,47,45,2,0,0,fjelstul
M-2002-10,WC-2002,2002,group stage,2002-06-03,Brazil,Brazil,Ronaldo,P-62722,50,50,0,0,0,fjelstul
M-2002-10,WC-2002,2002,group stage,2002-06-03,Brazil,Brazil,Rivaldo,P-74261,87,87,0,1,0,fjelstul
M-2002-11,WC-2002,2002,group stage,2002-06-03,Italy,Italy,Christian Vieri,P-34670,7,7,0,0,0,fjelstul
M-2002-11,WC-2002,2002,group stage,2002-06-03,Italy,Italy,Christian Vieri,P-34670,27,27,0,0,0,fjelstul
M-2002-12,WC-2002,2002,group stage,2002-06-04,Costa Rica,Costa Rica,Rónald Gómez,P-55170,61,61,0,0,0,fjelstul
M-2002-12,WC-2002,2002,group stage,2002-06-04,Costa Rica,Costa Rica,Mauricio Wright,P-56613,65,65,0,0,0,fjelstul
M-2002-13,WC-2002,2002,group stage,2002-06-04,Belgium,Belgium,Marc Wilmots,P-69659,57,57,0,0,0,fjelstul
M-2002-13,WC-2002,2002,group stage,2002-06-04,Japan,Japan,Takayuki Suzuki,P-96566,59,59,0,0,0,fjelstul
M-2002-13,WC-2002,2002,group stage,2002-06-04,Japan,Japan,Junichi Inamoto,P-46807,67,67,0,0,0,fjelstul
M-2002-13,WC-2002,2002,group stage,2002-06-04,Belgium,Belgium,Peter Van der Heyden,P-02977,75,75,0,0,0,fjelstul
M-2002-14,WC-2002,2002,group stage,2002-06-04,South Korea,South Korea,Sun-hong Hwang,P-15222,26,26,0,0,0,fjelstul
M-2002-14,WC-2002,2002,group stage,2002-06-04,South Korea,South Korea,Sang-chul Yoo,P-75255,53,53,0,0,0,fjelstul
M-2002-15,WC-2002,2002,group stage,2002-06-05,Russia,Russia,Yegor Titov,P-66907,59,59,0,0,0,fjelstul
M-2002-15,WC-2002,2002,group stage,2002-06-05,Russia,Russia,Valeri Karpin,P-48249,64,64,0,1,0,fjelstul
M-2002-16,WC-2002,2002,group stage,2002-06-05,United States,United States,John O'Brien,P-88043,4,4,0,0,0,fjelstul
M-2002-16,WC-2002,2002,group stage,2002-06-05,United States,Portugal,Jorge Costa,P-73722,29,29,0,0,1,fjelstul
M-2002-16,WC-2002,2002,group stage,2002-06-05,United States,United States,Brian McBride,P-60597,36,36,0,0,0,fjelstul
M-2002-16,WC-2002,2002,group stage,2002-06-05,Portugal,Portugal,Beto,P-37140,39,39,0,0,0,fjelstul
M-2002-16,WC-2002,2002,group stage,2002-06-05,Portugal,United States,Jeff Agoos,P-72797,71,71,0,0,1,fjelstul
M-2002-17,WC-2002,2002,group stage,2002-06-05,Germany,Germany,Miroslav Klose,P-27787,19,19,0,0,0,fjelstul
M-2002-17,WC-2002,2002,group stage,2002-06-05,Republic of Ireland,Republic of Ireland,Robbie Keane,P-84878,92,90,2,0,0,fjelstul
M-2002-18,WC-2002,2002,group stage,2002-06-06,Denmark,Denmark,Jon Dahl Tomasson,P-50534,16,16,0,1,0,fjelstul
M-2002-18,WC-2002,2002,group stage,2002-06-06,Senegal,Senegal,Salif Diao,P-35019,52,52,0,0,0,fjelstul
M-2002-19,WC-2002,2002,group stage,2002-06-06,Cameroon,Cameroon,Samuel Eto'o,P-61703,66,66,0,0,0,fjelstul
M-2002-21,WC-2002,2002,group stage,2002-06-07,Nigeria,Nigeria,Julius Aghahowa,P-74228,27,27,0,0,0,fjelstul
M-2002-21,WC-2002,2002,group stage,2002-06-07,Sweden,Sweden,Henrik Larsson,P-42895,35,35,0,0,0,fjelstul
M-2002-21,WC-2002,2002,group stage,2002-06-07,Sweden,Sweden,Henrik Larsson,P-42895,63,63,0,1,0,fjelstul
M-2002-22,WC-2002,2002,group stage,2002-06-07,Paraguay,Spain,Carles Puyol,P-51089,10,10,0,0,1,fjelstul
M-2002-22,WC-2002,2002,group stage,2002-06-07,Spain,Spain,Fernando Morientes,P-08514,53,53,0,0,0,fjelstul
M-2002-22,WC-2002,2002,group stage,2002-06-07,Spain,Spain,Fernando Morientes,P-08514,69,69,0,0,0,fjelstul
M-2002-22,WC-2002,2002,group stage,2002-06-07,Spain,Spain,Fernando Hierro,P-35246,83,83,0,1,0,fjelstul
M-2002-23,WC-2002,2002,group stage,2002-06-07,England,England,David Beckham,P-81049,44,44,0,1,0,fjelstul
M-2002-24,WC-2002,2002,group stage,2002-06-08,South Africa,South Africa,Siyabonga Nomvethe,P-22393,4,4,0,0,0,fjelstul
M-2002-25,WC-2002,2002,group stage,2002-06-08,Italy,Italy,Christian Vieri,P-34670,55,55,0,0,0,fjelstul
M-2002-25,WC-2002,2002,group stage,2002-06-08,Croatia,Croatia,Ivica Olić,P-13265,73,73,0,0,0,fjelstul
M-2002-25,WC-2002,2002,group stage,2002-06-08,Croatia,Croatia,Milan Rapaić,P-55293,76,76,0,0,0,fjelstul
M-2002-26,WC-2002,2002,group stage,2002-06-08,Brazil,Brazil,Roberto Carlos,P-85176,15,15,0,0,0,fjelstul
M-2002-26,WC-2002,2002,group stage,2002-06-08,Brazil,Brazil,Rivaldo,P-74261,32,32,0,0,0,fjelstul
M-2002-26,WC-2002,2002,group stage,2002-06-08,Brazil,Brazil,Ronaldinho,P-57361,45,45,0,1,0,fjelstul
M-2002-26,WC-2002,2002,group stage,2002-06-08,Brazil,Brazil,Ronaldo,P-62722,55,55,0,0,0,fjelstul
M-2002-27,WC-2002,2002,group stage,2002-06-09,Ecuador,Ecuador,Agustín Delgado,P-19156,5,5,0,0,0,fjelstul
M-2002-27,WC-2002,2002,group stage,2002-06-09,Mexico,Mexico,Jared Borgetti,P-81643,28,28,0,0,0,fjelstul
M-2002-27,WC-2002,2002,group stage,2002-06-09,Mexico,Mexico,Gerardo Torrado,P-89297,57,57,0,0,0,fjelstul
M-2002-28,WC-2002,2002,group stage,2002-06-09,Turkey,Turkey,Emre Belözoğlu,P-46497,56,56,0,0,0,fjelstul
M-2002-28,WC-2002,2002,group stage,2002-06-09,Costa Rica,Costa Rica,Winston Parks,P-20880,86,86,0,0,0,fjelstul
M-2002-29,WC-2002,2002,group stage,2002-06-09,Japan,Japan,Junichi Inamoto,P-46807,51,51,0,0,0,fjelstul
M-2002-30,WC-2002,2002,group stage,2002-06-10,United States,United States,Clint Mathis,P-38074,24,24,0,0,0,fjelstul
M-2002-30,WC-2002,2002,group stage,2002-06-10,South Korea,South Korea,Jung-hwan Ahn,P-26616,78,78,0,0,0,fjelstul
M-2002-31,WC-2002,2002,group stage,2002-06-10,Belgium,Belgium,Marc Wilmots,P-69659,13,13,0,0,0,fjelstul
M-2002-31,WC-2002,2002,group stage,2002-06-10,Tunisia,Tunisia,Raouf Bouzaiene,P-87702,17,17,0,0,0,fjelstul
M-2002-32,WC-2002,2002,group stage,2002-06-10,Portugal,Portugal,Pauleta,P-57982,14,14,0,0,0,fjelstul
M-2002-32,WC-2002,2002,group stage,2002-06-10,Portugal,Portugal,Pauleta,P-57982,65,65,0,0,0,fjelstul
M-2002-32,WC-2002,2002,group stage,2002-06-10,Portugal,Portugal,Pauleta,P-57982,77,77,0,0,0,fjelstul
M-2002-32,WC-2002,2002,group stage,2002-06-10,Portugal,Portugal,Rui Costa,P-62808,88,88,0,0,0,fjelstul
M-2002-33,WC-2002,2002,group stage,2002-06-11,Denmark,Denmark,Dennis Rommedahl,P-80170,22,22,0,0,0,fjelstul
M-2002-33,WC-2002,2002,group stage,2002-06-11,Denmark,Denmark,Jon Dahl Tomasson,P-50534,67,67,0,0,0,fjelstul
M-2002-34,WC-2002,2002,group stage,2002-06-11,Senegal,Senegal,Khalilou Fadiga,P-62977,20,20,0,1,0,fjelstul
M-2002-34,WC-2002,2002,group stage,2002-06-11,Senegal,Senegal,Papa Bouba Diop,P-82212,26,26,0,0,0,fjelstul
M-2002-34,WC-2002,2002,group stage,2002-06-11,Senegal,Senegal,Papa Bouba Diop,P-82212,38,38,0,0,0,fjelstul
M-2002-34,WC-2002,2002,group stage,2002-06-11,Uruguay,Uruguay,Richard Morales,P-48761,46,46,0,0,0,fjelstul
M-2002-34,WC-2002,2002,group stage,2002-06-11,Uruguay,Uruguay,Diego Forlán,P-86087,69,69,0,0,0,fjelstul
M-2002-34,WC-2002,2002,group stage,2002-06-11,Uruguay,Uruguay,Álvaro Recoba,P-66684,88,88,0,1,0,fjelstul
M-2002-35,WC-2002,2002,group stage,2002-06-11,Germany,Germany,Marco Bode,P-03026,50,50,0,0,0,fjelstul
M-2002-35,WC-2002,2002,group stage,2002-06-11,Germany,Germany,Miroslav Klose,P-27787,79,79,0,0,0,fjelstul
M-2002-36,WC-2002,2002,group stage,2002-06-11,Republic of Ireland,Republic of Ireland,Robbie Keane,P-84878,7,7,0,0,0,fjelstul
M-2002-36,WC-2002,2002,group stage,2002-06-11,Republic of Ireland,Republic of Ireland,Gary Breen,P-22209,61,61,0,0,0,fjelstul
M-2002-36,WC-2002,2002,group stage,2002-06-11,Republic of Ireland,Republic of Ireland,Damien Duff,P-18106,87,87,0,0,0,fjelstul
M-2002-38,WC-2002,2002,group stage,2002-06-12,Sweden,Sweden,Anders Svensson,P-85432,59,59,0,0,0,fjelstul
M-2002-38,WC-2002,2002,group stage,2002-06-12,Argentina,Argentina,Hernán Crespo,P-19888,88,88,0,0,0,fjelstul
M-2002-39,WC-2002,2002,group stage,2002-06-12,Slovenia,Slovenia,Milenko Ačimovič,P-44943,46,45,1,0,0,fjelstul
M-2002-39,WC-2002,2002,group stage,2002-06-12,Paraguay,Paraguay,Nelson Cuevas,P-88899,65,65,0,0,0,fjelstul
M-2002-39,WC-2002,2002,group stage,2002-06-12,Paraguay,Paraguay,Jorge Luis Campos,P-78557,73,73,0,0,0,fjelstul
M-2002-39,WC-2002,2002,group stage,2002-06-12,Paraguay,Paraguay,Nelson Cuevas,P-88899,84,84,0,0,0,fjelstul
M-2002-40,WC-2002,2002,group stage,2002-06-12,Spain,Spain,Raúl,P-24556,4,4,0,0,0,fjelstul
M-2002-40,WC-2002,2002,group stage,2002-06-12,South Africa,South Africa,Benni McCarthy,P-59298,31,31,0,0,0,fjelstul
M-2002-40,WC-2002,2002,group stage,2002-06-12,Spain,Spain,Gaizka Mendieta,P-37161,46,45,1,0,0,fjelstul
M-2002-40,WC-2002,2002,group stage,2002-06-12,South Africa,South Africa,Lucas Radebe,P-56543,53,53,0,0,0,fjelstul
M-2002-40,WC-2002,2002,group stage,2002-06-12,Spain,Spain,Raúl,P-24556,56,56,0,0,0,fjelstul
M-2002-41,WC-2002,2002,group stage,2002-06-13,Brazil,Brazil,Ronaldo,P-62722,10,10,0,0,0,fjelstul
M-2002-41,WC-2002,2002,group stage,2002-06-13,Brazil,Brazil,Ronaldo,P-62722,13,13,0,0,0,fjelstul
M-2002-41,WC-2002,2002,group stage,2002-06-13,Brazil,Brazil,Edmílson,P-09270,38,38,0,0,0,fjelstul
M-2002-41,WC-2002,2002,group stage,2002-06-13,Costa Rica,Costa Rica,Paulo Wanchope,P-22046,39,39,0,0,0,fjelstul
M-2002-41,WC-2002,2002,group stage,2002-06-13,Costa Rica,Costa Rica,Rónald Gómez,P-55170,56,56,0,0,0,fjelstul
M-2002-41,WC-2002,2002,group stage,2002-06-13,Brazil,Brazil,Rivaldo,P-74261,62,62,0,0,0,fjelstul
M-2002-41,WC-2002,2002,group stage,2002-06-13,Brazil,Brazil,Júnior,P-29601,64,64,0,0,0,fjelstul
M-2002-42,WC-2002,2002,group stage,2002-06-13,Turkey,Turkey,Hasan Şaş,P-23883,6,6,0,0,0,fjelstul
M-2002-42,WC-2002,2002,group stage,2002-06-13,Turkey,Turkey,Bülent Korkmaz,P-94559,9,9,0,0,0,fjelstul
M-2002-42,WC-2002,2002,group stage,2002-06-13,Turkey,Turkey,Ümit Davala,P-31566,85,85,0,0,0,fjelstul
M-2002-43,WC-2002,2002,group stage,2002-06-13,Ecuador,Ecuador,Édison Méndez,P-42534,48,48,0,0,0,fjelstul
M-2002-44,WC-2002,2002,group stage,2002-06-13,Mexico,Mexico,Jared Borgetti,P-81643,34,34,0,0,0,fjelstul
M-2002-44,WC-2002,2002,group stage,2002-06-13,Italy,Italy,Alessandro Del Piero,P-83836,85,85,0,0,0,fjelstul
M-2002-45,WC-2002,2002,group stage,2002-06-14,Belgium,Belgium,Johan Walem,P-03447,7,7,0,0,0,fjelstul
M-2002-45,WC-2002,2002,group stage,2002-06-14,Russia,Russia,Vladimir Beschastnykh,P-76498,52,52,0,0,0,fjelstul
M-2002-45,WC-2002,2002,group stage,2002-06-14,Belgium,Belgium,Wesley Sonck,P-64922,78,78,0,0,0,fjelstul
M-2002-45,WC-2002,2002,group stage,2002-06-14,Belgium,Belgium,Marc Wilmots,P-69659,82,82,0,0,0,fjelstul
M-2002-45,WC-2002,2002,group stage,2002-06-14,Russia,Russia,Dmitri Sychev,P-04731,88,88,0,0,0,fjelstul
M-2002-46,WC-2002,2002,group stage,2002-06-14,Japan,Japan,Hiroaki Morishima,P-17348,48,48,0,0,0,fjelstul
M-2002-46,WC-2002,2002,group stage,2002-06-14,Japan,Japan,Hidetoshi Nakata,P-09349,75,75,0,0,0,fjelstul
M-2002-47,WC-2002,2002,group stage,2002-06-14,Poland,Poland,Emmanuel Olisadebe,P-75230,3,3,0,0,0,fjelstul
M-2002-47,WC-2002,2002,group stage,2002-06-14,Poland,Poland,Paweł Kryszałowicz,P-69995,5,5,0,0,0,fjelstul
M-2002-47,WC-2002,2002,group stage,2002-06-14,Poland,Poland,Marcin Żewłakow,P-03927,66,66,0,0,0,fjelstul
M-2002-47,WC-2002,2002,group stage,2002-06-14,United States,United States,Landon Donovan,P-05728,83,83,0,0,0,fjelstul
M-2002-48,WC-2002,2002,group stage,2002-06-14,South Korea,South Korea,Ji-sung Park,P-25724,70,70,0,0,0,fjelstul
M-2002-49,WC-2002,2002,round of 16,2002-06-15,Germany,Germany,Oliver Neuville,P-55504,88,88,0,0,0,fjelstul
M-2002-50,WC-2002,2002,round of 16,2002-06-15,England,England,Rio Ferdinand,P-01249,5,5,0,0,0,fjelstul
M-2002-50,WC-2002,2002,round of 16,2002-06-15,England,England,Michael Owen,P-51130,22,22,0,0,0,fjelstul
M-2002-50,WC-2002,2002,round of 16,2002-06-15,England,England,Emile Heskey,P-08307,44,44,0,0,0,fjelstul
M-2002-51,WC-2002,2002,round of 16,2002-06-16,Sweden,Sweden,Henrik Larsson,P-42895,11,11,0,0,0,fjelstul
M-2002-51,WC-2002,2002,round of 16,2002-06-16,Senegal,Senegal,Henri Camara,P-01462,37,37,0,0,0,fjelstul
M-2002-51,WC-2002,2002,round of 16,2002-06-16,Senegal,Senegal,Henri Camara,P-01462,104,104,0,0,0,fjelstul
M-2002-52,WC-2002,2002,round of 16,2002-06-16,Spain,Spain,Fernando Morientes,P-08514,8,8,0,0,0,fjelstul
M-2002-52,WC-2002,2002,round of 16,2002-06-16,Republic of Ireland,Republic of Ireland,Robbie Keane,P-84878,90,90,0,1,0,fjelstul
M-2002-53,WC-2002,2002,round of 16,2002-06-17,United States,United States,Brian McBride,P-60597,8,8,0,0,0,fjelstul
M-2002-53,WC-2002,2002,round of 16,2002-06-17,United States,United States,Landon Donovan,P-05728,65,65,0,0,0,fjelstul
M-2002-54,WC-2002,2002,round of 16,2002-06-17,Brazil,Brazil,Rivaldo,P-74261,67,67,0,0,0,fjelstul
M-2002-54,WC-2002,2002,round of 16,2002-06-17,Brazil,Brazil,Ronaldo,P-62722,87,87,0,0,0,fjelstul
M-2002-55,WC-2002,2002,round of 16,2002-06-18,Turkey,Turkey,Ümit Davala,P-31566,12,12,0,0,0,fjelstul
M-2002-56,WC-2002,2002,round of 16,2002-06-18,Italy,Italy,Christian Vieri,P-34670,18,18,0,0,0,fjelstul
M-2002-56,WC-2002,2002,round of 16,2002-06-18,South Korea,South Korea,Ki-hyeon Seol,P-56626,88,88,0,0,0,fjelstul
M-2002-56,WC-2002,2002,round of 16,2002-06-18,South Korea,South Korea,Jung-hwan Ahn,P-26616,117,117,0,0,0,fjelstul
M-2002-57,WC-2002,2002,quarter-finals,2002-06-21,England,England,Michael Owen,P-51130,23,23,0,0,0,fjelstul
M-2002-57,WC-2002,2002,quarter-finals,2002-06-21,Brazil,Brazil,Rivaldo,P-74261,47,45,2,0,0,fjelstul
M-2002-57,WC-2002,2002,quarter-finals,2002-06-21,Brazil,Brazil,Ronaldinho,P-57361,50,50,0,0,0,fjelstul
M-2002-58,WC-2002,2002,quarter-finals,2002-06-21,Germany,Germany,Michael Ballack,P-84003,39,39,0,0,0,fjelstul
M-2002-60,WC-2002,2002,quarter-finals,2002-06-22,Turkey,Turkey,İlhan Mansız,P-41133,94,94,0,0,0,fjelstul
M-2002-61,WC-2002,2002,semi-finals,2002-06-25,Germany,Germany,Michael Ballack,P-84003,75,75,0,0,0,fjelstul
M-2002-62,WC-2002,2002,semi-finals,2002-06-26,Brazil,Brazil,Ronaldo,P-62722,49,49,0,0,0,fjelstul
M-2002-63,WC-2002,2002,third-place match,2002-06-29,Turkey,Turkey,Hakan Şükür,P-58212,1,1,0,0,0,fjelstul
M-2002-63,WC-2002,2002,third-place match,2002-06-29,South Korea,South Korea,Eul-yong Lee,P-60562,9,9,0,0,0,fjelstul
M-2002-63,WC-2002,2002,third-place match,2002-06-29,Turkey,Turkey,İlhan Mansız,P-41133,13,13,0,0,0,fjelstul
M-2002-63,WC-2002,2002,third-place match,2002-06-29,Turkey,Turkey,İlhan Mansız,P-41133,32,32,0,0,0,fjelstul
M-2002-63,WC-2002,2002,third-place match,2002-06-29,South Korea,South Korea,Chong-gug Song,P-83544,93,90,3,0,0,fjelstul
M-2002-64,WC-2002,2002,final,2002-06-30,Brazil,Brazil,Ronaldo,P-62722,67,67,0,0,0,fjelstul
M-2002-64,WC-2002,2002,final,2002-06-30,Brazil,Brazil,Ronaldo,P-62722,79,79,0,0,0,fjelstul
M-2006-01,WC-2006,2006,group stage,2006-06-09,Germany,Germany,Philipp Lahm,P-18599,6,6,0,0,0,fjelstul
M-2006-01,WC-2006,2006,group stage,2006-06-09,Costa Rica,Costa Rica,Paulo Wanchope,P-22046,12,12,0,0,0,fjelstul
M-2006-01,WC-2006,2006,group stage,2006-06-09,Germany,Germany,Miroslav Klose,P-27787,17,17,0,0,0,fjelstul
M-2006-01,WC-2006,2006,group stage,2006-06-09,Germany,Germany,Miroslav Klose,P-27787,61,61,0,0,0,fjelstul
M-2006-01,WC-2006,2006,group stage,2006-06-09,Costa Rica,Costa Rica,Paulo Wanchope,P-22046,73,73,0,0,0,fjelstul
M-2006-01,WC-2006,2006,group stage,2006-06-09,Germany,Germany,Torsten Frings,P-35264,87,87,0,0,0,fjelstul
M-2006-02,WC-2006,2006,group stage,2006-06-09,Ecuador,Ecuador,Carlos Tenorio,P-86943,24,24,0,0,0,fjelstul
M-2006-02,WC-2006,2006,group stage,2006-06-09,Ecuador,Ecuador,Agustín Delgado,P-19156,80,80,0,0,0,fjelstul
M-2006-03,WC-2006,2006,group stage,2006-06-10,England,Paraguay,Carlos Gamarra,P-19241,3,3,0,0,1,fjelstul
M-2006-05,WC-2006,2006,group stage,2006-06-10,Argentina,Argentina,Hernán Crespo,P-19888,24,24,0,0,0,fjelstul
M-2006-05,WC-2006,2006,group stage,2006-06-10,Argentina,Argentina,Javier Saviola,P-38901,38,38,0,0,0,fjelstul
M-2006-05,WC-2006,2006,group stage,2006-06-10,Ivory Coast,Ivory Coast,Didier Drogba,P-99466,82,82,0,0,0,fjelstul
M-2006-06,WC-2006,2006,group stage,2006-06-11,Netherlands,Netherlands,Arjen Robben,P-23705,18,18,0,0,0,fjelstul
M-2006-07,WC-2006,2006,group stage,2006-06-11,Mexico,Mexico,Omar Bravo,P-34977,28,28,0,0,0,fjelstul
M-2006-07,WC-2006,2006,group stage,2006-06-11,Iran,Iran,Yahya Golmohammadi,P-20762,36,36,0,0,0,fjelstul
M-2006-07,WC-2006,2006,group stage,2006-06-11,Mexico,Mexico,Omar Bravo,P-34977,76,76,0,0,0,fjelstul
M-2006-07,WC-2006,2006,group stage,2006-06-11,Mexico,Mexico,Sinha,P-30651,79,79,0,0,0,fjelstul
M-2006-08,WC-2006,2006,group stage,2006-06-11,Portugal,Portugal,Pauleta,P-57982,4,4,0,0,0,fjelstul
M-2006-09,WC-2006,2006,group stage,2006-06-12,Japan,Japan,Shunsuke Nakamura,P-77277,26,26,0,0,0,fjelstul
M-2006-09,WC-2006,2006,group stage,2006-06-12,Australia,Australia,Tim Cahill,P-44926,84,84,0,0,0,fjelstul
M-2006-09,WC-2006,2006,group stage,2006-06-12,Australia,Australia,Tim Cahill,P-44926,89,89,0,0,0,fjelstul
M-2006-09,WC-2006,2006,group stage,2006-06-12,Australia,Australia,John Aloisi,P-59039,92,90,2,0,0,fjelstul
M-2006-10,WC-2006,2006,group stage,2006-06-12,Czech Republic,Czech Republic,Jan Koller,P-81477,5,5,0,0,0,fjelstul
M-2006-10,WC-2006,2006,group stage,2006-06-12,Czech Republic,Czech Republic,Tomáš Rosický,P-29090,36,36,0,0,0,fjelstul
M-2006-10,WC-2006,2006,group stage,2006-06-12,Czech Republic,Czech Republic,Tomáš Rosický,P-29090,76,76,0,0,0,fjelstul
M-2006-11,WC-2006,2006,group stage,2006-06-12,Italy,Italy,Andrea Pirlo,P-99537,40,40,0,0,0,fjelstul
M-2006-11,WC-2006,2006,group stage,2006-06-12,Italy,Italy,Vincenzo Iaquinta,P-38599,83,83,0,0,0,fjelstul
M-2006-12,WC-2006,2006,group stage,2006-06-13,Togo,Togo,Mohamed Kader,P-04210,31,31,0,0,0,fjelstul
M-2006-12,WC-2006,2006,group stage,2006-06-13,South Korea,South Korea,Chun-soo Lee,P-22338,54,54,0,0,0,fjelstul
M-2006-12,WC-2006,2006,group stage,2006-06-13,South Korea,South Korea,Jung-hwan Ahn,P-26616,72,72,0,0,0,fjelstul
M-2006-14,WC-2006,2006,group stage,2006-06-13,Brazil,Brazil,Kaká,P-58388,44,44,0,0,0,fjelstul
M-2006-15,WC-2006,2006,group stage,2006-06-14,Spain,Spain,Xabi Alonso,P-73924,13,13,0,0,0,fjelstul
M-2006-15,WC-2006,2006,group stage,2006-06-14,Spain,Spain,David Villa,P-49097,17,17,0,0,0,fjelstul
M-2006-15,WC-2006,2006,group stage,2006-06-14,Spain,Spain,David Villa,P-49097,48,48,0,1,0,fjelstul
M-2006-15,WC-2006,2006,group stage,2006-06-14,Spain,Spain,Fernando Torres,P-71661,81,81,0,0,0,fjelstul
M-2006-16,WC-2006,2006,group stage,2006-06-14,Tunisia,Tunisia,Ziad Jaziri,P-00640,23,23,0,0,0,fjelstul
M-2006-16,WC-2006,2006,group stage,2006-06-14,Saudi Arabia,Saudi Arabia,Yasser Al-Qahtani,P-87114,57,57,0,0,0,fjelstul
M-2006-16,WC-2006,2006,group stage,2006-06-14,Saudi Arabia,Saudi Arabia,Sami Al-Jaber,P-88041,84,84,0,0,0,fjelstul
M-2006-16,WC-2006,2006,group stage,2006-06-14,Tunisia,Tunisia,Radhi Jaïdi,P-76769,92,90,2,0,0,fjelstul
M-2006-17,WC-2006,2006,group stage,2006-06-14,Germany,Germany,Oliver Neuville,P-55504,91,90,1,0,0,fjelstul
M-2006-18,WC-2006,2006,group stage,2006-06-15,Ecuador,Ecuador,Carlos Tenorio,P-86943,8,8,0,0,0,fjelstul
M-2006-18,WC-2006,2006,group stage,2006-06-15,Ecuador,Ecuador,Agustín Delgado,P-19156,54,54,0,0,0,fjelstul
M-2006-18,WC-2006,2006,group stage,2006-06-15,Ecuador,Ecuador,Iván Kaviedes,P-03128,92,90,2,0,0,fjelstul
M-2006-19,WC-2006,2006,group stage,2006-06-15,England,England,Peter Crouch,P-77532,83,83,0,0,0,fjelstul
M-2006-19,WC-2006,2006,group stage,2006-06-15,England,England,Steven Gerrard,P-62157,91,90,1,0,0,fjelstul
M-2006-20,WC-2006,2006,group stage,2006-06-15,Sweden,Sweden,Freddie Ljungberg,P-84022,89,89,0,0,0,fjelstul
M-2006-21,WC-2006,2006,group stage,2006-06-16,Argentina,Argentina,Maxi Rodríguez,P-33570,6,6,0,0,0,fjelstul
M-2006-21,WC-2006,2006,group stage,2006-06-16,Argentina,Argentina,Esteban Cambiasso,P-66229,31,31,0,0,0,fjelstul
M-2006-21,WC-2006,2006,group stage,2006-06-16,Argentina,Argentina,Maxi Rodríguez,P-33570,41,41,0,0,0,fjelstul
M-2006-21,WC-2006,2006,group stage,2006-06-16,Argentina,Argentina,Hernán Crespo,P-19888,78,78,0,0,0,fjelstul
M-2006-21,WC-2006,2006,group stage,2006-06-16,Argentina,Argentina,Carlos Tevez,P-29080,84,84,0,0,0,fjelstul
M-2006-21,WC-2006,2006,group stage,2006-06-16,Argentina,Argentina,Lionel Messi,P-14758,88,88,0,0,0,fjelstul
M-2006-22,WC-2006,2006,group stage,2006-06-16,Netherlands,Netherlands,Robin van Persie,P-99934,23,23,0,0,0,fjelstul
M-2006-22,WC-2006,2006,group stage,2006-06-16,Netherlands,Netherlands,Ruud van Nistelrooy,P-03013,27,27,0,0,0,fjelstul
M-2006-22,WC-2006,2006,group stage,2006-06-16,Ivory Coast,Ivory Coast,Bakari Koné,P-64184,38,38,0,0,0,fjelstul
M-2006-24,WC-2006,2006,group stage,2006-06-17,Portugal,Portugal,Deco,P-96343,63,63,0,0,0,fjelstul
M-2006-24,WC-2006,2006,group stage,2006-06-17,Portugal,Portugal,Cristiano Ronaldo,P-70442,80,80,0,1,0,fjelstul
M-2006-25,WC-2006,2006,group stage,2006-06-17,Ghana,Ghana,Asamoah Gyan,P-38556,2,2,0,0,0,fjelstul
M-2006-25,WC-2006,2006,group stage,2006-06-17,Ghana,Ghana,Sulley Muntari,P-50641,82,82,0,0,0,fjelstul
M-2006-26,WC-2006,2006,group stage,2006-06-17,Italy,Italy,Alberto Gilardino,P-48645,22,22,0,0,0,fjelstul
M-2006-26,WC-2006,2006,group stage,2006-06-17,United States,Italy,Cristian Zaccardo,P-14267,27,27,0,0,1,fjelstul
M-2006-28,WC-2006,2006,group stage,2006-06-18,Brazil,Brazil,Adriano,P-20372,49,49,0,0,0,fjelstul
M-2006-28,WC-2006,2006,group stage,2006-06-18,Brazil,Brazil,Fred,P-54042,90,90,0,0,0,fjelstul
M-2006-29,WC-2006,2006,group stage,2006-06-18,France,France,Thierry Henry,P-51395,9,9,0,0,0,fjelstul
M-2006-29,WC-2006,2006,group stage,2006-06-18,South Korea,South Korea,Ji-sung Park,P-25724,81,81,0,0,0,fjelstul
M-2006-30,WC-2006,2006,group stage,2006-06-19,Switzerland,Switzerland,Alexander Frei,P-61684,16,16,0,0,0,fjelstul
M-2006-30,WC-2006,2006,group stage,2006-06-19,Switzerland,Switzerland,Tranquillo Barnetta,P-97143,88,88,0,0,0,fjelstul
M-2006-31,WC-2006,2006,group stage,2006-06-19,Ukraine,Ukraine,Andriy Rusol,P-07368,4,4,0,0,0,fjelstul
M-2006-31,WC-2006,2006,group stage,2006-06-19,Ukraine,Ukraine,Serhii Rebrov,P-56553,36,36,0,0,0,fjelstul
M-2006-31,WC-2006,2006,group stage,2006-06-19,Ukraine,Ukraine,Andriy Shevchenko,P-86650,46,46,0,0,0,fjelstul
M-2006-31,WC-2006,2006,group stage,2006-06-19,Ukraine,Ukraine,Maksym Kalynychenko,P-98387,84,84,0,0,0,fjelstul
M-2006-32,WC-2006,2006,group stage,2006-06-19,Tunisia,Tunisia,Jawhar Mnari,P-61850,8,8,0,0,0,fjelstul
M-2006-32,WC-2006,2006,group stage,2006-06-19,Spain,Spain,Raúl,P-24556,71,71,0,0,0,fjelstul
M-2006-32,WC-2006,2006,group stage,2006-06-19,Spain,Spain,Fernando Torres,P-71661,76,76,0,0,0,fjelstul
M-2006-32,WC-2006,2006,group stage,2006-06-19,Spain,Spain,Fernando Torres,P-71661,91,90,1,1,0,fjelstul
M-2006-33,WC-2006,2006,group stage,2006-06-20,Costa Rica,Costa Rica,Rónald Gómez,P-55170,25,25,0,0,0,fjelstul
M-2006-33,WC-2006,2006,group stage,2006-06-20,Poland,Poland,Bartosz Bosacki,P-37586,33,33,0,0,0,fjelstul
M-2006-33,WC-2006,2006,group stage,2006-06-20,Poland,Poland,Bartosz Bosacki,P-37586,65,65,0,0,0,fjelstul
M-2006-34,WC-2006,2006,group stage,2006-06-20,Germany,Germany,Miroslav Klose,P-27787,4,4,0,0,0,fjelstul
M-2006-34,WC-2006,2006,group stage,2006-06-20,Germany,Germany,Miroslav Klose,P-27787,44,44,0,0,0,fjelstul
M-2006-34,WC-2006,2006,group stage,2006-06-20,Germany,Germany,Lukas Podolski,P-36287,57,57,0,0,0,fjelstul
M-2006-35,WC-2006,2006,group stage,2006-06-20,Paraguay,Trinidad and Tobago,Brent Sancho,P-52480,25,25,0,0,1,fjelstul
M-2006-35,WC-2006,2006,group stage,2006-06-20,Paraguay,Paraguay,Nelson Cuevas,P-88899,86,86,0,0,0,fjelstul
M-2006-36,WC-2006,2006,group stage,2006-06-20,England,England,Joe Cole,P-37933,34,34,0,0,0,fjelstul
M-2006-36,WC-2006,2006,group stage,2006-06-20,Sweden,Sweden,Marcus Allbäck,P-45212,51,51,0,0,0,fjelstul
M-2006-36,WC-2006,2006,group stage,2006-06-20,England,England,Steven Gerrard,P-62157,85,85,0,0,0,fjelstul
M-2006-36,WC-2006,2006,group stage,2006-06-20,Sweden,Sweden,Henrik Larsson,P-42895,90,90,0,0,0,fjelstul
M-2006-37,WC-2006,2006,group stage,2006-06-21,Angola,Angola,Flávio,P-78483,60,60,0,0,0,fjelstul
M-2006-37,WC-2006,2006,group stage,2006-06-21,Iran,Iran,Sohrab Bakhtiarizadeh,P-02909,75,75,0,0,0,fjelstul
M-2006-38,WC-2006,2006,group stage,2006-06-21,Portugal,Portugal,Maniche,P-17581,6,6,0,0,0,fjelstul
M-2006-38,WC-2006,2006,group stage,2006-06-21,Portugal,Portugal,Simão,P-32279,24,24,0,1,0,fjelstul
M-2006-38,WC-2006,2006,group stage,2006-06-21,Mexico,Mexico,Francisco Fonseca,P-89438,29,29,0,0,0,fjelstul
M-2006-39,WC-2006,2006,group stage,2006-06-21,Serbia,Serbia,Nikola Žigić,P-18094,10,10,0,0,0,fjelstul
M-2006-39,WC-2006,2006,group stage,2006-06-21,Serbia,Serbia,Saša Ilić,P-05783,20,20,0,0,0,fjelstul
M-2006-39,WC-2006,2006,group stage,2006-06-21,Ivory Coast,Ivory Coast,Aruna Dindane,P-93241,37,37,0,1,0,fjelstul
M-2006-39,WC-2006,2006,group stage,2006-06-21,Ivory Coast,Ivory Coast,Aruna Dindane,P-93241,67,67,0,0,0,fjelstul
M-2006-39,WC-2006,2006,group stage,2006-06-21,Ivory Coast,Ivory Coast,Bonaventure Kalou,P-67250,86,86,0,1,0,fjelstul
M-2006-41,WC-2006,2006,group stage,2006-06-22,Italy,Italy,Marco Materazzi,P-37126,26,26,0,0,0,fjelstul
M-2006-41,WC-2006,2006,group stage,2006-06-22,Italy,Italy,Filippo Inzaghi,P-29172,87,87,0,0,0,fjelstul
M-2006-42,WC-2006,2006,group stage,2006-06-22,Ghana,Ghana,Haminu Draman,P-51458,22,22,0,0,0,fjelstul
M-2006-42,WC-2006,2006,group stage,2006-06-22,United States,United States,Clint Dempsey,P-18672,43,43,0,0,0,fjelstul
M-2006-42,WC-2006,2006,group stage,2006-06-22,Ghana,Ghana,Stephen Appiah,P-09728,47,45,2,1,0,fjelstul
M-2006-43,WC-2006,2006,group stage,2006-06-22,Croatia,Croatia,Darijo Srna,P-97008,2,2,0,0,0,fjelstul
M-2006-43,WC-2006,2006,group stage,2006-06-22,Australia,Australia,Craig Moore,P-66908,38,38,0,1,0,fjelstul
M-2006-43,WC-2006,2006,group stage,2006-06-22,Croatia,Croatia,Niko Kovač,P-84378,56,56,0,0,0,fjelstul
M-2006-43,WC-2006,2006,group stage,2006-06-22,Australia,Australia,Harry Kewell,P-14290,79,79,0,0,0,fjelstul
M-2006-44,WC-2006,2006,group stage,2006-06-22,Japan,Japan,Keiji Tamada,P-15134,34,34,0,0,0,fjelstul
M-2006-44,WC-2006,2006,group stage,2006-06-22,Brazil,Brazil,Ronaldo,P-62722,46,45,1,0,0,fjelstul
M-2006-44,WC-2006,2006,group stage,2006-06-22,Brazil,Brazil,Juninho Pernambucano,P-37735,53,53,0,0,0,fjelstul
M-2006-44,WC-2006,2006,group stage,2006-06-22,Brazil,Brazil,Gilberto,P-30363,59,59,0,0,0,fjelstul
M-2006-44,WC-2006,2006,group stage,2006-06-22,Brazil,Brazil,Ronaldo,P-62722,81,81,0,0,0,fjelstul
M-2006-45,WC-2006,2006,group stage,2006-06-23,Spain,Spain,Juanito,P-51440,36,36,0,0,0,fjelstul
M-2006-46,WC-2006,2006,group stage,2006-06-23,Ukraine,Ukraine,Andriy Shevchenko,P-86650,70,70,0,1,0,fjelstul
M-2006-47,WC-2006,2006,group stage,2006-06-23,Switzerland,Switzerland,Philippe Senderos,P-94161,23,23,0,0,0,fjelstul
M-2006-47,WC-2006,2006,group stage,2006-06-23,Switzerland,Switzerland,Alexander Frei,P-61684,77,77,0,0,0,fjelstul
M-2006-48,WC-2006,2006,group stage,2006-06-23,France,France,Patrick Vieira,P-96540,55,55,0,0,0,fjelstul
M-2006-48,WC-2006,2006,group stage,2006-06-23,France,France,Thierry Henry,P-51395,61,61,0,0,0,fjelstul
M-2006-49,WC-2006,2006,round of 16,2006-06-24,Germany,Germany,Lukas Podolski,P-36287,4,4,0,0,0,fjelstul
M-2006-49,WC-2006,2006,round of 16,2006-06-24,Germany,Germany,Lukas Podolski,P-36287,12,12,0,0,0,fjelstul
M-2006-50,WC-2006,2006,round of 16,2006-06-24,Mexico,Mexico,Rafael Márquez,P-44763,6,6,0,0,0,fjelstul
M-2006-50,WC-2006,2006,round of 16,2006-06-24,Argentina,Argentina,Hernán Crespo,P-19888,10,10,0,0,0,fjelstul
M-2006-50,WC-2006,2006,round of 16,2006-06-24,Argentina,Argentina,Maxi Rodríguez,P-33570,98,98,0,0,0,fjelstul
M-2006-51,WC-2006,2006,round of 16,2006-06-25,England,England,David Beckham,P-81049,60,60,0,0,0,fjelstul
M-2006-52,WC-2006,2006,round of 16,2006-06-25,Portugal,Portugal,Maniche,P-17581,23,23,0,0,0,fjelstul
M-2006-53,WC-2006,2006,round of 16,2006-06-26,Italy,Italy,Francesco Totti,P-42038,95,90,5,1,0,fjelstul
M-2006-55,WC-2006,2006,round of 16,2006-06-27,Brazil,Brazil,Ronaldo,P-62722,5,5,0,0,0,fjelstul
M-2006-55,WC-2006,2006,round of 16,2006-06-27,Brazil,Brazil,Adriano,P-20372,46,45,1,0,0,fjelstul
M-2006-55,WC-2006,2006,round of 16,2006-06-27,Brazil,Brazil,Zé Roberto,P-39545,84,84,0,0,0,fjelstul
M-2006-56,WC-2006,2006,round of 16,2006-06-27,Spain,Spain,David Villa,P-49097,28,28,0,1,0,fjelstul
M-2006-56,WC-2006,2006,round of 16,2006-06-27,France,France,Franck Ribéry,P-55659,41,41,0,0,0,fjelstul
M-2006-56,WC-2006,2006,round of 16,2006-06-27,France,France,Patrick Vieira,P-96540,83,83,0,0,0,fjelstul
M-2006-56,WC-2006,2006,round of 16,2006-06-27,France,France,Zinedine Zidane,P-56430,92,90,2,0,0,fjelstul
M-2006-57,WC-2006,2006,quarter-finals,2006-06-30,Argentina,Argentina,Roberto Ayala,P-83403,49,49,0,0,0,fjelstul
M-2006-57,WC-2006,2006,quarter-finals,2006-06-30,Germany,Germany,Miroslav Klose,P-27787,80,80,0,0,0,fjelstul
M-2006-58,WC-2006,2006,quarter-finals,2006-06-30,Italy,Italy,Gianluca Zambrotta,P-42227,6,6,0,0,0,fjelstul
M-2006-58,WC-2006,2006,quarter-finals,2006-06-30,Italy,Italy,Luca Toni,P-96512,59,59,0,0,0,fjelstul
M-2006-58,WC-2006,2006,quarter-finals,2006-06-30,Italy,Italy,Luca Toni,P-96512,69,69,0,0,0,fjelstul
M-2006-60,WC-2006,2006,quarter-finals,2006-07-01,France,France,Thierry Henry,P-51395,57,57,0,0,0,fjelstul
M-2006-61,WC-2006,2006,semi-finals,2006-07-04,Italy,Italy,Fabio Grosso,P-99473,119,119,0,0,0,fjelstul
M-2006-61,WC-2006,2006,semi-finals,2006-07-04,Italy,Italy,Alessandro Del Piero,P-83836,121,120,1,0,0,fjelstul
M-2006-62,WC-2006,2006,semi-finals,2006-07-05,France,France,Zinedine Zidane,P-56430,33,33,0,1,0,fjelstul
M-2006-63,WC-2006,2006,third-place match,2006-07-08,Germany,Germany,Bastian Schweinsteiger,P-43400,56,56,0,0,0,fjelstul
M-2006-63,WC-2006,2006,third-place match,2006-07-08,Germany,Portugal,Petit,P-92307,60,60,0,0,1,fjelstul
M-2006-63,WC-2006,2006,third-place match,2006-07-08,Germany,Germany,Bastian Schweinsteiger,P-43400,78,78,0,0,0,fjelstul
M-2006-63,WC-2006,2006,third-place match,2006-07-08,Portugal,Portugal,Nuno Gomes,P-57631,88,88,0,0,0,fjelstul
M-2006-64,WC-2006,2006,final,2006-07-09,France,France,Zinedine Zidane,P-56430,7,7,0,1,0,fjelstul
M-2006-64,WC-2006,2006,final,2006-07-09,Italy,Italy,Marco Materazzi,P-37126,19,19,0,0,0,fjelstul
M-2010-01,WC-2010,2010,group stage,2010-06-11,South Africa,South Africa,Siphiwe Tshabalala,P-31160,55,55,0,0,0,fjelstul
M-2010-01,WC-2010,2010,group stage,2010-06-11,Mexico,Mexico,Rafael Márquez,P-44763,79,79,0,0,0,fjelstul
M-2010-03,WC-2010,2010,group stage,2010-06-12,South Korea,South Korea,Jung-soo Lee,P-07494,7,7,0,0,0,fjelstul
M-2010-03,WC-2010,2010,group stage,2010-06-12,South Korea,South Korea,Ji-sung Park,P-25724,52,52,0,0,0,fjelstul
M-2010-04,WC-2010,2010,group stage,2010-06-12,Argentina,Argentina,Gabriel Heinze,P-64352,6,6,0,0,0,fjelstul
M-2010-05,WC-2010,2010,group stage,2010-06-12,England,England,Steven Gerrard,P-62157,4,4,0,0,0,fjelstul
M-2010-05,WC-2010,2010,group stage,2010-06-12,United States,United States,Clint Dempsey,P-18672,40,40,0,0,0,fjelstul
M-2010-06,WC-2010,2010,group stage,2010-06-13,Slovenia,Slovenia,Robert Koren,P-17662,79,79,0,0,0,fjelstul
M-2010-07,WC-2010,2010,group stage,2010-06-13,Ghana,Ghana,Asamoah Gyan,P-38556,85,85,0,1,0,fjelstul
M-2010-08,WC-2010,2010,group stage,2010-06-13,Germany,Germany,Lukas Podolski,P-36287,8,8,0,0,0,fjelstul
M-2010-08,WC-2010,2010,group stage,2010-06-13,Germany,Germany,Miroslav Klose,P-27787,26,26,0,0,0,fjelstul
M-2010-08,WC-2010,2010,group stage,2010-06-13,Germany,Germany,Thomas Müller,P-28154,68,68,0,0,0,fjelstul
M-2010-08,WC-2010,2010,group stage,2010-06-13,Germany,Germany,Cacau,P-10713,70,70,0,0,0,fjelstul
M-2010-09,WC-2010,2010,group stage,2010-06-14,Netherlands,Denmark,Daniel Agger,P-52264,46,46,0,0,1,fjelstul
M-2010-09,WC-2010,2010,group stage,2010-06-14,Netherlands,Netherlands,Dirk Kuyt,P-33312,85,85,0,0,0,fjelstul
M-2010-10,WC-2010,2010,group stage,2010-06-14,Japan,Japan,Keisuke Honda,P-33175,39,39,0,0,0,fjelstul
M-2010-11,WC-2010,2010,group stage,2010-06-14,Paraguay,Paraguay,Antolín Alcaraz,P-87859,39,39,0,0,0,fjelstul
M-2010-11,WC-2010,2010,group stage,2010-06-14,Italy,Italy,Daniele De Rossi,P-65802,63,63,0,0,0,fjelstul
M-2010-12,WC-2010,2010,group stage,2010-06-15,Slovakia,Slovakia,Róbert Vittek,P-14764,50,50,0,0,0,fjelstul
M-2010-12,WC-2010,2010,group stage,2010-06-15,New Zealand,New Zealand,Winston Reid,P-57058,93,90,3,0,0,fjelstul
M-2010-14,WC-2010,2010,group stage,2010-06-15,Brazil,Brazil,Maicon,P-94551,55,55,0,0,0,fjelstul
M-2010-14,WC-2010,2010,group stage,2010-06-15,Brazil,Brazil,Elano,P-78264,72,72,0,0,0,fjelstul
M-2010-14,WC-2010,2010,group stage,2010-06-15,North Korea,North Korea,Yun-nam Ji,P-01454,89,89,0,0,0,fjelstul
M-2010-15,WC-2010,2010,group stage,2010-06-16,Chile,Chile,Jean Beausejour,P-74480,34,34,0,0,0,fjelstul
M-2010-16,WC-2010,2010,group stage,2010-06-16,Switzerland,Switzerland,Gélson Fernandes,P-77553,52,52,0,0,0,fjelstul
M-2010-17,WC-2010,2010,group stage,2010-06-16,Uruguay,Uruguay,Diego Forlán,P-86087,24,24,0,0,0,fjelstul
M-2010-17,WC-2010,2010,group stage,2010-06-16,Uruguay,Uruguay,Diego Forlán,P-86087,80,80,0,1,0,fjelstul
M-2010-17,WC-2010,2010,group stage,2010-06-16,Uruguay,Uruguay,Álvaro Pereira,P-11075,95,90,5,0,0,fjelstul
M-2010-18,WC-2010,2010,group stage,2010-06-17,Argentina,South Korea,Chu-young Park,P-06608,17,17,0,0,1,fjelstul
M-2010-18,WC-2010,2010,group stage,2010-06-17,Argentina,Argentina,Gonzalo Higuaín,P-29398,33,33,0,0,0,fjelstul
M-2010-18,WC-2010,2010,group stage,2010-06-17,South Korea,South Korea,Chung-yong Lee,P-40927,46,45,1,0,0,fjelstul
M-2010-18,WC-2010,2010,group stage,2010-06-17,Argentina,Argentina,Gonzalo Higuaín,P-29398,76,76,0,0,0,fjelstul
M-2010-18,WC-2010,2010,group stage,2010-06-17,Argentina,Argentina,Gonzalo Higuaín,P-29398,80,80,0,0,0,fjelstul
M-2010-19,WC-2010,2010,group stage,2010-06-17,Nigeria,Nigeria,Kalu Uche,P-98626,16,16,0,0,0,fjelstul
M-2010-19,WC-2010,2010,group stage,2010-06-17,Greece,Greece,Dimitris Salpingidis,P-75292,44,44,0,0,0,fjelstul
M-2010-19,WC-2010,2010,group stage,2010-06-17,Greece,Greece,Vasilis Torosidis,P-05210,71,71,0,0,0,fjelstul
M-2010-20,WC-2010,2010,group stage,2010-06-17,Mexico,Mexico,Javier Hernández,P-36515,64,64,0,0,0,fjelstul
M-2010-20,WC-2010,2010,group stage,2010-06-17,Mexico,Mexico,Cuauhtémoc Blanco,P-88428,79,79,0,1,0,fjelstul
M-2010-21,WC-2010,2010,group stage,2010-06-18,Serbia,Serbia,Milan Jovanović,P-56515,38,38,0,0,0,fjelstul
M-2010-22,WC-2010,2010,group stage,2010-06-18,Slovenia,Slovenia,Valter Birsa,P-20008,13,13,0,0,0,fjelstul
M-2010-22,WC-2010,2010,group stage,2010-06-18,Slovenia,Slovenia,Zlatan Ljubijankić,P-01012,42,42,0,0,0,fjelstul
M-2010-22,WC-2010,2010,group stage,2010-06-18,United States,United States,Landon Donovan,P-05728,48,48,0,0,0,fjelstul
M-2010-22,WC-2010,2010,group stage,2010-06-18,United States,United States,Michael Bradley,P-97258,82,82,0,0,0,fjelstul
M-2010-24,WC-2010,2010,group stage,2010-06-19,Netherlands,Netherlands,Wesley Sneijder,P-51336,53,53,0,0,0,fjelstul
M-2010-25,WC-2010,2010,group stage,2010-06-19,Australia,Australia,Brett Holman,P-96211,11,11,0,0,0,fjelstul
M-2010-25,WC-2010,2010,group stage,2010-06-19,Ghana,Ghana,Asamoah Gyan,P-38556,25,25,0,1,0,fjelstul
M-2010-26,WC-2010,2010,group stage,2010-06-19,Cameroon,Cameroon,Samuel Eto'o,P-61703,10,10,0,0,0,fjelstul
M-2010-26,WC-2010,2010,group stage,2010-06-19,Denmark,Denmark,Nicklas Bendtner,P-38862,33,33,0,0,0,fjelstul
M-2010-26,WC-2010,2010,group stage,2010-06-19,Denmark,Denmark,Dennis Rommedahl,P-80170,61,61,0,0,0,fjelstul
M-2010-27,WC-2010,2010,group stage,2010-06-20,Paraguay,Paraguay,Enrique Vera,P-18210,27,27,0,0,0,fjelstul
M-2010-27,WC-2010,2010,group stage,2010-06-20,Paraguay,Paraguay,Cristian Riveros,P-78654,86,86,0,0,0,fjelstul
M-2010-28,WC-2010,2010,group stage,2010-06-20,New Zealand,New Zealand,Shane Smeltz,P-90145,7,7,0,0,0,fjelstul
M-2010-28,WC-2010,2010,group stage,2010-06-20,Italy,Italy,Vincenzo Iaquinta,P-38599,29,29,0,1,0,fjelstul
M-2010-29,WC-2010,2010,group stage,2010-06-20,Brazil,Brazil,Luís Fabiano,P-98528,25,25,0,0,0,fjelstul
M-2010-29,WC-2010,2010,group stage,2010-06-20,Brazil,Brazil,Luís Fabiano,P-98528,50,50,0,0,0,fjelstul
M-2010-29,WC-2010,2010,group stage,2010-06-20,Brazil,Brazil,Elano,P-78264,62,62,0,0,0,fjelstul
M-2010-29,WC-2010,2010,group stage,2010-06-20,Ivory Coast,Ivory Coast,Didier Drogba,P-99466,79,79,0,0,0,fjelstul
M-2010-30,WC-2010,2010,group stage,2010-06-21,Portugal,Portugal,Raul Meireles,P-88101,29,29,0,0,0,fjelstul
M-2010-30,WC-2010,2010,group stage,2010-06-21,Portugal,Portugal,Simão,P-32279,53,53,0,0,0,fjelstul
M-2010-30,WC-2010,2010,group stage,2010-06-21,Portugal,Portugal,Hugo Almeida,P-14428,56,56,0,0,0,fjelstul
M-2010-30,WC-2010,2010,group stage,2010-06-21,Portugal,Portugal,Tiago,P-21434,60,60,0,0,0,fjelstul
M-2010-30,WC-2010,2010,group stage,2010-06-21,Portugal,Portugal,Liédson,P-28404,81,81,0,0,0,fjelstul
M-2010-30,WC-2010,2010,group stage,2010-06-21,Portugal,Portugal,Cristiano Ronaldo,P-70442,87,87,0,0,0,fjelstul
M-2010-30,WC-2010,2010,group stage,2010-06-21,Portugal,Portugal,Tiago,P-21434,89,89,0,0,0,fjelstul
M-2010-31,WC-2010,2010,group stage,2010-06-21,Chile,Chile,Mark González,P-35574,75,75,0,0,0,fjelstul
M-2010-32,WC-2010,2010,group stage,2010-06-21,Spain,Spain,David Villa,P-49097,17,17,0,0,0,fjelstul
M-2010-32,WC-2010,2010,group stage,2010-06-21,Spain,Spain,David Villa,P-49097,51,51,0,0,0,fjelstul
M-2010-33,WC-2010,2010,group stage,2010-06-22,South Africa,South Africa,Bongani Khumalo,P-61943,20,20,0,0,0,fjelstul
M-2010-33,WC-2010,2010,group stage,2010-06-22,South Africa,South Africa,Katlego Mphela,P-39078,37,37,0,0,0,fjelstul
M-2010-33,WC-2010,2010,group stage,2010-06-22,France,France,Florent Malouda,P-18830,70,70,0,0,0,fjelstul
M-2010-34,WC-2010,2010,group stage,2010-06-22,Uruguay,Uruguay,Luis Suárez,P-30486,43,43,0,0,0,fjelstul
M-2010-35,WC-2010,2010,group stage,2010-06-22,Argentina,Argentina,Martín Demichelis,P-39810,77,77,0,0,0,fjelstul
M-2010-35,WC-2010,2010,group stage,2010-06-22,Argentina,Argentina,Martín Palermo,P-60592,89,89,0,0,0,fjelstul
M-2010-36,WC-2010,2010,group stage,2010-06-22,Nigeria,Nigeria,Kalu Uche,P-98626,12,12,0,0,0,fjelstul
M-2010-36,WC-2010,2010,group stage,2010-06-22,South Korea,South Korea,Jung-soo Lee,P-07494,38,38,0,0,0,fjelstul
M-2010-36,WC-2010,2010,group stage,2010-06-22,South Korea,South Korea,Chu-young Park,P-06608,49,49,0,0,0,fjelstul
M-2010-36,WC-2010,2010,group stage,2010-06-22,Nigeria,Nigeria,Yakubu,P-98373,69,69,0,1,0,fjelstul
M-2010-37,WC-2010,2010,group stage,2010-06-23,England,England,Jermain Defoe,P-42890,23,23,0,0,0,fjelstul
M-2010-38,WC-2010,2010,group stage,2010-06-23,United States,United States,Landon Donovan,P-05728,91,90,1,0,0,fjelstul
M-2010-39,WC-2010,2010,group stage,2010-06-23,Australia,Australia,Tim Cahill,P-44926,69,69,0,0,0,fjelstul
M-2010-39,WC-2010,2010,group stage,2010-06-23,Australia,Australia,Brett Holman,P-96211,73,73,0,0,0,fjelstul
M-2010-39,WC-2010,2010,group stage,2010-06-23,Serbia,Serbia,Marko Pantelić,P-07371,84,84,0,0,0,fjelstul
M-2010-40,WC-2010,2010,group stage,2010-06-23,Germany,Germany,Mesut Özil,P-12818,60,60,0,0,0,fjelstul
M-2010-42,WC-2010,2010,group stage,2010-06-24,Slovakia,Slovakia,Róbert Vittek,P-14764,25,25,0,0,0,fjelstul
M-2010-42,WC-2010,2010,group stage,2010-06-24,Slovakia,Slovakia,Róbert Vittek,P-14764,73,73,0,0,0,fjelstul
M-2010-42,WC-2010,2010,group stage,2010-06-24,Italy,Italy,Antonio Di Natale,P-75306,81,81,0,0,0,fjelstul
M-2010-42,WC-2010,2010,group stage,2010-06-24,Slovakia,Slovakia,Kamil Kopúnek,P-40368,89,89,0,0,0,fjelstul
M-2010-42,WC-2010,2010,group stage,2010-06-24,Italy,Italy,Fabio Quagliarella,P-01045,92,90,2,0,0,fjelstul
M-2010-43,WC-2010,2010,group stage,2010-06-24,Netherlands,Netherlands,Robin van Persie,P-99934,36,36,0,0,0,fjelstul
M-2010-43,WC-2010,2010,group stage,2010-06-24,Cameroon,Cameroon,Samuel Eto'o,P-61703,65,65,0,1,0,fjelstul
M-2010-43,WC-2010,2010,group stage,2010-06-24,Netherlands,Netherlands,Klaas-Jan Huntelaar,P-64344,83,83,0,0,0,fjelstul
M-2010-44,WC-2010,2010,group stage,2010-06-24,Japan,Japan,Keisuke Honda,P-33175,17,17,0,0,0,fjelstul
M-2010-44,WC-2010,2010,group stage,2010-06-24,Japan,Japan,Yasuhito Endō,P-61292,30,30,0,0,0,fjelstul
M-2010-44,WC-2010,2010,group stage,2010-06-24,Denmark,Denmark,Jon Dahl Tomasson,P-50534,81,81,0,0,0,fjelstul
M-2010-44,WC-2010,2010,group stage,2010-06-24,Japan,Japan,Shinji Okazaki,P-84807,87,87,0,0,0,fjelstul
M-2010-45,WC-2010,2010,group stage,2010-06-25,Ivory Coast,Ivory Coast,Yaya Touré,P-44934,14,14,0,0,0,fjelstul
M-2010-45,WC-2010,2010,group stage,2010-06-25,Ivory Coast,Ivory Coast,Romaric,P-55581,20,20,0,0,0,fjelstul
M-2010-45,WC-2010,2010,group stage,2010-06-25,Ivory Coast,Ivory Coast,Salomon Kalou,P-31976,82,82,0,0,0,fjelstul
M-2010-47,WC-2010,2010,group stage,2010-06-25,Spain,Spain,David Villa,P-49097,24,24,0,0,0,fjelstul
M-2010-47,WC-2010,2010,group stage,2010-06-25,Spain,Spain,Andrés Iniesta,P-56330,37,37,0,0,0,fjelstul
M-2010-47,WC-2010,2010,group stage,2010-06-25,Chile,Chile,Rodrigo Millar,P-39840,47,47,0,0,0,fjelstul
M-2010-49,WC-2010,2010,round of 16,2010-06-26,Uruguay,Uruguay,Luis Suárez,P-30486,8,8,0,0,0,fjelstul
M-2010-49,WC-2010,2010,round of 16,2010-06-26,South Korea,South Korea,Chung-yong Lee,P-40927,68,68,0,0,0,fjelstul
M-2010-49,WC-2010,2010,round of 16,2010-06-26,Uruguay,Uruguay,Luis Suárez,P-30486,80,80,0,0,0,fjelstul
M-2010-50,WC-2010,2010,round of 16,2010-06-26,Ghana,Ghana,Kevin-Prince Boateng,P-66316,5,5,0,0,0,fjelstul
M-2010-50,WC-2010,2010,round of 16,2010-06-26,United States,United States,Landon Donovan,P-05728,62,62,0,1,0,fjelstul
M-2010-50,WC-2010,2010,round of 16,2010-06-26,Ghana,Ghana,Asamoah Gyan,P-38556,93,93,0,0,0,fjelstul
M-2010-51,WC-2010,2010,round of 16,2010-06-27,Germany,Germany,Miroslav Klose,P-27787,20,20,0,0,0,fjelstul
M-2010-51,WC-2010,2010,round of 16,2010-06-27,Germany,Germany,Lukas Podolski,P-36287,32,32,0,0,0,fjelstul
M-2010-51,WC-2010,2010,round of 16,2010-06-27,England,England,Matthew Upson,P-41152,37,37,0,0,0,fjelstul
M-2010-51,WC-2010,2010,round of 16,2010-06-27,Germany,Germany,Thomas Müller,P-28154,67,67,0,0,0,fjelstul
M-2010-51,WC-2010,2010,round of 16,2010-06-27,Germany,Germany,Thomas Müller,P-28154,70,70,0,0,0,fjelstul
M-2010-52,WC-2010,2010,round of 16,2010-06-27,Argentina,Argentina,Carlos Tevez,P-29080,26,26,0,0,0,fjelstul
M-2010-52,WC-2010,2010,round of 16,2010-06-27,Argentina,Argentina,Gonzalo Higuaín,P-29398,33,33,0,0,0,fjelstul
M-2010-52,WC-2010,2010,round of 16,2010-06-27,Argentina,Argentina,Carlos Tevez,P-29080,52,52,0,0,0,fjelstul
M-2010-52,WC-2010,2010,round of 16,2010-06-27,Mexico,Mexico,Javier Hernández,P-36515,71,71,0,0,0,fjelstul
M-2010-53,WC-2010,2010,round of 16,2010-06-28,Netherlands,Netherlands,Arjen Robben,P-23705,18,18,0,0,0,fjelstul
M-2010-53,WC-2010,2010,round of 16,2010-06-28,Netherlands,Netherlands,Wesley Sneijder,P-51336,84,84,0,0,0,fjelstul
M-2010-53,WC-2010,2010,round of 16,2010-06-28,Slovakia,Slovakia,Róbert Vittek,P-14764,94,90,4,1,0,fjelstul
M-2010-54,WC-2010,2010,round of 16,2010-06-28,Brazil,Brazil,Juan,P-98607,35,35,0,0,0,fjelstul
M-2010-54,WC-2010,2010,round of 16,2010-06-28,Brazil,Brazil,Luís Fabiano,P-98528,38,38,0,0,0,fjelstul
M-2010-54,WC-2010,2010,round of 16,2010-06-28,Brazil,Brazil,Robinho,P-13354,59,59,0,0,0,fjelstul
M-2010-56,WC-2010,2010,round of 16,2010-06-29,Spain,Spain,David Villa,P-49097,63,63,0,0,0,fjelstul
M-2010-57,WC-2010,2010,quarter-finals,2010-07-02,Brazil,Brazil,Robinho,P-13354,10,10,0,0,0,fjelstul
M-2010-57,WC-2010,2010,quarter-finals,2010-07-02,Netherlands,Netherlands,Wesley Sneijder,P-51336,53,53,0,0,0,fjelstul
M-2010-57,WC-2010,2010,quarter-finals,2010-07-02,Netherlands,Netherlands,Wesley Sneijder,P-51336,68,68,0,0,0,fjelstul
M-2010-58,WC-2010,2010,quarter-finals,2010-07-02,Ghana,Ghana,Sulley Muntari,P-50641,47,45,2,0,0,fjelstul
M-2010-58,WC-2010,2010,quarter-finals,2010-07-02,Uruguay,Uruguay,Diego Forlán,P-86087,55,55,0,0,0,fjelstul
M-2010-59,WC-2010,2010,quarter-finals,2010-07-03,Germany,Germany,Thomas Müller,P-28154,3,3,0,0,0,fjelstul
M-2010-59,WC-2010,2010,quarter-finals,2010-07-03,Germany,Germany,Miroslav Klose,P-27787,68,68,0,0,0,fjelstul
M-2010-59,WC-2010,2010,quarter-finals,2010-07-03,Germany,Germany,Arne Friedrich,P-43481,74,74,0,0,0,fjelstul
M-2010-59,WC-2010,2010,quarter-finals,2010-07-03,Germany,Germany,Miroslav Klose,P-27787,89,89,0,0,0,fjelstul
M-2010-60,WC-2010,2010,quarter-finals,2010-07-03,Spain,Spain,David Villa,P-49097,83,83,0,0,0,fjelstul
M-2010-61,WC-2010,2010,semi-finals,2010-07-06,Netherlands,Netherlands,Giovanni van Bronckhorst,P-21832,18,18,0,0,0,fjelstul
M-2010-61,WC-2010,2010,semi-finals,2010-07-06,Uruguay,Uruguay,Diego Forlán,P-86087,41,41,0,0,0,fjelstul
M-2010-61,WC-2010,2010,semi-finals,2010-07-06,Netherlands,Netherlands,Wesley Sneijder,P-51336,70,70,0,0,0,fjelstul
M-2010-61,WC-2010,2010,semi-finals,2010-07-06,Netherlands,Netherlands,Arjen Robben,P-23705,73,73,0,0,0,fjelstul
M-2010-61,WC-2010,2010,semi-finals,2010-07-06,Uruguay,Uruguay,Maxi Pereira,P-41944,92,90,2,0,0,fjelstul
M-2010-62,WC-2010,2010,semi-finals,2010-07-07,Spain,Spain,Carles Puyol,P-51089,73,73,0,0,0,fjelstul
M-2010-63,WC-2010,2010,third-place match,2010-07-10,Germany,Germany,Thomas Müller,P-28154,19,19,0,0,0,fjelstul
M-2010-63,WC-2010,2010,third-place match,2010-07-10,Uruguay,Uruguay,Edinson Cavani,P-59138,28,28,0,0,0,fjelstul
M-2010-63,WC-2010,2010,third-place match,2010-07-10,Uruguay,Uruguay,Diego Forlán,P-86087,51,51,0,0,0,fjelstul
M-2010-63,WC-2010,2010,third-place match,2010-07-10,Germany,Germany,Marcell Jansen,P-50326,56,56,0,0,0,fjelstul
M-2010-63,WC-2010,2010,third-place match,2010-07-10,Germany,Germany,Sami Khedira,P-13029,82,82,0,0,0,fjelstul
M-2010-64,WC-2010,2010,final,2010-07-11,Spain,Spain,Andrés Iniesta,P-56330,116,116,0,0,0,fjelstul
M-2014-01,WC-2014,2014,group stage,2014-06-12,Croatia,Brazil,Marcelo,P-70650,12,12,0,0,1,fjelstul
M-2014-01,WC-2014,2014,group stage,2014-06-12,Brazil,Brazil,Neymar,P-87008,29,29,0,0,0,fjelstul
M-2014-01,WC-2014,2014,group stage,2014-06-12,Brazil,Brazil,Neymar,P-87008,71,71,0,1,0,fjelstul
M-2014-01,WC-2014,2014,group stage,2014-06-12,Brazil,Brazil,Oscar,P-37239,91,90,1,0,0,fjelstul
M-2014-02,WC-2014,2014,group stage,2014-06-13,Mexico,Mexico,Oribe Peralta,P-83642,61,61,0,0,0,fjelstul
M-2014-03,WC-2014,2014,group stage,2014-06-13,Spain,Spain,Xabi Alonso,P-73924,27,27,0,1,0,fjelstul
M-2014-03,WC-2014,2014,group stage,2014-06-13,Netherlands,Netherlands,Robin van Persie,P-99934,44,44,0,0,0,fjelstul
M-2014-03,WC-2014,2014,group stage,2014-06-13,Netherlands,Netherlands,Arjen Robben,P-23705,53,53,0,0,0,fjelstul
M-2014-03,WC-2014,2014,group stage,2014-06-13,Netherlands,Netherlands,Stefan de Vrij,P-70280,64,64,0,0,0,fjelstul
M-2014-03,WC-2014,2014,group stage,2014-06-13,Netherlands,Netherlands,Robin van Persie,P-99934,72,72,0,0,0,fjelstul
M-2014-03,WC-2014,2014,group stage,2014-06-13,Netherlands,Netherlands,Arjen Robben,P-23705,80,80,0,0,0,fjelstul
M-2014-04,WC-2014,2014,group stage,2014-06-13,Chile,Chile,Alexis Sánchez,P-30014,12,12,0,0,0,fjelstul
M-2014-04,WC-2014,2014,group stage,2014-06-13,Chile,Chile,Jorge Valdivia,P-65631,14,14,0,0,0,fjelstul
M-2014-04,WC-2014,2014,group stage,2014-06-13,Australia,Australia,Tim Cahill,P-44926,35,35,0,0,0,fjelstul
M-2014-04,WC-2014,2014,group stage,2014-06-13,Chile,Chile,Jean Beausejour,P-74480,92,90,2,0,0,fjelstul
M-2014-05,WC-2014,2014,group stage,2014-06-14,Colombia,Colombia,Pablo Armero,P-95402,5,5,0,0,0,fjelstul
M-2014-05,WC-2014,2014,group stage,2014-06-14,Colombia,Colombia,Teófilo Gutiérrez,P-77705,58,58,0,0,0,fjelstul
M-2014-05,WC-2014,2014,group stage,2014-06-14,Colombia,Colombia,James Rodríguez,P-89392,93,90,3,0,0,fjelstul
M-2014-06,WC-2014,2014,group stage,2014-06-14,Uruguay,Uruguay,Edinson Cavani,P-59138,24,24,0,1,0,fjelstul
M-2014-06,WC-2014,2014,group stage,2014-06-14,Costa Rica,Costa Rica,Joel Campbell,P-70812,54,54,0,0,0,fjelstul
M-2014-06,WC-2014,2014,group stage,2014-06-14,Costa Rica,Costa Rica,Óscar Duarte,P-97912,57,57,0,0,0,fjelstul
M-2014-06,WC-2014,2014,group stage,2014-06-14,Costa Rica,Costa Rica,Marco Ureña,P-11307,84,84,0,0,0,fjelstul
M-2014-07,WC-2014,2014,group stage,2014-06-14,Italy,Italy,Claudio Marchisio,P-37848,35,35,0,0,0,fjelstul
M-2014-07,WC-2014,2014,group stage,2014-06-14,England,England,Daniel Sturridge,P-06678,37,37,0,0,0,fjelstul
M-2014-07,WC-2014,2014,group stage,2014-06-14,Italy,Italy,Mario Balotelli,P-16785,50,50,0,0,0,fjelstul
M-2014-08,WC-2014,2014,group stage,2014-06-14,Japan,Japan,Keisuke Honda,P-33175,16,16,0,0,0,fjelstul
M-2014-08,WC-2014,2014,group stage,2014-06-14,Ivory Coast,Ivory Coast,Wilfried Bony,P-84532,64,64,0,0,0,fjelstul
M-2014-08,WC-2014,2014,group stage,2014-06-14,Ivory Coast,Ivory Coast,Gervinho,P-33586,66,66,0,0,0,fjelstul
M-2014-09,WC-2014,2014,group stage,2014-06-15,Ecuador,Ecuador,Enner Valencia,P-75912,22,22,0,0,0,fjelstul
M-2014-09,WC-2014,2014,group stage,2014-06-15,Switzerland,Switzerland,Admir Mehmedi,P-51579,48,48,0,0,0,fjelstul
M-2014-09,WC-2014,2014,group stage,2014-06-15,Switzerland,Switzerland,Haris Seferovic,P-07180,93,90,3,0,0,fjelstul
M-2014-10,WC-2014,2014,group stage,2014-06-15,France,France,Karim Benzema,P-35408,45,45,0,1,0,fjelstul
M-2014-10,WC-2014,2014,group stage,2014-06-15,France,Honduras,Noel Valladares,P-93059,48,48,0,0,1,fjelstul
M-2014-10,WC-2014,2014,group stage,2014-06-15,France,France,Karim Benzema,P-35408,72,72,0,0,0,fjelstul
M-2014-11,WC-2014,2014,group stage,2014-06-15,Argentina,Bosnia and Herzegovina,Sead Kolašinac,P-96934,3,3,0,0,1,fjelstul
M-2014-11,WC-2014,2014,group stage,2014-06-15,Argentina,Argentina,Lionel Messi,P-14758,65,65,0,0,0,fjelstul
M-2014-11,WC-2014,2014,group stage,2014-06-15,Bosnia and Herzegovina,Bosnia and Herzegovina,Vedad Ibišević,P-43723,85,85,0,0,0,fjelstul
M-2014-12,WC-2014,2014,group stage,2014-06-16,Germany,Germany,Thomas Müller,P-28154,12,12,0,1,0,fjelstul
M-2014-12,WC-2014,2014,group stage,2014-06-16,Germany,Germany,Mats Hummels,P-81447,32,32,0,0,0,fjelstul
M-2014-12,WC-2014,2014,group stage,2014-06-16,Germany,Germany,Thomas Müller,P-28154,46,45,1,0,0,fjelstul
M-2014-12,WC-2014,2014,group stage,2014-06-16,Germany,Germany,Thomas Müller,P-28154,78,78,0,0,0,fjelstul
M-2014-14,WC-2014,2014,group stage,2014-06-16,United States,United States,Clint Dempsey,P-18672,1,1,0,0,0,fjelstul
M-2014-14,WC-2014,2014,group stage,2014-06-16,Ghana,Ghana,André Ayew,P-01945,82,82,0,0,0,fjelstul
M-2014-14,WC-2014,2014,group stage,2014-06-16,United States,United States,John Brooks,P-41262,86,86,0,0,0,fjelstul
M-2014-15,WC-2014,2014,group stage,2014-06-17,Algeria,Algeria,Sofiane Feghouli,P-12165,25,25,0,1,0,fjelstul
M-2014-15,WC-2014,2014,group stage,2014-06-17,Belgium,Belgium,Marouane Fellaini,P-63363,70,70,0,0,0,fjelstul
M-2014-15,WC-2014,2014,group stage,2014-06-17,Belgium,Belgium,Dries Mertens,P-84852,80,80,0,0,0,fjelstul
M-2014-17,WC-2014,2014,group stage,2014-06-17,South Korea,South Korea,Keun-ho Lee,P-71308,68,68,0,0,0,fjelstul
M-2014-17,WC-2014,2014,group stage,2014-06-17,Russia,Russia,Aleksandr Kerzhakov,P-89971,74,74,0,0,0,fjelstul
M-2014-18,WC-2014,2014,group stage,2014-06-18,Netherlands,Netherlands,Arjen Robben,P-23705,20,20,0,0,0,fjelstul
M-2014-18,WC-2014,2014,group stage,2014-06-18,Australia,Australia,Tim Cahill,P-44926,21,21,0,0,0,fjelstul
M-2014-18,WC-2014,2014,group stage,2014-06-18,Australia,Australia,Mile Jedinak,P-37275,54,54,0,1,0,fjelstul
M-2014-18,WC-2014,2014,group stage,2014-06-18,Netherlands,Netherlands,Robin van Persie,P-99934,58,58,0,0,0,fjelstul
M-2014-18,WC-2014,2014,group stage,2014-06-18,Netherlands,Netherlands,Memphis Depay,P-27540,68,68,0,0,0,fjelstul
M-2014-19,WC-2014,2014,group stage,2014-06-18,Chile,Chile,Eduardo Vargas,P-36808,20,20,0,0,0,fjelstul
M-2014-19,WC-2014,2014,group stage,2014-06-18,Chile,Chile,Charles Aránguiz,P-22391,43,43,0,0,0,fjelstul
M-2014-20,WC-2014,2014,group stage,2014-06-18,Croatia,Croatia,Ivica Olić,P-13265,11,11,0,0,0,fjelstul
M-2014-20,WC-2014,2014,group stage,2014-06-18,Croatia,Croatia,Ivan Perišić,P-93884,48,48,0,0,0,fjelstul
M-2014-20,WC-2014,2014,group stage,2014-06-18,Croatia,Croatia,Mario Mandžukić,P-25745,61,61,0,0,0,fjelstul
M-2014-20,WC-2014,2014,group stage,2014-06-18,Croatia,Croatia,Mario Mandžukić,P-25745,73,73,0,0,0,fjelstul
M-2014-21,WC-2014,2014,group stage,2014-06-19,Colombia,Colombia,James Rodríguez,P-89392,64,64,0,0,0,fjelstul
M-2014-21,WC-2014,2014,group stage,2014-06-19,Colombia,Colombia,Juan Fernando Quintero,P-14499,70,70,0,0,0,fjelstul
M-2014-21,WC-2014,2014,group stage,2014-06-19,Ivory Coast,Ivory Coast,Gervinho,P-33586,73,73,0,0,0,fjelstul
M-2014-22,WC-2014,2014,group stage,2014-06-19,Uruguay,Uruguay,Luis Suárez,P-30486,39,39,0,0,0,fjelstul
M-2014-22,WC-2014,2014,group stage,2014-06-19,England,England,Wayne Rooney,P-99967,75,75,0,0,0,fjelstul
M-2014-22,WC-2014,2014,group stage,2014-06-19,Uruguay,Uruguay,Luis Suárez,P-30486,85,85,0,0,0,fjelstul
M-2014-24,WC-2014,2014,group stage,2014-06-20,Costa Rica,Costa Rica,Bryan Ruiz,P-99590,44,44,0,0,0,fjelstul
M-2014-25,WC-2014,2014,group stage,2014-06-20,France,France,Olivier Giroud,P-89750,17,17,0,0,0,fjelstul
M-2014-25,WC-2014,2014,group stage,2014-06-20,France,France,Blaise Matuidi,P-04964,18,18,0,0,0,fjelstul
M-2014-25,WC-2014,2014,group stage,2014-06-20,France,France,Mathieu Valbuena,P-84312,40,40,0,0,0,fjelstul
M-2014-25,WC-2014,2014,group stage,2014-06-20,France,France,Karim Benzema,P-35408,67,67,0,0,0,fjelstul
M-2014-25,WC-2014,2014,group stage,2014-06-20,France,France,Moussa Sissoko,P-07870,73,73,0,0,0,fjelstul
M-2014-25,WC-2014,2014,group stage,2014-06-20,Switzerland,Switzerland,Blerim Džemaili,P-35818,81,81,0,0,0,fjelstul
M-2014-25,WC-2014,2014,group stage,2014-06-20,Switzerland,Switzerland,Granit Xhaka,P-77224,87,87,0,0,0,fjelstul
M-2014-26,WC-2014,2014,group stage,2014-06-20,Honduras,Honduras,Carlo Costly,P-38682,31,31,0,0,0,fjelstul
M-2014-26,WC-2014,2014,group stage,2014-06-20,Ecuador,Ecuador,Enner Valencia,P-75912,34,34,0,0,0,fjelstul
M-2014-26,WC-2014,2014,group stage,2014-06-20,Ecuador,Ecuador,Enner Valencia,P-75912,65,65,0,0,0,fjelstul
M-2014-27,WC-2014,2014,group stage,2014-06-21,Argentina,Argentina,Lionel Messi,P-14758,91,90,1,0,0,fjelstul
M-2014-28,WC-2014,2014,group stage,2014-06-21,Germany,Germany,Mario Götze,P-63673,51,51,0,0,0,fjelstul
M-2014-28,WC-2014,2014,group stage,2014-06-21,Ghana,Ghana,André Ayew,P-01945,54,54,0,0,0,fjelstul
M-2014-28,WC-2014,2014,group stage,2014-06-21,Ghana,Ghana,Asamoah Gyan,P-38556,63,63,0,0,0,fjelstul
M-2014-28,WC-2014,2014,group stage,2014-06-21,Germany,Germany,Miroslav Klose,P-27787,71,71,0,0,0,fjelstul
M-2014-29,WC-2014,2014,group stage,2014-06-21,Nigeria,Nigeria,Peter Odemwingie,P-70006,29,29,0,0,0,fjelstul
M-2014-30,WC-2014,2014,group stage,2014-06-22,Belgium,Belgium,Divock Origi,P-77619,88,88,0,0,0,fjelstul
M-2014-31,WC-2014,2014,group stage,2014-06-22,Algeria,Algeria,Islam Slimani,P-59199,26,26,0,0,0,fjelstul
M-2014-31,WC-2014,2014,group stage,2014-06-22,Algeria,Algeria,Rafik Halliche,P-19453,28,28,0,0,0,fjelstul
M-2014-31,WC-2014,2014,group stage,2014-06-22,Algeria,Algeria,Abdelmoumene Djabou,P-59147,38,38,0,0,0,fjelstul
M-2014-31,WC-2014,2014,group stage,2014-06-22,South Korea,South Korea,Heung-min Son,P-77335,50,50,0,0,0,fjelstul
M-2014-31,WC-2014,2014,group stage,2014-06-22,Algeria,Algeria,Yacine Brahimi,P-24983,62,62,0,0,0,fjelstul
M-2014-31,WC-2014,2014,group stage,2014-06-22,South Korea,South Korea,Ja-cheol Koo,P-47440,72,72,0,0,0,fjelstul
M-2014-32,WC-2014,2014,group stage,2014-06-22,Portugal,Portugal,Nani,P-78296,5,5,0,0,0,fjelstul
M-2014-32,WC-2014,2014,group stage,2014-06-22,United States,United States,Jermaine Jones,P-10072,64,64,0,0,0,fjelstul
M-2014-32,WC-2014,2014,group stage,2014-06-22,United States,United States,Clint Dempsey,P-18672,81,81,0,0,0,fjelstul
M-2014-32,WC-2014,2014,group stage,2014-06-22,Portugal,Portugal,Silvestre Varela,P-25600,95,90,5,0,0,fjelstul
M-2014-33,WC-2014,2014,group stage,2014-06-23,Spain,Spain,David Villa,P-49097,36,36,0,0,0,fjelstul
M-2014-33,WC-2014,2014,group stage,2014-06-23,Spain,Spain,Fernando Torres,P-71661,69,69,0,0,0,fjelstul
M-2014-33,WC-2014,2014,group stage,2014-06-23,Spain,Spain,Juan Mata,P-47597,82,82,0,0,0,fjelstul
M-2014-34,WC-2014,2014,group stage,2014-06-23,Netherlands,Netherlands,Leroy Fer,P-20877,77,77,0,0,0,fjelstul
M-2014-34,WC-2014,2014,group stage,2014-06-23,Netherlands,Netherlands,Memphis Depay,P-27540,92,90,2,0,0,fjelstul
M-2014-35,WC-2014,2014,group stage,2014-06-23,Brazil,Brazil,Neymar,P-87008,17,17,0,0,0,fjelstul
M-2014-35,WC-2014,2014,group stage,2014-06-23,Cameroon,Cameroon,Joël Matip,P-47974,26,26,0,0,0,fjelstul
M-2014-35,WC-2014,2014,group stage,2014-06-23,Brazil,Brazil,Neymar,P-87008,35,35,0,0,0,fjelstul
M-2014-35,WC-2014,2014,group stage,2014-06-23,Brazil,Brazil,Fred,P-54042,49,49,0,0,0,fjelstul
M-2014-35,WC-2014,2014,group stage,2014-06-23,Brazil,Brazil,Fernandinho,P-41758,84,84,0,0,0,fjelstul
M-2014-36,WC-2014,2014,group stage,2014-06-23,Mexico,Mexico,Rafael Márquez,P-44763,72,72,0,0,0,fjelstul
M-2014-36,WC-2014,2014,group stage,2014-06-23,Mexico,Mexico,Andrés Guardado,P-40312,75,75,0,0,0,fjelstul
M-2014-36,WC-2014,2014,group stage,2014-06-23,Mexico,Mexico,Javier Hernández,P-36515,82,82,0,0,0,fjelstul
M-2014-36,WC-2014,2014,group stage,2014-06-23,Croatia,Croatia,Ivan Perišić,P-93884,87,87,0,0,0,fjelstul
M-2014-38,WC-2014,2014,group stage,2014-06-24,Uruguay,Uruguay,Diego Godín,P-78440,81,81,0,0,0,fjelstul
M-2014-39,WC-2014,2014,group stage,2014-06-24,Colombia,Colombia,Juan Cuadrado,P-83216,17,17,0,1,0,fjelstul
M-2014-39,WC-2014,2014,group stage,2014-06-24,Japan,Japan,Shinji Okazaki,P-84807,46,45,1,0,0,fjelstul
M-2014-39,WC-2014,2014,group stage,2014-06-24,Colombia,Colombia,Jackson Martínez,P-01068,55,55,0,0,0,fjelstul
M-2014-39,WC-2014,2014,group stage,2014-06-24,Colombia,Colombia,Jackson Martínez,P-01068,82,82,0,0,0,fjelstul
M-2014-39,WC-2014,2014,group stage,2014-06-24,Colombia,Colombia,James Rodríguez,P-89392,90,90,0,0,0,fjelstul
M-2014-40,WC-2014,2014,group stage,2014-06-24,Greece,Greece,Andreas Samaris,P-30845,42,42,0,0,0,fjelstul
M-2014-40,WC-2014,2014,group stage,2014-06-24,Ivory Coast,Ivory Coast,Wilfried Bony,P-84532,74,74,0,0,0,fjelstul
M-2014-40,WC-2014,2014,group stage,2014-06-24,Greece,Greece,Georgios Samaras,P-58348,93,90,3,1,0,fjelstul
M-2014-41,WC-2014,2014,group stage,2014-06-25,Bosnia and Herzegovina,Bosnia and Herzegovina,Edin Džeko,P-31839,23,23,0,0,0,fjelstul
M-2014-41,WC-2014,2014,group stage,2014-06-25,Bosnia and Herzegovina,Bosnia and Herzegovina,Miralem Pjanić,P-19478,59,59,0,0,0,fjelstul
M-2014-41,WC-2014,2014,group stage,2014-06-25,Iran,Iran,Reza Ghoochannejhad,P-85324,82,82,0,0,0,fjelstul
M-2014-41,WC-2014,2014,group stage,2014-06-25,Bosnia and Herzegovina,Bosnia and Herzegovina,Avdija Vršajević,P-35118,83,83,0,0,0,fjelstul
M-2014-42,WC-2014,2014,group stage,2014-06-25,Argentina,Argentina,Lionel Messi,P-14758,3,3,0,0,0,fjelstul
M-2014-42,WC-2014,2014,group stage,2014-06-25,Nigeria,Nigeria,Ahmed Musa,P-19591,4,4,0,0,0,fjelstul
M-2014-42,WC-2014,2014,group stage,2014-06-25,Argentina,Argentina,Lionel Messi,P-14758,46,45,1,0,0,fjelstul
M-2014-42,WC-2014,2014,group stage,2014-06-25,Nigeria,Nigeria,Ahmed Musa,P-19591,47,47,0,0,0,fjelstul
M-2014-42,WC-2014,2014,group stage,2014-06-25,Argentina,Argentina,Marcos Rojo,P-18222,50,50,0,0,0,fjelstul
M-2014-43,WC-2014,2014,group stage,2014-06-25,Switzerland,Switzerland,Xherdan Shaqiri,P-39460,6,6,0,0,0,fjelstul
M-2014-43,WC-2014,2014,group stage,2014-06-25,Switzerland,Switzerland,Xherdan Shaqiri,P-39460,31,31,0,0,0,fjelstul
M-2014-43,WC-2014,2014,group stage,2014-06-25,Switzerland,Switzerland,Xherdan Shaqiri,P-39460,71,71,0,0,0,fjelstul
M-2014-45,WC-2014,2014,group stage,2014-06-26,Portugal,Ghana,John Boye,P-06024,31,31,0,0,1,fjelstul
M-2014-45,WC-2014,2014,group stage,2014-06-26,Ghana,Ghana,Asamoah Gyan,P-38556,57,57,0,0,0,fjelstul
M-2014-45,WC-2014,2014,group stage,2014-06-26,Portugal,Portugal,Cristiano Ronaldo,P-70442,80,80,0,0,0,fjelstul
M-2014-46,WC-2014,2014,group stage,2014-06-26,Germany,Germany,Thomas Müller,P-28154,55,55,0,0,0,fjelstul
M-2014-47,WC-2014,2014,group stage,2014-06-26,Russia,Russia,Aleksandr Kokorin,P-67113,6,6,0,0,0,fjelstul
M-2014-47,WC-2014,2014,group stage,2014-06-26,Algeria,Algeria,Islam Slimani,P-59199,60,60,0,0,0,fjelstul
M-2014-48,WC-2014,2014,group stage,2014-06-26,Belgium,Belgium,Jan Vertonghen,P-64049,78,78,0,0,0,fjelstul
M-2014-49,WC-2014,2014,round of 16,2014-06-28,Brazil,Brazil,David Luiz,P-87449,18,18,0,0,0,fjelstul
M-2014-49,WC-2014,2014,round of 16,2014-06-28,Chile,Chile,Alexis Sánchez,P-30014,32,32,0,0,0,fjelstul
M-2014-50,WC-2014,2014,round of 16,2014-06-28,Colombia,Colombia,James Rodríguez,P-89392,28,28,0,0,0,fjelstul
M-2014-50,WC-2014,2014,round of 16,2014-06-28,Colombia,Colombia,James Rodríguez,P-89392,50,50,0,0,0,fjelstul
M-2014-51,WC-2014,2014,round of 16,2014-06-29,Mexico,Mexico,Giovani dos Santos,P-77047,48,48,0,0,0,fjelstul
M-2014-51,WC-2014,2014,round of 16,2014-06-29,Netherlands,Netherlands,Wesley Sneijder,P-51336,88,88,0,0,0,fjelstul
M-2014-51,WC-2014,2014,round of 16,2014-06-29,Netherlands,Netherlands,Klaas-Jan Huntelaar,P-64344,94,90,4,1,0,fjelstul
M-2014-52,WC-2014,2014,round of 16,2014-06-29,Costa Rica,Costa Rica,Bryan Ruiz,P-99590,52,52,0,0,0,fjelstul
M-2014-52,WC-2014,2014,round of 16,2014-06-29,Greece,Greece,Sokratis Papastathopoulos,P-11436,91,90,1,0,0,fjelstul
M-2014-53,WC-2014,2014,round of 16,2014-06-30,France,France,Paul Pogba,P-17509,79,79,0,0,0,fjelstul
M-2014-53,WC-2014,2014,round of 16,2014-06-30,France,Nigeria,Joseph Yobo,P-64104,92,90,2,0,1,fjelstul
M-2014-54,WC-2014,2014,round of 16,2014-06-30,Germany,Germany,André Schürrle,P-46979,92,92,0,0,0,fjelstul
M-2014-54,WC-2014,2014,round of 16,2014-06-30,Germany,Germany,Mesut Özil,P-12818,120,120,0,0,0,fjelstul
M-2014-54,WC-2014,2014,round of 16,2014-06-30,Algeria,Algeria,Abdelmoumene Djabou,P-59147,121,120,1,0,0,fjelstul
M-2014-55,WC-2014,2014,round of 16,2014-07-01,Argentina,Argentina,Ángel Di María,P-42113,118,118,0,0,0,fjelstul
M-2014-56,WC-2014,2014,round of 16,2014-07-01,Belgium,Belgium,Kevin De Bruyne,P-48955,93,93,0,0,0,fjelstul
M-2014-56,WC-2014,2014,round of 16,2014-07-01,Belgium,Belgium,Romelu Lukaku,P-72637,105,105,0,0,0,fjelstul
M-2014-56,WC-2014,2014,round of 16,2014-07-01,United States,United States,Julian Green,P-91438,107,107,0,0,0,fjelstul
M-2014-57,WC-2014,2014,quarter-finals,2014-07-04,Germany,Germany,Mats Hummels,P-81447,13,13,0,0,0,fjelstul
M-2014-58,WC-2014,2014,quarter-finals,2014-07-04,Brazil,Brazil,Thiago Silva,P-32798,7,7,0,0,0,fjelstul
M-2014-58,WC-2014,2014,quarter-finals,2014-07-04,Brazil,Brazil,David Luiz,P-87449,69,69,0,0,0,fjelstul
M-2014-58,WC-2014,2014,quarter-finals,2014-07-04,Colombia,Colombia,James Rodríguez,P-89392,80,80,0,1,0,fjelstul
M-2014-59,WC-2014,2014,quarter-finals,2014-07-05,Argentina,Argentina,Gonzalo Higuaín,P-29398,8,8,0,0,0,fjelstul
M-2014-61,WC-2014,2014,semi-finals,2014-07-08,Germany,Germany,Thomas Müller,P-28154,11,11,0,0,0,fjelstul
M-2014-61,WC-2014,2014,semi-finals,2014-07-08,Germany,Germany,Miroslav Klose,P-27787,23,23,0,0,0,fjelstul
M-2014-61,WC-2014,2014,semi-finals,2014-07-08,Germany,Germany,Toni Kroos,P-39356,24,24,0,0,0,fjelstul
M-2014-61,WC-2014,2014,semi-finals,2014-07-08,Germany,Germany,Toni Kroos,P-39356,26,26,0,0,0,fjelstul
M-2014-61,WC-2014,2014,semi-finals,2014-07-08,Germany,Germany,Sami Khedira,P-13029,29,29,0,0,0,fjelstul
M-2014-61,WC-2014,2014,semi-finals,2014-07-08,Germany,Germany,André Schürrle,P-46979,69,69,0,0,0,fjelstul
M-2014-61,WC-2014,2014,semi-finals,2014-07-08,Germany,Germany,André Schürrle,P-46979,79,79,0,0,0,fjelstul
M-2014-61,WC-2014,2014,semi-finals,2014-07-08,Brazil,Brazil,Oscar,P-37239,90,90,0,0,0,fjelstul
M-2014-63,WC-2014,2014,third-place match,2014-07-12,Netherlands,Netherlands,Robin van Persie,P-99934,3,3,0,1,0,fjelstul
M-2014-63,WC-2014,2014,third-place match,2014-07-12,Netherlands,Netherlands,Daley Blind,P-39861,17,17,0,0,0,fjelstul
M-2014-63,WC-2014,2014,third-place match,2014-07-12,Netherlands,Netherlands,Georginio Wijnaldum,P-85698,91,90,1,0,0,fjelstul
M-2014-64,WC-2014,2014,final,2014-07-13,Germany,Germany,Mario Götze,P-63673,113,113,0,0,0,fjelstul
M-2018-01,WC-2018,2018,group stage,2018-06-14,Russia,Russia,Yury Gazinsky,P-20571,12,12,0,0,0,fjelstul
M-2018-01,WC-2018,2018,group stage,2018-06-14,Russia,Russia,Denis Cheryshev,P-43675,43,43,0,0,0,fjelstul
M-2018-01,WC-2018,2018,group stage,2018-06-14,Russia,Russia,Artem Dzyuba,P-37840,71,71,0,0,0,fjelstul
M-2018-01,WC-2018,2018,group stage,2018-06-14,Russia,Russia,Denis Cheryshev,P-43675,91,90,1,0,0,fjelstul
M-2018-01,WC-2018,2018,group stage,2018-06-14,Russia,Russia,Aleksandr Golovin,P-22778,94,90,4,0,0,fjelstul
M-2018-02,WC-2018,2018,group stage,2018-06-15,Uruguay,Uruguay,José Giménez,P-65659,89,89,0,0,0,fjelstul
M-2018-03,WC-2018,2018,group stage,2018-06-15,Iran,Morocco,Aziz Bouhaddouz,P-60872,95,90,5,0,1,fjelstul
M-2018-04,WC-2018,2018,group stage,2018-06-15,Portugal,Portugal,Cristiano Ronaldo,P-70442,4,4,0,1,0,fjelstul
M-2018-04,WC-2018,2018,group stage,2018-06-15,Spain,Spain,Diego Costa,P-02231,24,24,0,0,0,fjelstul
M-2018-04,WC-2018,2018,group stage,2018-06-15,Portugal,Portugal,Cristiano Ronaldo,P-70442,44,44,0,0,0,fjelstul
M-2018-04,WC-2018,2018,group stage,2018-06-15,Spain,Spain,Diego Costa,P-02231,55,55,0,0,0,fjelstul
M-2018-04,WC-2018,2018,group stage,2018-06-15,Spain,Spain,Nacho,P-15848,58,58,0,0,0,fjelstul
M-2018-04,WC-2018,2018,group stage,2018-06-15,Portugal,Portugal,Cristiano Ronaldo,P-70442,88,88,0,0,0,fjelstul
M-2018-05,WC-2018,2018,group stage,2018-06-16,France,France,Antoine Griezmann,P-90908,58,58,0,1,0,fjelstul
M-2018-05,WC-2018,2018,group stage,2018-06-16,Australia,Australia,Mile Jedinak,P-37275,62,62,0,1,0,fjelstul
M-2018-05,WC-2018,2018,group stage,2018-06-16,France,Australia,Aziz Behich,P-51118,81,81,0,0,1,fjelstul
M-2018-06,WC-2018,2018,group stage,2018-06-16,Argentina,Argentina,Sergio Agüero,P-36870,19,19,0,0,0,fjelstul
M-2018-06,WC-2018,2018,group stage,2018-06-16,Iceland,Iceland,Alfreð Finnbogason,P-70085,23,23,0,0,0,fjelstul
M-2018-07,WC-2018,2018,group stage,2018-06-16,Denmark,Denmark,Yussuf Poulsen,P-08442,59,59,0,0,0,fjelstul
M-2018-08,WC-2018,2018,group stage,2018-06-16,Croatia,Nigeria,Peter Etebo,P-62455,32,32,0,0,1,fjelstul
M-2018-08,WC-2018,2018,group stage,2018-06-16,Croatia,Croatia,Luka Modrić,P-29491,71,71,0,1,0,fjelstul
M-2018-09,WC-2018,2018,group stage,2018-06-17,Serbia,Serbia,Aleksandar Kolarov,P-33059,56,56,0,0,0,fjelstul
M-2018-10,WC-2018,2018,group stage,2018-06-17,Mexico,Mexico,Hirving Lozano,P-24705,35,35,0,0,0,fjelstul
M-2018-11,WC-2018,2018,group stage,2018-06-17,Brazil,Brazil,Philippe Coutinho,P-37171,20,20,0,0,0,fjelstul
M-2018-11,WC-2018,2018,group stage,2018-06-17,Switzerland,Switzerland,Steven Zuber,P-71840,50,50,0,0,0,fjelstul
M-2018-12,WC-2018,2018,group stage,2018-06-18,Sweden,Sweden,Andreas Granqvist,P-34998,65,65,0,1,0,fjelstul
M-2018-13,WC-2018,2018,group stage,2018-06-18,Belgium,Belgium,Dries Mertens,P-84852,47,47,0,0,0,fjelstul
M-2018-13,WC-2018,2018,group stage,2018-06-18,Belgium,Belgium,Romelu Lukaku,P-72637,69,69,0,0,0,fjelstul
M-2018-13,WC-2018,2018,group stage,2018-06-18,Belgium,Belgium,Romelu Lukaku,P-72637,75,75,0,0,0,fjelstul
M-2018-14,WC-2018,2018,group stage,2018-06-18,England,England,Harry Kane,P-58924,11,11,0,0,0,fjelstul
M-2018-14,WC-2018,2018,group stage,2018-06-18,Tunisia,Tunisia,Ferjani Sassi,P-90867,35,35,0,1,0,fjelstul
M-2018-14,WC-2018,2018,group stage,2018-06-18,England,England,Harry Kane,P-58924,91,90,1,0,0,fjelstul
M-2018-15,WC-2018,2018,group stage,2018-06-19,Japan,Japan,Shinji Kagawa,P-36964,6,6,0,1,0,fjelstul
M-2018-15,WC-2018,2018,group stage,2018-06-19,Colombia,Colombia,Juan Fernando Quintero,P-14499,39,39,0,0,0,fjelstul
M-2018-15,WC-2018,2018,group stage,2018-06-19,Japan,Japan,Yuya Osako,P-23371,73,73,0,0,0,fjelstul
M-2018-16,WC-2018,2018,group stage,2018-06-19,Senegal,Poland,Thiago Cionek,P-40820,37,37,0,0,1,fjelstul
M-2018-16,WC-2018,2018,group stage,2018-06-19,Senegal,Senegal,M'Baye Niang,P-23774,60,60,0,0,0,fjelstul
M-2018-16,WC-2018,2018,group stage,2018-06-19,Poland,Poland,Grzegorz Krychowiak,P-45449,86,86,0,0,0,fjelstul
M-2018-17,WC-2018,2018,group stage,2018-06-19,Russia,Egypt,Ahmed Fathy,P-44093,47,47,0,0,1,fjelstul
M-2018-17,WC-2018,2018,group stage,2018-06-19,Russia,Russia,Denis Cheryshev,P-43675,59,59,0,0,0,fjelstul
M-2018-17,WC-2018,2018,group stage,2018-06-19,Russia,Russia,Artem Dzyuba,P-37840,62,62,0,0,0,fjelstul
M-2018-17,WC-2018,2018,group stage,2018-06-19,Egypt,Egypt,Mohamed Salah,P-75890,73,73,0,1,0,fjelstul
M-2018-18,WC-2018,2018,group stage,2018-06-20,Portugal,Portugal,Cristiano Ronaldo,P-70442,4,4,0,0,0,fjelstul
M-2018-19,WC-2018,2018,group stage,2018-06-20,Uruguay,Uruguay,Luis Suárez,P-30486,23,23,0,0,0,fjelstul
M-2018-20,WC-2018,2018,group stage,2018-06-20,Spain,Spain,Diego Costa,P-02231,54,54,0,0,0,fjelstul
M-2018-21,WC-2018,2018,group stage,2018-06-21,Denmark,Denmark,Christian Eriksen,P-50104,7,7,0,0,0,fjelstul
M-2018-21,WC-2018,2018,group stage,2018-06-21,Australia,Australia,Mile Jedinak,P-37275,38,38,0,1,0,fjelstul
M-2018-22,WC-2018,2018,group stage,2018-06-21,France,France,Kylian Mbappé,P-64077,34,34,0,0,0,fjelstul
M-2018-23,WC-2018,2018,group stage,2018-06-21,Croatia,Croatia,Ante Rebić,P-44463,53,53,0,0,0,fjelstul
M-2018-23,WC-2018,2018,group stage,2018-06-21,Croatia,Croatia,Luka Modrić,P-29491,80,80,0,0,0,fjelstul
M-2018-23,WC-2018,2018,group stage,2018-06-21,Croatia,Croatia,Ivan Rakitić,P-65979,91,90,1,0,0,fjelstul
M-2018-24,WC-2018,2018,group stage,2018-06-22,Brazil,Brazil,Philippe Coutinho,P-37171,91,90,1,0,0,fjelstul
M-2018-24,WC-2018,2018,group stage,2018-06-22,Brazil,Brazil,Neymar,P-87008,97,90,7,0,0,fjelstul
M-2018-25,WC-2018,2018,group stage,2018-06-22,Nigeria,Nigeria,Ahmed Musa,P-19591,49,49,0,0,0,fjelstul
M-2018-25,WC-2018,2018,group stage,2018-06-22,Nigeria,Nigeria,Ahmed Musa,P-19591,75,75,0,0,0,fjelstul
M-2018-26,WC-2018,2018,group stage,2018-06-22,Serbia,Serbia,Aleksandar Mitrović,P-85696,5,5,0,0,0,fjelstul
M-2018-26,WC-2018,2018,group stage,2018-06-22,Switzerland,Switzerland,Granit Xhaka,P-77224,52,52,0,0,0,fjelstul
M-2018-26,WC-2018,2018,group stage,2018-06-22,Switzerland,Switzerland,Xherdan Shaqiri,P-39460,90,90,0,0,0,fjelstul
M-2018-27,WC-2018,2018,group stage,2018-06-23,Belgium,Belgium,Eden Hazard,P-72011,6,6,0,1,0,fjelstul
M-2018-27,WC-2018,2018,group stage,2018-06-23,Belgium,Belgium,Romelu Lukaku,P-72637,16,16,0,0,0,fjelstul
M-2018-27,WC-2018,2018,group stage,2018-06-23,Tunisia,Tunisia,Dylan Bronn,P-11879,18,18,0,0,0,fjelstul
M-2018-27,WC-2018,2018,group stage,2018-06-23,Belgium,Belgium,Romelu Lukaku,P-72637,48,45,3,0,0,fjelstul
M-2018-27,WC-2018,2018,group stage,2018-06-23,Belgium,Belgium,Eden Hazard,P-72011,51,51,0,0,0,fjelstul
M-2018-27,WC-2018,2018,group stage,2018-06-23,Belgium,Belgium,Michy Batshuayi,P-13975,90,90,0,0,0,fjelstul
M-2018-27,WC-2018,2018,group stage,2018-06-23,Tunisia,Tunisia,Wahbi Khazri,P-42223,93,90,3,0,0,fjelstul
M-2018-28,WC-2018,2018,group stage,2018-06-23,Mexico,Mexico,Carlos Vela,P-68042,26,26,0,1,0,fjelstul
M-2018-28,WC-2018,2018,group stage,2018-06-23,Mexico,Mexico,Javier Hernández,P-36515,66,66,0,0,0,fjelstul
M-2018-28,WC-2018,2018,group stage,2018-06-23,South Korea,South Korea,Heung-min Son,P-77335,93,90,3,0,0,fjelstul
M-2018-29,WC-2018,2018,group stage,2018-06-23,Sweden,Sweden,Ola Toivonen,P-10221,32,32,0,0,0,fjelstul
M-2018-29,WC-2018,2018,group stage,2018-06-23,Germany,Germany,Marco Reus,P-94447,48,48,0,0,0,fjelstul
M-2018-29,WC-2018,2018,group stage,2018-06-23,Germany,Germany,Toni Kroos,P-39356,95,90,5,0,0,fjelstul
M-2018-30,WC-2018,2018,group stage,2018-06-24,England,England,John Stones,P-92628,8,8,0,0,0,fjelstul
M-2018-30,WC-2018,2018,group stage,2018-06-24,England,England,Harry Kane,P-58924,22,22,0,1,0,fjelstul
M-2018-30,WC-2018,2018,group stage,2018-06-24,England,England,Jesse Lingard,P-63620,36,36,0,0,0,fjelstul
M-2018-30,WC-2018,2018,group stage,2018-06-24,England,England,John Stones,P-92628,40,40,0,0,0,fjelstul
M-2018-30,WC-2018,2018,group stage,2018-06-24,England,England,Harry Kane,P-58924,46,45,1,1,0,fjelstul
M-2018-30,WC-2018,2018,group stage,2018-06-24,England,England,Harry Kane,P-58924,62,62,0,0,0,fjelstul
M-2018-30,WC-2018,2018,group stage,2018-06-24,Panama,Panama,Felipe Baloy,P-76368,78,78,0,0,0,fjelstul
M-2018-31,WC-2018,2018,group stage,2018-06-24,Senegal,Senegal,Sadio Mané,P-79299,11,11,0,0,0,fjelstul
M-2018-31,WC-2018,2018,group stage,2018-06-24,Japan,Japan,Takashi Inui,P-89984,34,34,0,0,0,fjelstul
M-2018-31,WC-2018,2018,group stage,2018-06-24,Senegal,Senegal,Moussa Wagué,P-57411,71,71,0,0,0,fjelstul
M-2018-31,WC-2018,2018,group stage,2018-06-24,Japan,Japan,Keisuke Honda,P-33175,78,78,0,0,0,fjelstul
M-2018-32,WC-2018,2018,group stage,2018-06-24,Colombia,Colombia,Yerry Mina,P-43196,40,40,0,0,0,fjelstul
M-2018-32,WC-2018,2018,group stage,2018-06-24,Colombia,Colombia,Radamel Falcao,P-74655,70,70,0,0,0,fjelstul
M-2018-32,WC-2018,2018,group stage,2018-06-24,Colombia,Colombia,Juan Cuadrado,P-83216,75,75,0,0,0,fjelstul
M-2018-33,WC-2018,2018,group stage,2018-06-25,Egypt,Egypt,Mohamed Salah,P-75890,22,22,0,0,0,fjelstul
M-2018-33,WC-2018,2018,group stage,2018-06-25,Saudi Arabia,Saudi Arabia,Salman Al-Faraj,P-93688,51,45,6,1,0,fjelstul
M-2018-33,WC-2018,2018,group stage,2018-06-25,Saudi Arabia,Saudi Arabia,Salem Al-Dawsari,P-70583,95,90,5,0,0,fjelstul
M-2018-34,WC-2018,2018,group stage,2018-06-25,Uruguay,Uruguay,Luis Suárez,P-30486,10,10,0,0,0,fjelstul
M-2018-34,WC-2018,2018,group stage,2018-06-25,Uruguay,Russia,Denis Cheryshev,P-43675,23,23,0,0,1,fjelstul
M-2018-34,WC-2018,2018,group stage,2018-06-25,Uruguay,Uruguay,Edinson Cavani,P-59138,90,90,0,0,0,fjelstul
M-2018-35,WC-2018,2018,group stage,2018-06-25,Morocco,Morocco,Khalid Boutaïb,P-15199,14,14,0,0,0,fjelstul
M-2018-35,WC-2018,2018,group stage,2018-06-25,Spain,Spain,Isco,P-52418,19,19,0,0,0,fjelstul
M-2018-35,WC-2018,2018,group stage,2018-06-25,Morocco,Morocco,Youssef En-Nesyri,P-42517,81,81,0,0,0,fjelstul
M-2018-35,WC-2018,2018,group stage,2018-06-25,Spain,Spain,Iago Aspas,P-60554,91,90,1,0,0,fjelstul
M-2018-36,WC-2018,2018,group stage,2018-06-25,Portugal,Portugal,Ricardo Quaresma,P-95670,45,45,0,0,0,fjelstul
M-2018-36,WC-2018,2018,group stage,2018-06-25,Iran,Iran,Karim Ansarifard,P-53957,93,90,3,1,0,fjelstul
M-2018-37,WC-2018,2018,group stage,2018-06-26,Peru,Peru,André Carrillo,P-39610,18,18,0,0,0,fjelstul
M-2018-37,WC-2018,2018,group stage,2018-06-26,Peru,Peru,Paolo Guerrero,P-29117,50,50,0,0,0,fjelstul
M-2018-39,WC-2018,2018,group stage,2018-06-26,Croatia,Croatia,Milan Badelj,P-77789,53,53,0,0,0,fjelstul
M-2018-39,WC-2018,2018,group stage,2018-06-26,Iceland,Iceland,Gylfi Sigurðsson,P-83367,76,76,0,1,0,fjelstul
M-2018-39,WC-2018,2018,group stage,2018-06-26,Croatia,Croatia,Ivan Perišić,P-93884,90,90,0,0,0,fjelstul
M-2018-40,WC-2018,2018,group stage,2018-06-26,Argentina,Argentina,Lionel Messi,P-14758,14,14,0,0,0,fjelstul
M-2018-40,WC-2018,2018,group stage,2018-06-26,Nigeria,Nigeria,Victor Moses,P-26900,51,51,0,1,0,fjelstul
M-2018-40,WC-2018,2018,group stage,2018-06-26,Argentina,Argentina,Marcos Rojo,P-18222,86,86,0,0,0,fjelstul
M-2018-41,WC-2018,2018,group stage,2018-06-27,South Korea,South Korea,Young-gwon Kim,P-07259,92,90,2,0,0,fjelstul
M-2018-41,WC-2018,2018,group stage,2018-06-27,South Korea,South Korea,Heung-min Son,P-77335,96,90,6,0,0,fjelstul
M-2018-42,WC-2018,2018,group stage,2018-06-27,Sweden,Sweden,Ludwig Augustinsson,P-30993,50,50,0,0,0,fjelstul
M-2018-42,WC-2018,2018,group stage,2018-06-27,Sweden,Sweden,Andreas Granqvist,P-34998,62,62,0,1,0,fjelstul
M-2018-42,WC-2018,2018,group stage,2018-06-27,Sweden,Mexico,Edson Álvarez,P-26546,74,74,0,0,1,fjelstul
M-2018-43,WC-2018,2018,group stage,2018-06-27,Brazil,Brazil,Paulinho,P-54013,36,36,0,0,0,fjelstul
M-2018-43,WC-2018,2018,group stage,2018-06-27,Brazil,Brazil,Thiago Silva,P-32798,68,68,0,0,0,fjelstul
M-2018-44,WC-2018,2018,group stage,2018-06-27,Switzerland,Switzerland,Blerim Džemaili,P-35818,31,31,0,0,0,fjelstul
M-2018-44,WC-2018,2018,group stage,2018-06-27,Costa Rica,Costa Rica,Kendall Waston,P-37984,56,56,0,0,0,fjelstul
M-2018-44,WC-2018,2018,group stage,2018-06-27,Switzerland,Switzerland,Josip Drmić,P-07453,88,88,0,0,0,fjelstul
M-2018-44,WC-2018,2018,group stage,2018-06-27,Costa Rica,Switzerland,Yann Sommer,P-63312,93,90,3,0,1,fjelstul
M-2018-45,WC-2018,2018,group stage,2018-06-28,Poland,Poland,Jan Bednarek,P-10172,59,59,0,0,0,fjelstul
M-2018-46,WC-2018,2018,group stage,2018-06-28,Colombia,Colombia,Yerry Mina,P-43196,74,74,0,0,0,fjelstul
M-2018-47,WC-2018,2018,group stage,2018-06-28,Belgium,Belgium,Adnan Januzaj,P-15896,51,51,0,0,0,fjelstul
M-2018-48,WC-2018,2018,group stage,2018-06-28,Panama,Tunisia,Yassine Meriah,P-81706,33,33,0,0,1,fjelstul
M-2018-48,WC-2018,2018,group stage,2018-06-28,Tunisia,Tunisia,Fakhreddine Ben Youssef,P-94563,51,51,0,0,0,fjelstul
M-2018-48,WC-2018,2018,group stage,2018-06-28,Tunisia,Tunisia,Wahbi Khazri,P-42223,66,66,0,0,0,fjelstul
M-2018-49,WC-2018,2018,round of 16,2018-06-30,France,France,Antoine Griezmann,P-90908,13,13,0,1,0,fjelstul
M-2018-49,WC-2018,2018,round of 16,2018-06-30,Argentina,Argentina,Ángel Di María,P-42113,41,41,0,0,0,fjelstul
M-2018-49,WC-2018,2018,round of 16,2018-06-30,Argentina,Argentina,Gabriel Mercado,P-32508,48,48,0,0,0,fjelstul
M-2018-49,WC-2018,2018,round of 16,2018-06-30,France,France,Benjamin Pavard,P-60652,57,57,0,0,0,fjelstul
M-2018-49,WC-2018,2018,round of 16,2018-06-30,France,France,Kylian Mbappé,P-64077,64,64,0,0,0,fjelstul
M-2018-49,WC-2018,2018,round of 16,2018-06-30,France,France,Kylian Mbappé,P-64077,68,68,0,0,0,fjelstul
M-2018-49,WC-2018,2018,round of 16,2018-06-30,Argentina,Argentina,Sergio Agüero,P-36870,93,90,3,0,0,fjelstul
M-2018-50,WC-2018,2018,round of 16,2018-06-30,Uruguay,Uruguay,Edinson Cavani,P-59138,7,7,0,0,0,fjelstul
M-2018-50,WC-2018,2018,round of 16,2018-06-30,Portugal,Portugal,Pepe,P-81972,55,55,0,0,0,fjelstul
M-2018-50,WC-2018,2018,round of 16,2018-06-30,Uruguay,Uruguay,Edinson Cavani,P-59138,62,62,0,0,0,fjelstul
M-2018-51,WC-2018,2018,round of 16,2018-07-01,Spain,Russia,Sergei Ignashevich,P-79763,12,12,0,0,1,fjelstul
M-2018-51,WC-2018,2018,round of 16,2018-07-01,Russia,Russia,Artem Dzyuba,P-37840,41,41,0,1,0,fjelstul
M-2018-52,WC-2018,2018,round of 16,2018-07-01,Denmark,Denmark,Mathias Jørgensen,P-61976,1,1,0,0,0,fjelstul
M-2018-52,WC-2018,2018,round of 16,2018-07-01,Croatia,Croatia,Mario Mandžukić,P-25745,4,4,0,0,0,fjelstul
M-2018-53,WC-2018,2018,round of 16,2018-07-02,Brazil,Brazil,Neymar,P-87008,51,51,0,0,0,fjelstul
M-2018-53,WC-2018,2018,round of 16,2018-07-02,Brazil,Brazil,Roberto Firmino,P-37877,88,88,0,0,0,fjelstul
M-2018-54,WC-2018,2018,round of 16,2018-07-02,Japan,Japan,Genki Haraguchi,P-54138,48,48,0,0,0,fjelstul
M-2018-54,WC-2018,2018,round of 16,2018-07-02,Japan,Japan,Takashi Inui,P-89984,52,52,0,0,0,fjelstul
M-2018-54,WC-2018,2018,round of 16,2018-07-02,Belgium,Belgium,Jan Vertonghen,P-64049,69,69,0,0,0,fjelstul
M-2018-54,WC-2018,2018,round of 16,2018-07-02,Belgium,Belgium,Marouane Fellaini,P-63363,74,74,0,0,0,fjelstul
M-2018-54,WC-2018,2018,round of 16,2018-07-02,Belgium,Belgium,Nacer Chadli,P-69919,94,90,4,0,0,fjelstul
M-2018-55,WC-2018,2018,round of 16,2018-07-03,Sweden,Sweden,Emil Forsberg,P-04686,66,66,0,0,0,fjelstul
M-2018-56,WC-2018,2018,round of 16,2018-07-03,England,England,Harry Kane,P-58924,57,57,0,1,0,fjelstul
M-2018-56,WC-2018,2018,round of 16,2018-07-03,Colombia,Colombia,Yerry Mina,P-43196,93,90,3,0,0,fjelstul
M-2018-57,WC-2018,2018,quarter-finals,2018-07-06,France,France,Raphaël Varane,P-42326,40,40,0,0,0,fjelstul
M-2018-57,WC-2018,2018,quarter-finals,2018-07-06,France,France,Antoine Griezmann,P-90908,61,61,0,0,0,fjelstul
M-2018-58,WC-2018,2018,quarter-finals,2018-07-06,Belgium,Brazil,Fernandinho,P-41758,13,13,0,0,1,fjelstul
M-2018-58,WC-2018,2018,quarter-finals,2018-07-06,Belgium,Belgium,Kevin De Bruyne,P-48955,31,31,0,0,0,fjelstul
M-2018-58,WC-2018,2018,quarter-finals,2018-07-06,Brazil,Brazil,Renato Augusto,P-49997,76,76,0,0,0,fjelstul
M-2018-59,WC-2018,2018,quarter-finals,2018-07-07,England,England,Harry Maguire,P-02465,30,30,0,0,0,fjelstul
M-2018-59,WC-2018,2018,quarter-finals,2018-07-07,England,England,Dele Alli,P-83363,59,59,0,0,0,fjelstul
M-2018-60,WC-2018,2018,quarter-finals,2018-07-07,Russia,Russia,Denis Cheryshev,P-43675,31,31,0,0,0,fjelstul
M-2018-60,WC-2018,2018,quarter-finals,2018-07-07,Croatia,Croatia,Andrej Kramarić,P-65182,39,39,0,0,0,fjelstul
M-2018-60,WC-2018,2018,quarter-finals,2018-07-07,Croatia,Croatia,Domagoj Vida,P-91294,101,101,0,0,0,fjelstul
M-2018-60,WC-2018,2018,quarter-finals,2018-07-07,Russia,Russia,Mário Fernandes,P-17872,115,115,0,0,0,fjelstul
M-2018-61,WC-2018,2018,semi-finals,2018-07-10,France,France,Samuel Umtiti,P-67297,51,51,0,0,0,fjelstul
M-2018-62,WC-2018,2018,semi-finals,2018-07-11,England,England,Kieran Trippier,P-25937,5,5,0,0,0,fjelstul
M-2018-62,WC-2018,2018,semi-finals,2018-07-11,Croatia,Croatia,Ivan Perišić,P-93884,68,68,0,0,0,fjelstul
M-2018-62,WC-2018,2018,semi-finals,2018-07-11,Croatia,Croatia,Mario Mandžukić,P-25745,109,109,0,0,0,fjelstul
M-2018-63,WC-2018,2018,third-place match,2018-07-14,Belgium,Belgium,Thomas Meunier,P-22930,4,4,0,0,0,fjelstul
M-2018-63,WC-2018,2018,third-place match,2018-07-14,Belgium,Belgium,Eden Hazard,P-72011,82,82,0,0,0,fjelstul
M-2018-64,WC-2018,2018,final,2018-07-15,France,Croatia,Mario Mandžukić,P-25745,18,18,0,0,1,fjelstul
M-2018-64,WC-2018,2018,final,2018-07-15,Croatia,Croatia,Ivan Perišić,P-93884,28,28,0,0,0,fjelstul
M-2018-64,WC-2018,2018,final,2018-07-15,France,France,Antoine Griezmann,P-90908,38,38,0,1,0,fjelstul
M-2018-64,WC-2018,2018,final,2018-07-15,France,France,Paul Pogba,P-17509,59,59,0,0,0,fjelstul
M-2018-64,WC-2018,2018,final,2018-07-15,France,France,Kylian Mbappé,P-64077,65,65,0,0,0,fjelstul
M-2018-64,WC-2018,2018,final,2018-07-15,Croatia,Croatia,Mario Mandžukić,P-25745,69,69,0,0,0,fjelstul
M-2022-01,WC-2022,2022,group stage,2022-11-20,Ecuador,Ecuador,Enner Valencia,P-75912,16,16,0,1,0,fjelstul
M-2022-01,WC-2022,2022,group stage,2022-11-20,Ecuador,Ecuador,Enner Valencia,P-75912,31,31,0,0,0,fjelstul
M-2022-02,WC-2022,2022,group stage,2022-11-21,England,England,Jude Bellingham,P-15674,35,35,0,0,0,fjelstul
M-2022-02,WC-2022,2022,group stage,2022-11-21,England,England,Bukayo Saka,P-76842,43,43,0,0,0,fjelstul
M-2022-02,WC-2022,2022,group stage,2022-11-21,England,England,Raheem Sterling,P-21553,46,45,1,0,0,fjelstul
M-2022-02,WC-2022,2022,group stage,2022-11-21,England,England,Bukayo Saka,P-76842,62,62,0,0,0,fjelstul
M-2022-02,WC-2022,2022,group stage,2022-11-21,Iran,Iran,Mehdi Taremi,P-85860,65,65,0,0,0,fjelstul
M-2022-02,WC-2022,2022,group stage,2022-11-21,England,England,Marcus Rashford,P-59837,71,71,0,0,0,fjelstul
M-2022-02,WC-2022,2022,group stage,2022-11-21,England,England,Jack Grealish,P-21153,90,90,0,0,0,fjelstul
M-2022-02,WC-2022,2022,group stage,2022-11-21,Iran,Iran,Mehdi Taremi,P-85860,103,90,13,1,0,fjelstul
M-2022-03,WC-2022,2022,group stage,2022-11-21,Netherlands,Netherlands,Cody Gakpo,P-28911,84,84,0,0,0,fjelstul
M-2022-03,WC-2022,2022,group stage,2022-11-21,Netherlands,Netherlands,Davy Klaassen,P-42078,99,90,9,0,0,fjelstul
M-2022-04,WC-2022,2022,group stage,2022-11-21,United States,United States,Timothy Weah,P-30252,36,36,0,0,0,fjelstul
M-2022-04,WC-2022,2022,group stage,2022-11-21,Wales,Wales,Gareth Bale,P-63927,82,82,0,1,0,fjelstul
M-2022-05,WC-2022,2022,group stage,2022-11-22,Argentina,Argentina,Lionel Messi,P-14758,10,10,0,1,0,fjelstul
M-2022-05,WC-2022,2022,group stage,2022-11-22,Saudi Arabia,Saudi Arabia,Saleh Al-Shehri,P-37308,48,48,0,0,0,fjelstul
M-2022-05,WC-2022,2022,group stage,2022-11-22,Saudi Arabia,Saudi Arabia,Salem Al-Dawsari,P-70583,53,53,0,0,0,fjelstul
M-2022-08,WC-2022,2022,group stage,2022-11-22,Australia,Australia,Craig Goodwin,P-82010,9,9,0,0,0,fjelstul
M-2022-08,WC-2022,2022,group stage,2022-11-22,France,France,Adrien Rabiot,P-57401,27,27,0,0,0,fjelstul
M-2022-08,WC-2022,2022,group stage,2022-11-22,France,France,Olivier Giroud,P-89750,32,32,0,0,0,fjelstul
M-2022-08,WC-2022,2022,group stage,2022-11-22,France,France,Kylian Mbappé,P-64077,68,68,0,0,0,fjelstul
M-2022-08,WC-2022,2022,group stage,2022-11-22,France,France,Olivier Giroud,P-89750,71,71,0,0,0,fjelstul
M-2022-10,WC-2022,2022,group stage,2022-11-23,Germany,Germany,İlkay Gündoğan,P-08896,33,33,0,1,0,fjelstul
M-2022-10,WC-2022,2022,group stage,2022-11-23,Japan,Japan,Ritsu Dōan,P-58907,75,75,0,0,0,fjelstul
M-2022-10,WC-2022,2022,group stage,2022-11-23,Japan,Japan,Takuma Asano,P-46913,83,83,0,0,0,fjelstul
M-2022-11,WC-2022,2022,group stage,2022-11-23,Spain,Spain,Dani Olmo,P-40007,11,11,0,0,0,fjelstul
M-2022-11,WC-2022,2022,group stage,2022-11-23,Spain,Spain,Marco Asensio,P-09400,21,21,0,0,0,fjelstul
M-2022-11,WC-2022,2022,group stage,2022-11-23,Spain,Spain,Ferran Torres,P-31301,31,31,0,1,0,fjelstul
M-2022-11,WC-2022,2022,group stage,2022-11-23,Spain,Spain,Ferran Torres,P-31301,54,54,0,0,0,fjelstul
M-2022-11,WC-2022,2022,group stage,2022-11-23,Spain,Spain,Gavi,P-88433,74,74,0,0,0,fjelstul
M-2022-11,WC-2022,2022,group stage,2022-11-23,Spain,Spain,Carlos Soler,P-30405,90,90,0,0,0,fjelstul
M-2022-11,WC-2022,2022,group stage,2022-11-23,Spain,Spain,Álvaro Morata,P-29274,92,90,2,0,0,fjelstul
M-2022-12,WC-2022,2022,group stage,2022-11-23,Belgium,Belgium,Michy Batshuayi,P-13975,44,44,0,0,0,fjelstul
M-2022-13,WC-2022,2022,group stage,2022-11-24,Switzerland,Switzerland,Breel Embolo,P-19075,48,48,0,0,0,fjelstul
M-2022-15,WC-2022,2022,group stage,2022-11-24,Portugal,Portugal,Cristiano Ronaldo,P-70442,65,65,0,1,0,fjelstul
M-2022-15,WC-2022,2022,group stage,2022-11-24,Ghana,Ghana,André Ayew,P-01945,73,73,0,0,0,fjelstul
M-2022-15,WC-2022,2022,group stage,2022-11-24,Portugal,Portugal,João Félix,P-17931,78,78,0,0,0,fjelstul
M-2022-15,WC-2022,2022,group stage,2022-11-24,Portugal,Portugal,Rafael Leão,P-27349,80,80,0,0,0,fjelstul
M-2022-15,WC-2022,2022,group stage,2022-11-24,Ghana,Ghana,Osman Bukari,P-72363,89,89,0,0,0,fjelstul
M-2022-16,WC-2022,2022,group stage,2022-11-24,Brazil,Brazil,Richarlison,P-68016,62,62,0,0,0,fjelstul
M-2022-16,WC-2022,2022,group stage,2022-11-24,Brazil,Brazil,Richarlison,P-68016,73,73,0,0,0,fjelstul
M-2022-17,WC-2022,2022,group stage,2022-11-25,Iran,Iran,Rouzbeh Cheshmi,P-98747,98,90,8,0,0,fjelstul
M-2022-17,WC-2022,2022,group stage,2022-11-25,Iran,Iran,Ramin Rezaeian,P-47137,101,90,11,0,0,fjelstul
M-2022-18,WC-2022,2022,group stage,2022-11-25,Senegal,Senegal,Boulaye Dia,P-33622,41,41,0,0,0,fjelstul
M-2022-18,WC-2022,2022,group stage,2022-11-25,Senegal,Senegal,Famara Diédhiou,P-27280,48,48,0,0,0,fjelstul
M-2022-18,WC-2022,2022,group stage,2022-11-25,Qatar,Qatar,Mohammed Muntari,P-17048,78,78,0,0,0,fjelstul
M-2022-18,WC-2022,2022,group stage,2022-11-25,Senegal,Senegal,Bamba Dieng,P-88928,84,84,0,0,0,fjelstul
M-2022-19,WC-2022,2022,group stage,2022-11-25,Netherlands,Netherlands,Cody Gakpo,P-28911,6,6,0,0,0,fjelstul
M-2022-19,WC-2022,2022,group stage,2022-11-25,Ecuador,Ecuador,Enner Valencia,P-75912,49,49,0,0,0,fjelstul
M-2022-21,WC-2022,2022,group stage,2022-11-26,Australia,Australia,Mitchell Duke,P-91029,23,23,0,0,0,fjelstul
M-2022-22,WC-2022,2022,group stage,2022-11-26,Poland,Poland,Piotr Zieliński,P-32165,39,39,0,0,0,fjelstul
M-2022-22,WC-2022,2022,group stage,2022-11-26,Poland,Poland,Robert Lewandowski,P-00549,82,82,0,0,0,fjelstul
M-2022-23,WC-2022,2022,group stage,2022-11-26,France,France,Kylian Mbappé,P-64077,61,61,0,0,0,fjelstul
M-2022-23,WC-2022,2022,group stage,2022-11-26,Denmark,Denmark,Andreas Christensen,P-18923,68,68,0,0,0,fjelstul
M-2022-23,WC-2022,2022,group stage,2022-11-26,France,France,Kylian Mbappé,P-64077,86,86,0,0,0,fjelstul
M-2022-24,WC-2022,2022,group stage,2022-11-26,Argentina,Argentina,Lionel Messi,P-14758,64,64,0,0,0,fjelstul
M-2022-24,WC-2022,2022,group stage,2022-11-26,Argentina,Argentina,Enzo Fernández,P-10739,87,87,0,0,0,fjelstul
M-2022-25,WC-2022,2022,group stage,2022-11-27,Costa Rica,Costa Rica,Keysher Fuller,P-80986,81,81,0,0,0,fjelstul
M-2022-26,WC-2022,2022,group stage,2022-11-27,Morocco,Morocco,Romain Saïss,P-26068,73,73,0,0,0,fjelstul
M-2022-26,WC-2022,2022,group stage,2022-11-27,Morocco,Morocco,Zakaria Aboukhlal,P-48295,92,90,2,0,0,fjelstul
M-2022-27,WC-2022,2022,group stage,2022-11-27,Canada,Canada,Alphonso Davies,P-46358,2,2,0,0,0,fjelstul
M-2022-27,WC-2022,2022,group stage,2022-11-27,Croatia,Croatia,Andrej Kramarić,P-65182,36,36,0,0,0,fjelstul
M-2022-27,WC-2022,2022,group stage,2022-11-27,Croatia,Croatia,Marko Livaja,P-31643,44,44,0,0,0,fjelstul
M-2022-27,WC-2022,2022,group stage,2022-11-27,Croatia,Croatia,Andrej Kramarić,P-65182,70,70,0,0,0,fjelstul
M-2022-27,WC-2022,2022,group stage,2022-11-27,Croatia,Croatia,Lovro Majer,P-64353,94,90,4,0,0,fjelstul
M-2022-28,WC-2022,2022,group stage,2022-11-27,Spain,Spain,Álvaro Morata,P-29274,62,62,0,0,0,fjelstul
M-2022-28,WC-2022,2022,group stage,2022-11-27,Germany,Germany,Niclas Füllkrug,P-46246,83,83,0,0,0,fjelstul
M-2022-29,WC-2022,2022,group stage,2022-11-28,Cameroon,Cameroon,Jean-Charles Castelletto,P-59303,29,29,0,0,0,fjelstul
M-2022-29,WC-2022,2022,group stage,2022-11-28,Serbia,Serbia,Strahinja Pavlović,P-98435,46,45,1,0,0,fjelstul
M-2022-29,WC-2022,2022,group stage,2022-11-28,Serbia,Serbia,Sergej Milinković-Savić,P-27744,48,45,3,0,0,fjelstul
M-2022-29,WC-2022,2022,group stage,2022-11-28,Serbia,Serbia,Aleksandar Mitrović,P-85696,53,53,0,0,0,fjelstul
M-2022-29,WC-2022,2022,group stage,2022-11-28,Cameroon,Cameroon,Vincent Aboubakar,P-53452,63,63,0,0,0,fjelstul
M-2022-29,WC-2022,2022,group stage,2022-11-28,Cameroon,Cameroon,Eric Maxim Choupo-Moting,P-06117,66,66,0,0,0,fjelstul
M-2022-30,WC-2022,2022,group stage,2022-11-28,Ghana,Ghana,Mohammed Salisu,P-50142,24,24,0,0,0,fjelstul
M-2022-30,WC-2022,2022,group stage,2022-11-28,Ghana,Ghana,Mohammed Kudus,P-23821,34,34,0,0,0,fjelstul
M-2022-30,WC-2022,2022,group stage,2022-11-28,South Korea,South Korea,Cho Gue-sung,P-87169,58,58,0,0,0,fjelstul
M-2022-30,WC-2022,2022,group stage,2022-11-28,South Korea,South Korea,Cho Gue-sung,P-87169,61,61,0,0,0,fjelstul
M-2022-30,WC-2022,2022,group stage,2022-11-28,Ghana,Ghana,Mohammed Kudus,P-23821,68,68,0,0,0,fjelstul
M-2022-31,WC-2022,2022,group stage,2022-11-28,Brazil,Brazil,Casemiro,P-02305,83,83,0,0,0,fjelstul
M-2022-32,WC-2022,2022,group stage,2022-11-28,Portugal,Portugal,Bruno Fernandes,P-39584,54,54,0,0,0,fjelstul
M-2022-32,WC-2022,2022,group stage,2022-11-28,Portugal,Portugal,Bruno Fernandes,P-39584,93,90,3,1,0,fjelstul
M-2022-33,WC-2022,2022,group stage,2022-11-29,Senegal,Senegal,Ismaïla Sarr,P-37935,44,44,0,1,0,fjelstul
M-2022-33,WC-2022,2022,group stage,2022-11-29,Ecuador,Ecuador,Moisés Caicedo,P-82216,67,67,0,0,0,fjelstul
M-2022-33,WC-2022,2022,group stage,2022-11-29,Senegal,Senegal,Kalidou Koulibaly,P-47321,70,70,0,0,0,fjelstul
M-2022-34,WC-2022,2022,group stage,2022-11-29,Netherlands,Netherlands,Cody Gakpo,P-28911,26,26,0,0,0,fjelstul
M-2022-34,WC-2022,2022,group stage,2022-11-29,Netherlands,Netherlands,Frenkie de Jong,P-17688,49,49,0,0,0,fjelstul
M-2022-35,WC-2022,2022,group stage,2022-11-29,United States,United States,Christian Pulisic,P-11737,38,38,0,0,0,fjelstul
M-2022-36,WC-2022,2022,group stage,2022-11-29,England,England,Marcus Rashford,P-59837,50,50,0,0,0,fjelstul
M-2022-36,WC-2022,2022,group stage,2022-11-29,England,England,Phil Foden,P-10501,51,51,0,0,0,fjelstul
M-2022-36,WC-2022,2022,group stage,2022-11-29,England,England,Marcus Rashford,P-59837,68,68,0,0,0,fjelstul
M-2022-37,WC-2022,2022,group stage,2022-11-30,Australia,Australia,Mathew Leckie,P-35837,60,60,0,0,0,fjelstul
M-2022-38,WC-2022,2022,group stage,2022-11-30,Tunisia,Tunisia,Wahbi Khazri,P-42223,58,58,0,0,0,fjelstul
M-2022-39,WC-2022,2022,group stage,2022-11-30,Argentina,Argentina,Alexis Mac Allister,P-71343,46,46,0,0,0,fjelstul
M-2022-39,WC-2022,2022,group stage,2022-11-30,Argentina,Argentina,Julián Álvarez,P-19776,67,67,0,0,0,fjelstul
M-2022-40,WC-2022,2022,group stage,2022-11-30,Mexico,Mexico,Henry Martín,P-49482,47,47,0,0,0,fjelstul
M-2022-40,WC-2022,2022,group stage,2022-11-30,Mexico,Mexico,Luis Chávez,P-49806,52,52,0,0,0,fjelstul
M-2022-40,WC-2022,2022,group stage,2022-11-30,Saudi Arabia,Saudi Arabia,Salem Al-Dawsari,P-70583,95,90,5,0,0,fjelstul
M-2022-41,WC-2022,2022,group stage,2022-12-01,Morocco,Morocco,Hakim Ziyech,P-70715,4,4,0,0,0,fjelstul
M-2022-41,WC-2022,2022,group stage,2022-12-01,Morocco,Morocco,Youssef En-Nesyri,P-42517,23,23,0,0,0,fjelstul
M-2022-41,WC-2022,2022,group stage,2022-12-01,Canada,Morocco,Nayef Aguerd,P-47490,40,40,0,0,1,fjelstul
M-2022-43,WC-2022,2022,group stage,2022-12-01,Germany,Germany,Serge Gnabry,P-75989,10,10,0,0,0,fjelstul
M-2022-43,WC-2022,2022,group stage,2022-12-01,Costa Rica,Costa Rica,Yeltsin Tejeda,P-24978,58,58,0,0,0,fjelstul
M-2022-43,WC-2022,2022,group stage,2022-12-01,Costa Rica,Costa Rica,Juan Pablo Vargas,P-65777,70,70,0,0,0,fjelstul
M-2022-43,WC-2022,2022,group stage,2022-12-01,Germany,Germany,Kai Havertz,P-77743,73,73,0,0,0,fjelstul
M-2022-43,WC-2022,2022,group stage,2022-12-01,Germany,Germany,Kai Havertz,P-77743,85,85,0,0,0,fjelstul
M-2022-43,WC-2022,2022,group stage,2022-12-01,Germany,Germany,Niclas Füllkrug,P-46246,89,89,0,0,0,fjelstul
M-2022-44,WC-2022,2022,group stage,2022-12-01,Spain,Spain,Álvaro Morata,P-29274,11,11,0,0,0,fjelstul
M-2022-44,WC-2022,2022,group stage,2022-12-01,Japan,Japan,Ritsu Dōan,P-58907,48,48,0,0,0,fjelstul
M-2022-44,WC-2022,2022,group stage,2022-12-01,Japan,Japan,Ao Tanaka,P-82447,51,51,0,0,0,fjelstul
M-2022-45,WC-2022,2022,group stage,2022-12-02,Uruguay,Uruguay,Giorgian De Arrascaeta,P-62594,26,26,0,0,0,fjelstul
M-2022-45,WC-2022,2022,group stage,2022-12-02,Uruguay,Uruguay,Giorgian De Arrascaeta,P-62594,32,32,0,0,0,fjelstul
M-2022-46,WC-2022,2022,group stage,2022-12-02,Portugal,Portugal,Ricardo Horta,P-05304,5,5,0,0,0,fjelstul
M-2022-46,WC-2022,2022,group stage,2022-12-02,South Korea,South Korea,Young-gwon Kim,P-07259,27,27,0,0,0,fjelstul
M-2022-46,WC-2022,2022,group stage,2022-12-02,South Korea,South Korea,Hee-chan Hwang,P-58692,91,90,1,0,0,fjelstul
M-2022-47,WC-2022,2022,group stage,2022-12-02,Cameroon,Cameroon,Vincent Aboubakar,P-53452,92,90,2,0,0,fjelstul
M-2022-48,WC-2022,2022,group stage,2022-12-02,Switzerland,Switzerland,Xherdan Shaqiri,P-39460,20,20,0,0,0,fjelstul
M-2022-48,WC-2022,2022,group stage,2022-12-02,Serbia,Serbia,Aleksandar Mitrović,P-85696,26,26,0,0,0,fjelstul
M-2022-48,WC-2022,2022,group stage,2022-12-02,Serbia,Serbia,Dušan Vlahović,P-63293,35,35,0,0,0,fjelstul
M-2022-48,WC-2022,2022,group stage,2022-12-02,Switzerland,Switzerland,Breel Embolo,P-19075,44,44,0,0,0,fjelstul
M-2022-48,WC-2022,2022,group stage,2022-12-02,Switzerland,Switzerland,Remo Freuler,P-68060,48,48,0,0,0,fjelstul
M-2022-49,WC-2022,2022,round of 16,2022-12-03,Netherlands,Netherlands,Memphis Depay,P-27540,10,10,0,0,0,fjelstul
M-2022-49,WC-2022,2022,round of 16,2022-12-03,Netherlands,Netherlands,Daley Blind,P-39861,46,45,1,0,0,fjelstul
M-2022-49,WC-2022,2022,round of 16,2022-12-03,United States,United States,Haji Wright,P-68131,76,76,0,0,0,fjelstul
M-2022-49,WC-2022,2022,round of 16,2022-12-03,Netherlands,Netherlands,Denzel Dumfries,P-97615,81,81,0,0,0,fjelstul
M-2022-50,WC-2022,2022,round of 16,2022-12-03,Argentina,Argentina,Lionel Messi,P-14758,35,35,0,0,0,fjelstul
M-2022-50,WC-2022,2022,round of 16,2022-12-03,Argentina,Argentina,Julián Álvarez,P-19776,57,57,0,0,0,fjelstul
M-2022-50,WC-2022,2022,round of 16,2022-12-03,Australia,Argentina,Enzo Fernández,P-10739,77,77,0,0,1,fjelstul
M-2022-51,WC-2022,2022,round of 16,2022-12-04,France,France,Olivier Giroud,P-89750,44,44,0,0,0,fjelstul
M-2022-51,WC-2022,2022,round of 16,2022-12-04,France,France,Kylian Mbappé,P-64077,74,74,0,0,0,fjelstul
M-2022-51,WC-2022,2022,round of 16,2022-12-04,France,France,Kylian Mbappé,P-64077,91,90,1,0,0,fjelstul
M-2022-51,WC-2022,2022,round of 16,2022-12-04,Poland,Poland,Robert Lewandowski,P-00549,99,90,9,1,0,fjelstul
M-2022-52,WC-2022,2022,round of 16,2022-12-04,England,England,Jordan Henderson,P-08169,38,38,0,0,0,fjelstul
M-2022-52,WC-2022,2022,round of 16,2022-12-04,England,England,Harry Kane,P-58924,48,45,3,0,0,fjelstul
M-2022-52,WC-2022,2022,round of 16,2022-12-04,England,England,Bukayo Saka,P-76842,57,57,0,0,0,fjelstul
M-2022-53,WC-2022,2022,round of 16,2022-12-05,Japan,Japan,Daizen Maeda,P-30206,43,43,0,0,0,fjelstul
M-2022-53,WC-2022,2022,round of 16,2022-12-05,Croatia,Croatia,Ivan Perišić,P-93884,55,55,0,0,0,fjelstul
M-2022-54,WC-2022,2022,round of 16,2022-12-05,Brazil,Brazil,Vinícius Júnior,P-92812,7,7,0,0,0,fjelstul
M-2022-54,WC-2022,2022,round of 16,2022-12-05,Brazil,Brazil,Neymar,P-87008,13,13,0,1,0,fjelstul
M-2022-54,WC-2022,2022,round of 16,2022-12-05,Brazil,Brazil,Richarlison,P-68016,29,29,0,0,0,fjelstul
M-2022-54,WC-2022,2022,round of 16,2022-12-05,Brazil,Brazil,Lucas Paquetá,P-05164,36,36,0,0,0,fjelstul
M-2022-54,WC-2022,2022,round of 16,2022-12-05,South Korea,South Korea,Paik Seung-ho,P-32599,76,76,0,0,0,fjelstul
M-2022-56,WC-2022,2022,round of 16,2022-12-06,Portugal,Portugal,Gonçalo Ramos,P-41647,17,17,0,0,0,fjelstul
M-2022-56,WC-2022,2022,round of 16,2022-12-06,Portugal,Portugal,Pepe,P-81972,33,33,0,0,0,fjelstul
M-2022-56,WC-2022,2022,round of 16,2022-12-06,Portugal,Portugal,Gonçalo Ramos,P-41647,51,51,0,0,0,fjelstul
M-2022-56,WC-2022,2022,round of 16,2022-12-06,Portugal,Portugal,Raphaël Guerreiro,P-67578,55,55,0,0,0,fjelstul
M-2022-56,WC-2022,2022,round of 16,2022-12-06,Switzerland,Switzerland,Manuel Akanji,P-23925,58,58,0,0,0,fjelstul
M-2022-56,WC-2022,2022,round of 16,2022-12-06,Portugal,Portugal,Gonçalo Ramos,P-41647,67,67,0,0,0,fjelstul
M-2022-56,WC-2022,2022,round of 16,2022-12-06,Portugal,Portugal,Rafael Leão,P-27349,92,90,2,0,0,fjelstul
M-2022-57,WC-2022,2022,quarter-finals,2022-12-09,Brazil,Brazil,Neymar,P-87008,106,105,1,0,0,fjelstul
M-2022-57,WC-2022,2022,quarter-finals,2022-12-09,Croatia,Croatia,Bruno Petković,P-46461,117,117,0,0,0,fjelstul
M-2022-58,WC-2022,2022,quarter-finals,2022-12-09,Argentina,Argentina,Nahuel Molina,P-84430,35,35,0,0,0,fjelstul
M-2022-58,WC-2022,2022,quarter-finals,2022-12-09,Argentina,Argentina,Lionel Messi,P-14758,73,73,0,1,0,fjelstul
M-2022-58,WC-2022,2022,quarter-finals,2022-12-09,Netherlands,Netherlands,Wout Weghorst,P-95036,83,83,0,0,0,fjelstul
M-2022-58,WC-2022,2022,quarter-finals,2022-12-09,Netherlands,Netherlands,Wout Weghorst,P-95036,101,90,11,0,0,fjelstul
M-2022-59,WC-2022,2022,quarter-finals,2022-12-10,Morocco,Morocco,Youssef En-Nesyri,P-42517,42,42,0,0,0,fjelstul
M-2022-60,WC-2022,2022,quarter-finals,2022-12-10,France,France,Aurélien Tchouaméni,P-54517,17,17,0,0,0,fjelstul
M-2022-60,WC-2022,2022,quarter-finals,2022-12-10,England,England,Harry Kane,P-58924,54,54,0,1,0,fjelstul
M-2022-60,WC-2022,2022,quarter-finals,2022-12-10,France,France,Olivier Giroud,P-89750,78,78,0,0,0,fjelstul
M-2022-61,WC-2022,2022,semi-finals,2022-12-13,Argentina,Argentina,Lionel Messi,P-14758,34,34,0,1,0,fjelstul
M-2022-61,WC-2022,2022,semi-finals,2022-12-13,Argentina,Argentina,Julián Álvarez,P-19776,39,39,0,0,0,fjelstul
M-2022-61,WC-2022,2022,semi-finals,2022-12-13,Argentina,Argentina,Julián Álvarez,P-19776,69,69,0,0,0,fjelstul
M-2022-62,WC-2022,2022,semi-finals,2022-12-14,France,France,Théo Hernandez,P-09867,5,5,0,0,0,fjelstul
M-2022-62,WC-2022,2022,semi-finals,2022-12-14,France,France,Randal Kolo Muani,P-92987,79,79,0,0,0,fjelstul
M-2022-63,WC-2022,2022,third-place match,2022-12-17,Croatia,Croatia,Joško Gvardiol,P-58420,7,7,0,0,0,fjelstul
M-2022-63,WC-2022,2022,third-place match,2022-12-17,Morocco,Morocco,Achraf Dari,P-52013,9,9,0,0,0,fjelstul
M-2022-63,WC-2022,2022,third-place match,2022-12-17,Croatia,Croatia,Mislav Oršić,P-26942,42,42,0,0,0,fjelstul
M-2022-64,WC-2022,2022,final,2022-12-18,Argentina,Argentina,Lionel Messi,P-14758,23,23,0,1,0,fjelstul
M-2022-64,WC-2022,2022,final,2022-12-18,Argentina,Argentina,Ángel Di María,P-42113,36,36,0,0,0,fjelstul
M-2022-64,WC-2022,2022,final,2022-12-18,France,France,Kylian Mbappé,P-64077,80,80,0,1,0,fjelstul
M-2022-64,WC-2022,2022,final,2022-12-18,France,France,Kylian Mbappé,P-64077,81,81,0,0,0,fjelstul
M-2022-64,WC-2022,2022,final,2022-12-18,Argentina,Argentina,Lionel Messi,P-14758,108,108,0,0,0,fjelstul
M-2022-64,WC-2022,2022,final,2022-12-18,France,France,Kylian Mbappé,P-64077,118,118,0,1,0,fjelstul
M-2026-001,WC-2026,2026,group stage,2026-06-11,Mexico,Mexico,Quiñones,W-000,9,9,,0,0,wikipedia
M-2026-001,WC-2026,2026,group stage,2026-06-11,Mexico,Mexico,Jiménez,W-001,67,67,,0,0,wikipedia
M-2026-002,WC-2026,2026,group stage,2026-06-11,Czech Republic,Czech Republic,Krejčí,W-004,59,59,,0,0,wikipedia
M-2026-002,WC-2026,2026,group stage,2026-06-11,South Korea,South Korea,Hwang In-beom,W-002,67,67,,0,0,wikipedia
M-2026-002,WC-2026,2026,group stage,2026-06-11,South Korea,South Korea,Oh Hyeon-gyu,W-003,80,80,,0,0,wikipedia
M-2026-003,WC-2026,2026,group stage,2026-06-12,Bosnia and Herzegovina,Bosnia and Herzegovina,Lukić,W-006,21,21,,0,0,wikipedia
M-2026-003,WC-2026,2026,group stage,2026-06-12,Canada,Canada,Larin,W-005,78,78,,0,0,wikipedia
M-2026-004,WC-2026,2026,group stage,2026-06-12,United States,Paraguay,Bobadilla,W-007,7,7,,0,1,wikipedia
M-2026-004,WC-2026,2026,group stage,2026-06-12,United States,United States,Balogun,W-008,31,31,,0,0,wikipedia
M-2026-004,WC-2026,2026,group stage,2026-06-12,United States,United States,Balogun,W-008,50,45,5,0,0,wikipedia
M-2026-004,WC-2026,2026,group stage,2026-06-12,Paraguay,Paraguay,Maurício,W-010,73,73,,0,0,wikipedia
M-2026-004,WC-2026,2026,group stage,2026-06-12,United States,United States,Reyna,W-009,98,90,8,0,0,wikipedia
M-2026-005,WC-2026,2026,group stage,2026-06-13,Switzerland,Switzerland,Embolo,W-012,17,17,,1,0,wikipedia
M-2026-005,WC-2026,2026,group stage,2026-06-13,Qatar,Switzerland,Muheim,W-011,94,90,4,0,1,wikipedia
M-2026-006,WC-2026,2026,group stage,2026-06-13,Morocco,Morocco,Saibari,W-014,21,21,,0,0,wikipedia
M-2026-006,WC-2026,2026,group stage,2026-06-13,Brazil,Brazil,Vinícius,W-013,32,32,,0,0,wikipedia
M-2026-007,WC-2026,2026,group stage,2026-06-13,Australia,Australia,Irankunda,W-015,27,27,,0,0,wikipedia
M-2026-007,WC-2026,2026,group stage,2026-06-13,Australia,Australia,Metcalfe,W-016,75,75,,0,0,wikipedia
M-2026-008,WC-2026,2026,group stage,2026-06-13,Scotland,Scotland,McGinn,W-017,28,28,,0,0,wikipedia
M-2026-009,WC-2026,2026,group stage,2026-06-14,Germany,Germany,Nmecha,W-018,6,6,,0,0,wikipedia
M-2026-009,WC-2026,2026,group stage,2026-06-14,Curaçao,Curaçao,Comenencia,W-024,21,21,,0,0,wikipedia
M-2026-009,WC-2026,2026,group stage,2026-06-14,Germany,Germany,Schlotterbeck,W-019,38,38,,0,0,wikipedia
M-2026-009,WC-2026,2026,group stage,2026-06-14,Germany,Germany,Musiala,W-021,47,47,,0,0,wikipedia
M-2026-009,WC-2026,2026,group stage,2026-06-14,Germany,Germany,Havertz,W-020,50,45,5,1,0,wikipedia
M-2026-009,WC-2026,2026,group stage,2026-06-14,Germany,Germany,Brown,W-022,68,68,,0,0,wikipedia
M-2026-009,WC-2026,2026,group stage,2026-06-14,Germany,Germany,Undav,W-023,78,78,,0,0,wikipedia
M-2026-009,WC-2026,2026,group stage,2026-06-14,Germany,Germany,Havertz,W-020,88,88,,0,0,wikipedia
M-2026-010,WC-2026,2026,group stage,2026-06-14,Netherlands,Netherlands,Van Dijk,W-025,51,51,,0,0,wikipedia
M-2026-010,WC-2026,2026,group stage,2026-06-14,Japan,Japan,Nakamura,W-027,57,57,,0,0,wikipedia
M-2026-010,WC-2026,2026,group stage,2026-06-14,Netherlands,Netherlands,Summerville,W-026,64,64,,0,0,wikipedia
M-2026-010,WC-2026,2026,group stage,2026-06-14,Japan,Japan,Kamada,W-028,88,88,,0,0,wikipedia
M-2026-011,WC-2026,2026,group stage,2026-06-14,Ivory Coast,Ivory Coast,Diallo,W-029,90,90,,0,0,wikipedia
M-2026-012,WC-2026,2026,group stage,2026-06-14,Sweden,Sweden,Ayari,W-030,7,7,,0,0,wikipedia
M-2026-012,WC-2026,2026,group stage,2026-06-14,Sweden,Sweden,Isak,W-031,30,30,,0,0,wikipedia
M-2026-012,WC-2026,2026,group stage,2026-06-14,Tunisia,Tunisia,Rekik,W-034,43,43,,0,0,wikipedia
M-2026-012,WC-2026,2026,group stage,2026-06-14,Sweden,Sweden,Gyökeres,W-032,59,59,,0,0,wikipedia
M-2026-012,WC-2026,2026,group stage,2026-06-14,Sweden,Sweden,Svanberg,W-033,84,84,,0,0,wikipedia
M-2026-012,WC-2026,2026,group stage,2026-06-14,Sweden,Sweden,Ayari,W-030,96,90,6,0,0,wikipedia
M-2026-013,WC-2026,2026,group stage,2026-06-15,Egypt,Egypt,Ashour,W-036,19,19,,0,0,wikipedia
M-2026-013,WC-2026,2026,group stage,2026-06-15,Belgium,Egypt,Hany,W-035,66,66,,0,1,wikipedia
M-2026-015,WC-2026,2026,group stage,2026-06-15,New Zealand,New Zealand,Just,W-039,7,7,,0,0,wikipedia
M-2026-015,WC-2026,2026,group stage,2026-06-15,Iran,Iran,Rezaeian,W-037,32,32,,0,0,wikipedia
M-2026-015,WC-2026,2026,group stage,2026-06-15,New Zealand,New Zealand,Just,W-039,54,54,,0,0,wikipedia
M-2026-015,WC-2026,2026,group stage,2026-06-15,Iran,Iran,Mohebi,W-038,64,64,,0,0,wikipedia
M-2026-016,WC-2026,2026,group stage,2026-06-15,Saudi Arabia,Saudi Arabia,Al-Amri,W-040,41,41,,0,0,wikipedia
M-2026-016,WC-2026,2026,group stage,2026-06-15,Uruguay,Uruguay,M. Araújo,W-041,80,80,,0,0,wikipedia
M-2026-017,WC-2026,2026,group stage,2026-06-16,France,France,Mbappé,W-042,66,66,,0,0,wikipedia
M-2026-017,WC-2026,2026,group stage,2026-06-16,France,France,Barcola,W-043,82,82,,0,0,wikipedia
M-2026-017,WC-2026,2026,group stage,2026-06-16,Senegal,Senegal,Mbaye,W-044,95,90,5,0,0,wikipedia
M-2026-017,WC-2026,2026,group stage,2026-06-16,France,France,Mbappé,W-042,96,90,6,0,0,wikipedia
M-2026-018,WC-2026,2026,group stage,2026-06-16,Norway,Norway,Haaland,W-046,29,29,,0,0,wikipedia
M-2026-018,WC-2026,2026,group stage,2026-06-16,Iraq,Iraq,Hussein,W-045,39,39,,0,0,wikipedia
M-2026-018,WC-2026,2026,group stage,2026-06-16,Norway,Norway,Haaland,W-046,43,43,,0,0,wikipedia
M-2026-018,WC-2026,2026,group stage,2026-06-16,Norway,Norway,Østigård,W-047,76,76,,0,0,wikipedia
M-2026-018,WC-2026,2026,group stage,2026-06-16,Norway,Iraq,Hussein,W-045,96,90,6,0,1,wikipedia
M-2026-019,WC-2026,2026,group stage,2026-06-16,Argentina,Argentina,Messi,W-048,17,17,,0,0,wikipedia
M-2026-019,WC-2026,2026,group stage,2026-06-16,Argentina,Argentina,Messi,W-048,60,60,,0,0,wikipedia
M-2026-019,WC-2026,2026,group stage,2026-06-16,Argentina,Argentina,Messi,W-048,76,76,,0,0,wikipedia
M-2026-020,WC-2026,2026,group stage,2026-06-16,Austria,Austria,Schmid,W-049,20,20,,0,0,wikipedia
M-2026-020,WC-2026,2026,group stage,2026-06-16,Jordan,Jordan,Olwan,W-052,50,50,,0,0,wikipedia
M-2026-020,WC-2026,2026,group stage,2026-06-16,Austria,Jordan,Al-Arab,W-050,76,76,,0,1,wikipedia
M-2026-020,WC-2026,2026,group stage,2026-06-16,Austria,Austria,Arnautović,W-051,102,90,12,1,0,wikipedia
M-2026-021,WC-2026,2026,group stage,2026-06-17,Portugal,Portugal,J. Neves,W-053,6,6,,0,0,wikipedia
M-2026-021,WC-2026,2026,group stage,2026-06-17,DR Congo,DR Congo,Wissa,W-054,50,45,5,0,0,wikipedia
M-2026-022,WC-2026,2026,group stage,2026-06-17,England,England,Kane,W-055,12,12,,1,0,wikipedia
M-2026-022,WC-2026,2026,group stage,2026-06-17,Croatia,Croatia,Baturina,W-058,36,36,,0,0,wikipedia
M-2026-022,WC-2026,2026,group stage,2026-06-17,England,England,Kane,W-055,42,42,,0,0,wikipedia
M-2026-022,WC-2026,2026,group stage,2026-06-17,England,England,Bellingham,W-056,47,47,,0,0,wikipedia
M-2026-022,WC-2026,2026,group stage,2026-06-17,Croatia,Croatia,Musa,W-059,50,45,5,0,0,wikipedia
M-2026-022,WC-2026,2026,group stage,2026-06-17,England,England,Rashford,W-057,85,85,,0,0,wikipedia
M-2026-023,WC-2026,2026,group stage,2026-06-17,Ghana,Ghana,Yirenkyi,W-060,95,90,5,0,0,wikipedia
M-2026-024,WC-2026,2026,group stage,2026-06-17,Colombia,Colombia,Muñoz,W-062,40,40,,0,0,wikipedia
M-2026-024,WC-2026,2026,group stage,2026-06-17,Uzbekistan,Uzbekistan,Fayzullaev,W-061,60,60,,0,0,wikipedia
M-2026-024,WC-2026,2026,group stage,2026-06-17,Colombia,Colombia,Díaz,W-063,65,65,,0,0,wikipedia
M-2026-024,WC-2026,2026,group stage,2026-06-17,Colombia,Colombia,Campaz,W-064,99,90,9,0,0,wikipedia
M-2026-025,WC-2026,2026,group stage,2026-06-18,Czech Republic,Czech Republic,Sadílek,W-065,6,6,,0,0,wikipedia
M-2026-025,WC-2026,2026,group stage,2026-06-18,South Africa,South Africa,Mokoena,W-066,83,83,,1,0,wikipedia
M-2026-026,WC-2026,2026,group stage,2026-06-18,Switzerland,Switzerland,Manzambi,W-067,74,74,,0,0,wikipedia
M-2026-026,WC-2026,2026,group stage,2026-06-18,Switzerland,Switzerland,Vargas,W-068,84,84,,0,0,wikipedia
M-2026-026,WC-2026,2026,group stage,2026-06-18,Switzerland,Switzerland,Manzambi,W-067,90,90,,0,0,wikipedia
M-2026-026,WC-2026,2026,group stage,2026-06-18,Bosnia and Herzegovina,Bosnia and Herzegovina,Mahmić,W-070,93,90,3,0,0,wikipedia
M-2026-026,WC-2026,2026,group stage,2026-06-18,Switzerland,Switzerland,Xhaka,W-069,97,90,7,1,0,wikipedia
M-2026-027,WC-2026,2026,group stage,2026-06-18,Canada,Canada,Larin,W-005,16,16,,0,0,wikipedia
M-2026-027,WC-2026,2026,group stage,2026-06-18,Canada,Canada,J. David,W-071,29,29,,0,0,wikipedia
M-2026-027,WC-2026,2026,group stage,2026-06-18,Canada,Canada,J. David,W-071,48,45,3,0,0,wikipedia
M-2026-027,WC-2026,2026,group stage,2026-06-18,Canada,Canada,Saliba,W-072,64,64,,0,0,wikipedia
M-2026-027,WC-2026,2026,group stage,2026-06-18,Canada,Qatar,Manai,W-073,75,75,,0,1,wikipedia
M-2026-027,WC-2026,2026,group stage,2026-06-18,Canada,Canada,J. David,W-071,92,90,2,0,0,wikipedia
M-2026-028,WC-2026,2026,group stage,2026-06-18,Mexico,Mexico,Romo,W-074,50,50,,0,0,wikipedia
M-2026-029,WC-2026,2026,group stage,2026-06-19,United States,Australia,Burgess,W-075,11,11,,0,1,wikipedia
M-2026-029,WC-2026,2026,group stage,2026-06-19,United States,United States,Freeman,W-076,43,43,,0,0,wikipedia
M-2026-030,WC-2026,2026,group stage,2026-06-19,Morocco,Morocco,Saibari,W-014,2,2,,0,0,wikipedia
M-2026-031,WC-2026,2026,group stage,2026-06-19,Paraguay,Paraguay,Galarza,W-077,2,2,,0,0,wikipedia
M-2026-032,WC-2026,2026,group stage,2026-06-19,Brazil,Brazil,Cunha,W-078,23,23,,0,0,wikipedia
M-2026-032,WC-2026,2026,group stage,2026-06-19,Brazil,Brazil,Cunha,W-078,36,36,,0,0,wikipedia
M-2026-032,WC-2026,2026,group stage,2026-06-19,Brazil,Brazil,Vinícius,W-013,48,45,3,0,0,wikipedia
M-2026-033,WC-2026,2026,group stage,2026-06-20,Japan,Japan,Kamada,W-028,4,4,,0,0,wikipedia
M-2026-033,WC-2026,2026,group stage,2026-06-20,Japan,Japan,Ueda,W-079,31,31,,0,0,wikipedia
M-2026-033,WC-2026,2026,group stage,2026-06-20,Japan,Japan,J. Itō,W-080,69,69,,0,0,wikipedia
M-2026-033,WC-2026,2026,group stage,2026-06-20,Japan,Japan,Ueda,W-079,83,83,,0,0,wikipedia
M-2026-034,WC-2026,2026,group stage,2026-06-20,Netherlands,Netherlands,Brobbey,W-081,5,5,,0,0,wikipedia
M-2026-034,WC-2026,2026,group stage,2026-06-20,Netherlands,Netherlands,Brobbey,W-081,17,17,,0,0,wikipedia
M-2026-034,WC-2026,2026,group stage,2026-06-20,Netherlands,Netherlands,Gakpo,W-082,47,47,,0,0,wikipedia
M-2026-034,WC-2026,2026,group stage,2026-06-20,Netherlands,Netherlands,Gakpo,W-082,54,54,,0,0,wikipedia
M-2026-034,WC-2026,2026,group stage,2026-06-20,Sweden,Sweden,Elanga,W-083,59,59,,0,0,wikipedia
M-2026-034,WC-2026,2026,group stage,2026-06-20,Netherlands,Netherlands,Summerville,W-026,89,89,,0,0,wikipedia
M-2026-035,WC-2026,2026,group stage,2026-06-20,Ivory Coast,Ivory Coast,Kessié,W-084,30,30,,0,0,wikipedia
M-2026-035,WC-2026,2026,group stage,2026-06-20,Germany,Germany,Undav,W-023,68,68,,0,0,wikipedia
M-2026-035,WC-2026,2026,group stage,2026-06-20,Germany,Germany,Undav,W-023,94,90,4,0,0,wikipedia
M-2026-038,WC-2026,2026,group stage,2026-06-21,Spain,Spain,Yamal,W-085,10,10,,0,0,wikipedia
M-2026-038,WC-2026,2026,group stage,2026-06-21,Spain,Spain,Oyarzabal,W-086,21,21,,0,0,wikipedia
M-2026-038,WC-2026,2026,group stage,2026-06-21,Spain,Spain,Oyarzabal,W-086,24,24,,0,0,wikipedia
M-2026-038,WC-2026,2026,group stage,2026-06-21,Spain,Saudi Arabia,Al-Tambakti,W-087,49,49,,0,1,wikipedia
M-2026-039,WC-2026,2026,group stage,2026-06-21,New Zealand,New Zealand,Surman,W-088,15,15,,0,0,wikipedia
M-2026-039,WC-2026,2026,group stage,2026-06-21,Egypt,Egypt,Ziko,W-089,58,58,,0,0,wikipedia
M-2026-039,WC-2026,2026,group stage,2026-06-21,Egypt,Egypt,Salah,W-090,67,67,,0,0,wikipedia
M-2026-039,WC-2026,2026,group stage,2026-06-21,Egypt,Egypt,Trézéguet,W-091,82,82,,0,0,wikipedia
M-2026-040,WC-2026,2026,group stage,2026-06-21,Cape Verde,Cape Verde,K. Pina,W-093,21,21,,0,0,wikipedia
M-2026-040,WC-2026,2026,group stage,2026-06-21,Uruguay,Uruguay,M. Araújo,W-041,44,44,,0,0,wikipedia
M-2026-040,WC-2026,2026,group stage,2026-06-21,Uruguay,Uruguay,Canobbio,W-092,51,45,6,0,0,wikipedia
M-2026-040,WC-2026,2026,group stage,2026-06-21,Cape Verde,Cape Verde,Varela,W-094,61,61,,0,0,wikipedia
M-2026-041,WC-2026,2026,group stage,2026-06-22,Argentina,Argentina,Messi,W-048,38,38,,0,0,wikipedia
M-2026-041,WC-2026,2026,group stage,2026-06-22,Argentina,Argentina,Messi,W-048,95,90,5,0,0,wikipedia
M-2026-042,WC-2026,2026,group stage,2026-06-22,France,France,Mbappé,W-042,14,14,,0,0,wikipedia
M-2026-042,WC-2026,2026,group stage,2026-06-22,France,France,Mbappé,W-042,54,54,,0,0,wikipedia
M-2026-042,WC-2026,2026,group stage,2026-06-22,France,France,Dembélé,W-095,66,66,,0,0,wikipedia
M-2026-043,WC-2026,2026,group stage,2026-06-22,Norway,Norway,Pedersen,W-096,43,43,,0,0,wikipedia
M-2026-043,WC-2026,2026,group stage,2026-06-22,Norway,Norway,Haaland,W-046,48,48,,0,0,wikipedia
M-2026-043,WC-2026,2026,group stage,2026-06-22,Senegal,Senegal,I. Sarr,W-097,53,53,,0,0,wikipedia
M-2026-043,WC-2026,2026,group stage,2026-06-22,Norway,Norway,Haaland,W-046,58,58,,0,0,wikipedia
M-2026-043,WC-2026,2026,group stage,2026-06-22,Senegal,Senegal,I. Sarr,W-097,93,90,3,0,0,wikipedia
M-2026-044,WC-2026,2026,group stage,2026-06-22,Jordan,Jordan,Al-Rashdan,W-098,36,36,,0,0,wikipedia
M-2026-044,WC-2026,2026,group stage,2026-06-22,Algeria,Algeria,Benbouali,W-099,69,69,,0,0,wikipedia
M-2026-044,WC-2026,2026,group stage,2026-06-22,Algeria,Algeria,Gouiri,W-100,82,82,,0,0,wikipedia
M-2026-045,WC-2026,2026,group stage,2026-06-23,Portugal,Portugal,Ronaldo,W-101,6,6,,0,0,wikipedia
M-2026-045,WC-2026,2026,group stage,2026-06-23,Portugal,Portugal,Mendes,W-102,17,17,,0,0,wikipedia
M-2026-045,WC-2026,2026,group stage,2026-06-23,Portugal,Portugal,Ronaldo,W-101,39,39,,0,0,wikipedia
M-2026-045,WC-2026,2026,group stage,2026-06-23,Portugal,Uzbekistan,Nematov,W-103,60,60,,0,1,wikipedia
M-2026-045,WC-2026,2026,group stage,2026-06-23,Portugal,Portugal,Leão,W-104,87,87,,0,0,wikipedia
M-2026-047,WC-2026,2026,group stage,2026-06-23,Croatia,Croatia,Budimir,W-105,54,54,,0,0,wikipedia
M-2026-048,WC-2026,2026,group stage,2026-06-23,Colombia,Colombia,Muñoz,W-062,76,76,,0,0,wikipedia
M-2026-049,WC-2026,2026,group stage,2026-06-24,Bosnia and Herzegovina,Bosnia and Herzegovina,Alajbegović,W-106,29,29,,0,0,wikipedia
M-2026-049,WC-2026,2026,group stage,2026-06-24,Bosnia and Herzegovina,Qatar,Abunada,W-107,34,34,,0,1,wikipedia
M-2026-049,WC-2026,2026,group stage,2026-06-24,Qatar,Qatar,Al-Haydos,W-108,42,42,,0,0,wikipedia
M-2026-049,WC-2026,2026,group stage,2026-06-24,Bosnia and Herzegovina,Bosnia and Herzegovina,Mahmić,W-070,80,80,,0,0,wikipedia
M-2026-050,WC-2026,2026,group stage,2026-06-24,Switzerland,Switzerland,Vargas,W-068,46,46,,0,0,wikipedia
M-2026-050,WC-2026,2026,group stage,2026-06-24,Switzerland,Switzerland,Manzambi,W-067,57,57,,0,0,wikipedia
M-2026-050,WC-2026,2026,group stage,2026-06-24,Canada,Canada,P. David,W-109,76,76,,0,0,wikipedia
M-2026-051,WC-2026,2026,group stage,2026-06-24,Haiti,Morocco,Bounou,W-113,10,10,,0,1,wikipedia
M-2026-051,WC-2026,2026,group stage,2026-06-24,Morocco,Morocco,Hakimi,W-110,39,39,,0,0,wikipedia
M-2026-051,WC-2026,2026,group stage,2026-06-24,Haiti,Haiti,Isidor,W-114,43,43,,0,0,wikipedia
M-2026-051,WC-2026,2026,group stage,2026-06-24,Morocco,Morocco,Saibari,W-014,46,45,1,0,0,wikipedia
M-2026-051,WC-2026,2026,group stage,2026-06-24,Morocco,Morocco,Rahimi,W-111,78,78,,0,0,wikipedia
M-2026-051,WC-2026,2026,group stage,2026-06-24,Morocco,Morocco,Yassine,W-112,89,89,,0,0,wikipedia
M-2026-052,WC-2026,2026,group stage,2026-06-24,Brazil,Brazil,Vinícius,W-013,7,7,,0,0,wikipedia
M-2026-052,WC-2026,2026,group stage,2026-06-24,Brazil,Brazil,Vinícius,W-013,48,45,3,0,0,wikipedia
M-2026-052,WC-2026,2026,group stage,2026-06-24,Brazil,Brazil,Cunha,W-078,60,60,,0,0,wikipedia
M-2026-053,WC-2026,2026,group stage,2026-06-24,Mexico,Mexico,M. Chávez,W-115,55,55,,0,0,wikipedia
M-2026-053,WC-2026,2026,group stage,2026-06-24,Mexico,Mexico,Quiñones,W-000,61,61,,0,0,wikipedia
M-2026-053,WC-2026,2026,group stage,2026-06-24,Mexico,Mexico,Fidalgo,W-116,94,90,4,0,0,wikipedia
M-2026-054,WC-2026,2026,group stage,2026-06-24,South Africa,South Africa,Maseko,W-117,63,63,,0,0,wikipedia
M-2026-055,WC-2026,2026,group stage,2026-06-25,Ivory Coast,Ivory Coast,Pépé,W-118,7,7,,0,0,wikipedia
M-2026-055,WC-2026,2026,group stage,2026-06-25,Ivory Coast,Ivory Coast,Pépé,W-118,64,64,,0,0,wikipedia
M-2026-056,WC-2026,2026,group stage,2026-06-25,Germany,Germany,Sané,W-121,2,2,,0,0,wikipedia
M-2026-056,WC-2026,2026,group stage,2026-06-25,Ecuador,Ecuador,Angulo,W-119,9,9,,0,0,wikipedia
M-2026-056,WC-2026,2026,group stage,2026-06-25,Ecuador,Ecuador,Plata,W-120,77,77,,0,0,wikipedia
M-2026-057,WC-2026,2026,group stage,2026-06-25,Japan,Japan,Maeda,W-122,56,56,,0,0,wikipedia
M-2026-057,WC-2026,2026,group stage,2026-06-25,Sweden,Sweden,Elanga,W-083,62,62,,0,0,wikipedia
M-2026-058,WC-2026,2026,group stage,2026-06-25,Netherlands,Tunisia,Skhiri,W-124,3,3,,0,1,wikipedia
M-2026-058,WC-2026,2026,group stage,2026-06-25,Netherlands,Netherlands,Brobbey,W-081,7,7,,0,0,wikipedia
M-2026-058,WC-2026,2026,group stage,2026-06-25,Tunisia,Tunisia,Mastouri,W-123,54,54,,0,0,wikipedia
M-2026-058,WC-2026,2026,group stage,2026-06-25,Netherlands,Netherlands,Van Hecke,W-125,62,62,,0,0,wikipedia
M-2026-060,WC-2026,2026,group stage,2026-06-25,United States,United States,Trusty,W-129,3,3,,0,0,wikipedia
M-2026-060,WC-2026,2026,group stage,2026-06-25,Turkey,Turkey,Güler,W-126,10,10,,0,0,wikipedia
M-2026-060,WC-2026,2026,group stage,2026-06-25,Turkey,Turkey,Yılmaz,W-127,31,31,,0,0,wikipedia
M-2026-060,WC-2026,2026,group stage,2026-06-25,United States,United States,Berhalter,W-130,49,49,,0,0,wikipedia
M-2026-060,WC-2026,2026,group stage,2026-06-25,Turkey,Turkey,Ayhan,W-128,98,90,8,0,0,wikipedia
M-2026-061,WC-2026,2026,group stage,2026-06-26,France,France,Dembélé,W-095,7,7,,0,0,wikipedia
M-2026-061,WC-2026,2026,group stage,2026-06-26,France,France,Dembélé,W-095,20,20,,0,0,wikipedia
M-2026-061,WC-2026,2026,group stage,2026-06-26,Norway,Norway,Aasgaard,W-131,21,21,,0,0,wikipedia
M-2026-061,WC-2026,2026,group stage,2026-06-26,France,France,Dembélé,W-095,32,32,,0,0,wikipedia
M-2026-061,WC-2026,2026,group stage,2026-06-26,France,France,Doué,W-132,94,90,4,0,0,wikipedia
M-2026-062,WC-2026,2026,group stage,2026-06-26,Senegal,Senegal,Diarra,W-133,4,4,,0,0,wikipedia
M-2026-062,WC-2026,2026,group stage,2026-06-26,Senegal,Senegal,I. Sarr,W-097,56,56,,0,0,wikipedia
M-2026-062,WC-2026,2026,group stage,2026-06-26,Senegal,Senegal,P. Gueye,W-134,59,59,,0,0,wikipedia
M-2026-062,WC-2026,2026,group stage,2026-06-26,Senegal,Senegal,P. Gueye,W-134,71,71,,0,0,wikipedia
M-2026-062,WC-2026,2026,group stage,2026-06-26,Senegal,Senegal,I. Ndiaye,W-135,82,82,,0,0,wikipedia
M-2026-063,WC-2026,2026,group stage,2026-06-26,Spain,Spain,Baena,W-136,42,42,,0,0,wikipedia
M-2026-065,WC-2026,2026,group stage,2026-06-26,Egypt,Egypt,Saber,W-137,5,5,,0,0,wikipedia
M-2026-065,WC-2026,2026,group stage,2026-06-26,Iran,Iran,Rezaeian,W-037,14,14,,0,0,wikipedia
M-2026-066,WC-2026,2026,group stage,2026-06-26,Belgium,Belgium,Trossard,W-138,28,28,,0,0,wikipedia
M-2026-066,WC-2026,2026,group stage,2026-06-26,Belgium,Belgium,Trossard,W-138,50,50,,0,0,wikipedia
M-2026-066,WC-2026,2026,group stage,2026-06-26,Belgium,Belgium,De Bruyne,W-139,66,66,,0,0,wikipedia
M-2026-066,WC-2026,2026,group stage,2026-06-26,New Zealand,New Zealand,Just,W-039,84,84,,0,0,wikipedia
M-2026-066,WC-2026,2026,group stage,2026-06-26,Belgium,Belgium,Lukaku,W-140,86,86,,0,0,wikipedia
M-2026-066,WC-2026,2026,group stage,2026-06-26,Belgium,Belgium,Saelemaekers,W-141,94,90,4,0,0,wikipedia
M-2026-067,WC-2026,2026,group stage,2026-06-27,Croatia,Croatia,P. Sučić,W-142,31,31,,0,0,wikipedia
M-2026-067,WC-2026,2026,group stage,2026-06-27,Ghana,Ghana,Luckassen,W-144,73,73,,0,0,wikipedia
M-2026-067,WC-2026,2026,group stage,2026-06-27,Croatia,Croatia,Vlašić,W-143,83,83,,0,0,wikipedia
M-2026-068,WC-2026,2026,group stage,2026-06-27,England,England,Bellingham,W-056,62,62,,0,0,wikipedia
M-2026-068,WC-2026,2026,group stage,2026-06-27,England,England,Kane,W-055,67,67,,0,0,wikipedia
M-2026-070,WC-2026,2026,group stage,2026-06-27,Uzbekistan,Uzbekistan,Shomurodov,W-146,10,10,,0,0,wikipedia
M-2026-070,WC-2026,2026,group stage,2026-06-27,DR Congo,DR Congo,Wissa,W-054,68,68,,1,0,wikipedia
M-2026-070,WC-2026,2026,group stage,2026-06-27,DR Congo,DR Congo,Mayele,W-145,78,78,,0,0,wikipedia
M-2026-070,WC-2026,2026,group stage,2026-06-27,DR Congo,DR Congo,Wissa,W-054,91,90,1,0,0,wikipedia
M-2026-071,WC-2026,2026,group stage,2026-06-27,Austria,Austria,Arnautović,W-051,28,28,,0,0,wikipedia
M-2026-071,WC-2026,2026,group stage,2026-06-27,Algeria,Algeria,Belghali,W-147,45,45,,0,0,wikipedia
M-2026-071,WC-2026,2026,group stage,2026-06-27,Austria,Austria,Sabitzer,W-149,55,55,,0,0,wikipedia
M-2026-071,WC-2026,2026,group stage,2026-06-27,Algeria,Algeria,Mahrez,W-148,60,60,,0,0,wikipedia
M-2026-071,WC-2026,2026,group stage,2026-06-27,Algeria,Algeria,Mahrez,W-148,93,90,3,0,0,wikipedia
M-2026-071,WC-2026,2026,group stage,2026-06-27,Austria,Austria,Kalajdžić,W-150,96,90,6,0,0,wikipedia
M-2026-072,WC-2026,2026,group stage,2026-06-27,Argentina,Argentina,Lo Celso,W-152,19,19,,0,0,wikipedia
M-2026-072,WC-2026,2026,group stage,2026-06-27,Argentina,Argentina,La. Martínez,W-153,31,31,,1,0,wikipedia
M-2026-072,WC-2026,2026,group stage,2026-06-27,Jordan,Jordan,Al-Taamari,W-151,55,55,,0,0,wikipedia
M-2026-072,WC-2026,2026,group stage,2026-06-27,Argentina,Argentina,Messi,W-048,80,80,,0,0,wikipedia
M-2026-073,WC-2026,2026,round of 32,2026-06-28,Canada,Canada,Eustáquio,W-154,92,90,2,0,0,wikipedia
M-2026-074,WC-2026,2026,round of 32,2026-06-29,Japan,Japan,Sano,W-156,29,29,,0,0,wikipedia
M-2026-074,WC-2026,2026,round of 32,2026-06-29,Brazil,Brazil,Casemiro,P-02305,56,56,,0,0,wikipedia
M-2026-074,WC-2026,2026,round of 32,2026-06-29,Brazil,Brazil,Martinelli,W-155,95,90,5,0,0,wikipedia
M-2026-075,WC-2026,2026,round of 32,2026-06-29,Paraguay,Paraguay,Enciso,W-157,42,42,,0,0,wikipedia
M-2026-075,WC-2026,2026,round of 32,2026-06-29,Germany,Germany,Havertz,W-020,54,54,,0,0,wikipedia
M-2026-076,WC-2026,2026,round of 32,2026-06-29,Netherlands,Netherlands,Gakpo,W-082,72,72,,0,0,wikipedia
M-2026-076,WC-2026,2026,round of 32,2026-06-29,Morocco,Morocco,Diop,W-158,91,90,1,0,0,wikipedia
M-2026-077,WC-2026,2026,round of 32,2026-06-30,Norway,Norway,Nusa,W-159,39,39,,0,0,wikipedia
M-2026-077,WC-2026,2026,round of 32,2026-06-30,Ivory Coast,Ivory Coast,Diallo,W-029,74,74,,0,0,wikipedia
M-2026-077,WC-2026,2026,round of 32,2026-06-30,Norway,Norway,Haaland,W-046,86,86,,0,0,wikipedia
M-2026-078,WC-2026,2026,round of 32,2026-06-30,France,France,Mbappé,W-042,45,45,,0,0,wikipedia
M-2026-078,WC-2026,2026,round of 32,2026-06-30,France,France,Barcola,W-043,53,53,,0,0,wikipedia
M-2026-078,WC-2026,2026,round of 32,2026-06-30,France,France,Mbappé,W-042,74,74,,0,0,wikipedia
M-2026-079,WC-2026,2026,round of 32,2026-06-30,Mexico,Mexico,Quiñones,W-000,22,22,,0,0,wikipedia
M-2026-079,WC-2026,2026,round of 32,2026-06-30,Mexico,Mexico,Jiménez,W-001,31,31,,0,0,wikipedia
M-2026-080,WC-2026,2026,round of 32,2026-07-01,DR Congo,DR Congo,Cipenga,W-160,7,7,,0,0,wikipedia
M-2026-080,WC-2026,2026,round of 32,2026-07-01,England,England,Kane,W-055,75,75,,0,0,wikipedia
M-2026-080,WC-2026,2026,round of 32,2026-07-01,England,England,Kane,W-055,86,86,,0,0,wikipedia
M-2026-081,WC-2026,2026,round of 32,2026-07-01,Senegal,Senegal,Diarra,W-133,25,25,,0,0,wikipedia
M-2026-081,WC-2026,2026,round of 32,2026-07-01,Senegal,Senegal,I. Sarr,W-097,51,51,,0,0,wikipedia
M-2026-081,WC-2026,2026,round of 32,2026-07-01,Belgium,Belgium,Lukaku,W-140,86,86,,0,0,wikipedia
M-2026-081,WC-2026,2026,round of 32,2026-07-01,Belgium,Belgium,Tielemans,W-161,89,89,,0,0,wikipedia
M-2026-081,WC-2026,2026,round of 32,2026-07-01,Belgium,Belgium,Tielemans,W-161,125,120,5,1,0,wikipedia
M-2026-082,WC-2026,2026,round of 32,2026-07-01,United States,United States,Balogun,W-008,45,45,,0,0,wikipedia
M-2026-082,WC-2026,2026,round of 32,2026-07-01,United States,United States,Tillman,W-162,82,82,,0,0,wikipedia
M-2026-083,WC-2026,2026,round of 32,2026-07-02,Spain,Spain,Oyarzabal,W-086,36,36,,0,0,wikipedia
M-2026-083,WC-2026,2026,round of 32,2026-07-02,Spain,Spain,Porro,W-163,66,66,,0,0,wikipedia
M-2026-083,WC-2026,2026,round of 32,2026-07-02,Spain,Spain,Oyarzabal,W-086,89,89,,0,0,wikipedia
M-2026-084,WC-2026,2026,round of 32,2026-07-02,Croatia,Croatia,Perišić,W-165,53,53,,0,0,wikipedia
M-2026-084,WC-2026,2026,round of 32,2026-07-02,Portugal,Portugal,Ronaldo,W-101,68,68,,1,0,wikipedia
M-2026-084,WC-2026,2026,round of 32,2026-07-02,Portugal,Portugal,Ramos,W-164,94,90,4,0,0,wikipedia
M-2026-085,WC-2026,2026,round of 32,2026-07-02,Switzerland,Switzerland,Embolo,W-012,10,10,,0,0,wikipedia
M-2026-085,WC-2026,2026,round of 32,2026-07-02,Switzerland,Switzerland,Ndoye,W-166,46,46,,0,0,wikipedia
M-2026-086,WC-2026,2026,round of 32,2026-07-03,Egypt,Egypt,Ashour,W-036,13,13,,0,0,wikipedia
M-2026-086,WC-2026,2026,round of 32,2026-07-03,Australia,Egypt,Hany,W-035,55,55,,0,1,wikipedia
M-2026-087,WC-2026,2026,round of 32,2026-07-03,Argentina,Argentina,Messi,W-048,29,29,,0,0,wikipedia
M-2026-087,WC-2026,2026,round of 32,2026-07-03,Cape Verde,Cape Verde,D. Duarte,W-169,59,59,,0,0,wikipedia
M-2026-087,WC-2026,2026,round of 32,2026-07-03,Argentina,Argentina,Li. Martínez,W-167,92,92,,0,0,wikipedia
M-2026-087,WC-2026,2026,round of 32,2026-07-03,Cape Verde,Cape Verde,Lopes Cabral,W-170,103,103,,0,0,wikipedia
M-2026-087,WC-2026,2026,round of 32,2026-07-03,Argentina,Cape Verde,Diney,W-168,111,111,,0,1,wikipedia
M-2026-088,WC-2026,2026,round of 32,2026-07-03,Colombia,Colombia,J. Arias,W-171,14,14,,0,0,wikipedia
M-2026-089,WC-2026,2026,round of 16,2026-07-04,Morocco,Morocco,Ounahi,W-172,50,50,,0,0,wikipedia
M-2026-089,WC-2026,2026,round of 16,2026-07-04,Morocco,Morocco,Ounahi,W-172,82,82,,0,0,wikipedia
M-2026-089,WC-2026,2026,round of 16,2026-07-04,Morocco,Morocco,Rahimi,W-111,98,90,8,0,0,wikipedia
M-2026-090,WC-2026,2026,round of 16,2026-07-04,France,France,Mbappé,W-042,70,70,,1,0,wikipedia
M-2026-091,WC-2026,2026,round of 16,2026-07-05,Norway,Norway,Haaland,W-046,79,79,,0,0,wikipedia
M-2026-091,WC-2026,2026,round of 16,2026-07-05,Norway,Norway,Haaland,W-046,90,90,,0,0,wikipedia
M-2026-091,WC-2026,2026,round of 16,2026-07-05,Brazil,Brazil,Neymar,P-87008,100,90,10,1,0,wikipedia
M-2026-092,WC-2026,2026,round of 16,2026-07-05,England,England,Bellingham,W-056,36,36,,0,0,wikipedia
M-2026-092,WC-2026,2026,round of 16,2026-07-05,England,England,Bellingham,W-056,38,38,,0,0,wikipedia
M-2026-092,WC-2026,2026,round of 16,2026-07-05,Mexico,Mexico,Quiñones,W-000,42,42,,0,0,wikipedia
M-2026-092,WC-2026,2026,round of 16,2026-07-05,England,England,Kane,W-055,60,60,,1,0,wikipedia
M-2026-092,WC-2026,2026,round of 16,2026-07-05,Mexico,Mexico,Jiménez,W-001,69,69,,1,0,wikipedia
M-2026-093,WC-2026,2026,round of 16,2026-07-06,Spain,Spain,Merino,W-173,91,90,1,0,0,wikipedia
M-2026-094,WC-2026,2026,round of 16,2026-07-06,Belgium,Belgium,De Ketelaere,W-174,9,9,,0,0,wikipedia
M-2026-094,WC-2026,2026,round of 16,2026-07-06,United States,United States,Tillman,W-162,31,31,,0,0,wikipedia
M-2026-094,WC-2026,2026,round of 16,2026-07-06,Belgium,Belgium,De Ketelaere,W-174,33,33,,0,0,wikipedia
M-2026-094,WC-2026,2026,round of 16,2026-07-06,Belgium,Belgium,Vanaken,W-175,57,57,,0,0,wikipedia
M-2026-094,WC-2026,2026,round of 16,2026-07-06,Belgium,Belgium,Lukaku,W-140,93,90,3,0,0,wikipedia
M-2026-095,WC-2026,2026,round of 16,2026-07-07,Egypt,Egypt,Ibrahim,W-178,15,15,,0,0,wikipedia
M-2026-095,WC-2026,2026,round of 16,2026-07-07,Egypt,Egypt,Ziko,W-089,67,67,,0,0,wikipedia
M-2026-095,WC-2026,2026,round of 16,2026-07-07,Argentina,Argentina,Romero,W-176,79,79,,0,0,wikipedia
M-2026-095,WC-2026,2026,round of 16,2026-07-07,Argentina,Argentina,Messi,W-048,83,83,,0,0,wikipedia
M-2026-095,WC-2026,2026,round of 16,2026-07-07,Argentina,Argentina,Fernández,W-177,92,90,2,0,0,wikipedia
M-2026-097,WC-2026,2026,quarter-finals,2026-07-09,France,France,Mbappé,W-042,60,60,,0,0,wikipedia
M-2026-097,WC-2026,2026,quarter-finals,2026-07-09,France,France,Dembélé,W-095,66,66,,0,0,wikipedia
M-2026-098,WC-2026,2026,quarter-finals,2026-07-10,Spain,Spain,Fabián,W-179,30,30,,0,0,wikipedia
M-2026-098,WC-2026,2026,quarter-finals,2026-07-10,Belgium,Belgium,De Ketelaere,W-174,41,41,,0,0,wikipedia
M-2026-098,WC-2026,2026,quarter-finals,2026-07-10,Spain,Spain,Merino,W-173,88,88,,0,0,wikipedia
M-2026-099,WC-2026,2026,quarter-finals,2026-07-11,Norway,Norway,Schjelderup,W-180,36,36,,0,0,wikipedia
M-2026-099,WC-2026,2026,quarter-finals,2026-07-11,England,England,Bellingham,W-056,47,45,2,0,0,wikipedia
M-2026-099,WC-2026,2026,quarter-finals,2026-07-11,England,England,Bellingham,W-056,93,93,,0,0,wikipedia
M-2026-100,WC-2026,2026,quarter-finals,2026-07-11,Argentina,Argentina,Mac Allister,W-181,10,10,,0,0,wikipedia
M-2026-100,WC-2026,2026,quarter-finals,2026-07-11,Switzerland,Switzerland,Ndoye,W-166,67,67,,0,0,wikipedia
M-2026-100,WC-2026,2026,quarter-finals,2026-07-11,Argentina,Argentina,Alvarez,W-182,112,112,,0,0,wikipedia
M-2026-100,WC-2026,2026,quarter-finals,2026-07-11,Argentina,Argentina,La. Martínez,W-153,121,120,1,0,0,wikipedia
M-2026-101,WC-2026,2026,semi-finals,2026-07-14,Spain,Spain,Oyarzabal,W-086,22,22,,1,0,wikipedia
M-2026-101,WC-2026,2026,semi-finals,2026-07-14,Spain,Spain,Porro,W-163,58,58,,0,0,wikipedia
M-2026-102,WC-2026,2026,semi-finals,2026-07-15,England,England,Gordon,W-183,55,55,,0,0,wikipedia
M-2026-102,WC-2026,2026,semi-finals,2026-07-15,Argentina,Argentina,Fernández,W-177,85,85,,0,0,wikipedia
M-2026-102,WC-2026,2026,semi-finals,2026-07-15,Argentina,Argentina,La. Martínez,W-153,92,90,2,0,0,wikipedia
M-2026-103,WC-2026,2026,third-place match,2026-07-18,England,England,Rice,W-184,3,3,,0,0,wikipedia
M-2026-103,WC-2026,2026,third-place match,2026-07-18,England,England,Konsa,W-185,18,18,,0,0,wikipedia
M-2026-103,WC-2026,2026,third-place match,2026-07-18,England,England,Saka,W-186,37,37,,0,0,wikipedia
M-2026-103,WC-2026,2026,third-place match,2026-07-18,England,England,Saka,W-186,46,45,1,0,0,wikipedia
M-2026-103,WC-2026,2026,third-place match,2026-07-18,France,France,Mbappé,W-042,48,48,,0,0,wikipedia
M-2026-103,WC-2026,2026,third-place match,2026-07-18,France,France,Barcola,W-043,54,54,,0,0,wikipedia
M-2026-103,WC-2026,2026,third-place match,2026-07-18,France,France,Mbappé,W-042,66,66,,0,0,wikipedia
M-2026-103,WC-2026,2026,third-place match,2026-07-18,England,England,Saka,W-186,87,87,,1,0,wikipedia
M-2026-103,WC-2026,2026,third-place match,2026-07-18,France,France,Dembélé,W-095,96,90,6,0,0,wikipedia
M-2026-103,WC-2026,2026,third-place match,2026-07-18,England,England,Bellingham,W-056,98,90,8,0,0,wikipedia
M-2026-104,WC-2026,2026,final,2026-07-19,Spain,Spain,Torres,W-187,106,106,,0,0,wikipedia
