match_id,tournament_id,year,stage,group_name,match_date,venue_id,country_name,home_team,away_team,home_team_score,away_team_score,extra_time,penalty_shootout,home_team_score_penalties,away_team_score_penalties,attendance,home_team_raw,away_team_raw,source
M-1930-01,WC-1930,1930,group stage,Group 1,1930-07-13,V-208,Uruguay,France,Mexico,4,1,0,0,,,,France,Mexico,fjelstul
M-1930-02,WC-1930,1930,group stage,Group 4,1930-07-13,V-207,Uruguay,United States,Belgium,3,0,0,0,,,,United States,Belgium,fjelstul
M-1930-03,WC-1930,1930,group stage,Group 2,1930-07-14,V-207,Uruguay,Serbia,Brazil,2,1,0,0,,,,Yugoslavia,Brazil,fjelstul
M-1930-04,WC-1930,1930,group stage,Group 3,1930-07-14,V-208,Uruguay,Romania,Peru,3,1,0,0,,,,Romania,Peru,fjelstul
M-1930-05,WC-1930,1930,group stage,Group 1,1930-07-15,V-207,Uruguay,Argentina,France,1,0,0,0,,,,Argentina,France,fjelstul
M-1930-06,WC-1930,1930,group stage,Group 1,1930-07-16,V-207,Uruguay,Chile,Mexico,3,0,0,0,,,,Chile,Mexico,fjelstul
M-1930-07,WC-1930,1930,group stage,Group 2,1930-07-17,V-207,Uruguay,Serbia,Bolivia,4,0,0,0,,,,Yugoslavia,Bolivia,fjelstul
M-1930-08,WC-1930,1930,group stage,Group 4,1930-07-17,V-207,Uruguay,United States,Paraguay,3,0,0,0,,,,United States,Paraguay,fjelstul
M-1930-09,WC-1930,1930,group stage,Group 3,1930-07-18,V-206,Uruguay,Uruguay,Peru,1,0,0,0,,,,Uruguay,Peru,fjelstul
M-1930-10,WC-1930,1930,group stage,Group 1,1930-07-19,V-206,Uruguay,Chile,France,1,0,0,0,,,,Chile,France,fjelstul
M-1930-11,WC-1930,1930,group stage,Group 1,1930-07-19,V-206,Uruguay,Argentina,Mexico,6,3,0,0,,,,Argentina,Mexico,fjelstul
M-1930-12,WC-1930,1930,group stage,Group 2,1930-07-20,V-206,Uruguay,Brazil,Bolivia,4,0,0,0,,,,Brazil,Bolivia,fjelstul
M-1930-13,WC-1930,1930,group stage,Group 4,1930-07-20,V-206,Uruguay,Paraguay,Belgium,1,0,0,0,,,,Paraguay,Belgium,fjelstul
M-1930-14,WC-1930,1930,group stage,Group 3,1930-07-21,V-206,Uruguay,Uruguay,Romania,4,0,0,0,,,,Uruguay,Romania,fjelstul
M-1930-15,WC-1930,1930,group stage,Group 1,1930-07-22,V-206,Uruguay,Argentina,Chile,3,1,0,0,,,,Argentina,Chile,fjelstul
M-1930-16,WC-1930,1930,semi-finals,,1930-07-26,V-206,Uruguay,Argentina,United States,6,1,0,0,,,,Argentina,United States,fjelstul
M-1930-17,WC-1930,1930,semi-finals,,1930-07-27,V-206,Uruguay,Uruguay,Serbia,6,1,0,0,,,,Uruguay,Yugoslavia,fjelstul
M-1930-18,WC-1930,1930,final,,1930-07-30,V-206,Uruguay,Uruguay,Argentina,4,2,0,0,,,,Uruguay,Argentina,fjelstul
M-1934-01,WC-1934,1934,round of 16,,1934-05-27,V-083,Italy,Austria,France,3,2,1,0,,,,Austria,France,fjelstul
M-1934-02,WC-1934,1934,round of 16,,1934-05-27,V-082,Italy,Czech Republic,Romania,2,1,0,0,,,,Czechoslovakia,Romania,fjelstul
M-1934-03,WC-1934,1934,round of 16,,1934-05-27,V-074,Italy,Germany,Belgium,5,2,0,0,,,,Germany,Belgium,fjelstul
M-1934-04,WC-1934,1934,round of 16,,1934-05-27,V-077,Italy,Hungary,Egypt,4,2,0,0,,,,Hungary,Egypt,fjelstul
M-1934-05,WC-1934,1934,round of 16,,1934-05-27,V-080,Italy,Italy,United States,7,1,0,0,,,,Italy,United States,fjelstul
M-1934-06,WC-1934,1934,round of 16,,1934-05-27,V-075,Italy,Spain,Brazil,3,1,0,0,,,,Spain,Brazil,fjelstul
M-1934-07,WC-1934,1934,round of 16,,1934-05-27,V-071,Italy,Sweden,Argentina,3,2,0,0,,,,Sweden,Argentina,fjelstul
M-1934-08,WC-1934,1934,round of 16,,1934-05-27,V-076,Italy,Switzerland,Netherlands,3,2,0,0,,,,Switzerland,Netherlands,fjelstul
M-1934-09,WC-1934,1934,quarter-finals,,1934-05-31,V-071,Italy,Austria,Hungary,2,1,0,0,,,,Austria,Hungary,fjelstul
M-1934-10,WC-1934,1934,quarter-finals,,1934-05-31,V-083,Italy,Czech Republic,Switzerland,3,2,0,0,,,,Czechoslovakia,Switzerland,fjelstul
M-1934-11,WC-1934,1934,quarter-finals,,1934-05-31,V-076,Italy,Germany,Sweden,2,1,0,0,,,,Germany,Sweden,fjelstul
M-1934-12,WC-1934,1934,quarter-finals,,1934-05-31,V-074,Italy,Italy,Spain,1,1,1,0,,,,Italy,Spain,fjelstul
M-1934-13,WC-1934,1934,quarter-finals,,1934-06-01,V-074,Italy,Italy,Spain,1,0,0,0,,,,Italy,Spain,fjelstul
M-1934-14,WC-1934,1934,semi-finals,,1934-06-03,V-080,Italy,Czech Republic,Germany,3,1,0,0,,,,Czechoslovakia,Germany,fjelstul
M-1934-15,WC-1934,1934,semi-finals,,1934-06-03,V-076,Italy,Italy,Austria,1,0,0,0,,,,Italy,Austria,fjelstul
M-1934-16,WC-1934,1934,third-place match,,1934-06-07,V-077,Italy,Germany,Austria,3,2,0,0,,,,Germany,Austria,fjelstul
M-1934-17,WC-1934,1934,final,,1934-06-10,V-080,Italy,Italy,Czech Republic,2,1,1,0,,,,Italy,Czechoslovakia,fjelstul
M-1938-01,WC-1938,1938,round of 16,,1938-06-04,V-047,France,Switzerland,Germany,1,1,1,0,,,,Switzerland,Germany,fjelstul
M-1938-02,WC-1938,1938,round of 16,,1938-06-05,V-054,France,Cuba,Romania,3,3,1,0,,,,Cuba,Romania,fjelstul
M-1938-03,WC-1938,1938,round of 16,,1938-06-05,V-048,France,France,Belgium,3,1,0,0,,,,France,Belgium,fjelstul
M-1938-04,WC-1938,1938,round of 16,,1938-06-05,V-049,France,Hungary,Indonesia,6,0,0,0,,,,Hungary,Dutch East Indies,fjelstul
M-1938-05,WC-1938,1938,round of 16,,1938-06-05,V-044,France,Italy,Norway,2,1,1,0,,,,Italy,Norway,fjelstul
M-1938-06,WC-1938,1938,round of 16,,1938-06-05,V-052,France,Brazil,Poland,6,5,1,0,,,,Brazil,Poland,fjelstul
M-1938-07,WC-1938,1938,round of 16,,1938-06-05,V-040,France,Czech Republic,Netherlands,3,0,1,0,,,,Czechoslovakia,Netherlands,fjelstul
M-1938-08,WC-1938,1938,round of 16,,1938-06-09,V-054,France,Cuba,Romania,2,1,0,0,,,,Cuba,Romania,fjelstul
M-1938-09,WC-1938,1938,round of 16,,1938-06-09,V-047,France,Switzerland,Germany,4,2,0,0,,,,Switzerland,Germany,fjelstul
M-1938-10,WC-1938,1938,quarter-finals,,1938-06-12,V-039,France,Brazil,Czech Republic,1,1,1,0,,,,Brazil,Czechoslovakia,fjelstul
M-1938-11,WC-1938,1938,quarter-finals,,1938-06-12,V-042,France,Hungary,Switzerland,2,0,0,0,,,,Hungary,Switzerland,fjelstul
M-1938-12,WC-1938,1938,quarter-finals,,1938-06-12,V-048,France,Italy,France,3,1,0,0,,,,Italy,France,fjelstul
M-1938-13,WC-1938,1938,quarter-finals,,1938-06-12,V-038,France,Sweden,Cuba,8,0,0,0,,,,Sweden,Cuba,fjelstul
M-1938-14,WC-1938,1938,quarter-finals,,1938-06-14,V-039,France,Brazil,Czech Republic,2,1,0,0,,,,Brazil,Czechoslovakia,fjelstul
M-1938-15,WC-1938,1938,semi-finals,,1938-06-16,V-047,France,Hungary,Sweden,5,1,0,0,,,,Hungary,Sweden,fjelstul
M-1938-16,WC-1938,1938,semi-finals,,1938-06-16,V-044,France,Italy,Brazil,2,1,0,0,,,,Italy,Brazil,fjelstul
M-1938-17,WC-1938,1938,third-place match,,1938-06-19,V-039,France,Brazil,Sweden,4,2,0,0,,,,Brazil,Sweden,fjelstul
M-1938-18,WC-1938,1938,final,,1938-06-19,V-048,France,Italy,Hungary,4,2,0,0,,,,Italy,Hungary,fjelstul
M-1950-01,WC-1950,1950,group stage,Group 1,1950-06-24,V-020,Brazil,Brazil,Mexico,4,0,0,0,,,,Brazil,Mexico,fjelstul
M-1950-02,WC-1950,1950,group stage,Group 1,1950-06-25,V-007,Brazil,Serbia,Switzerland,3,0,0,0,,,,Yugoslavia,Switzerland,fjelstul
M-1950-03,WC-1950,1950,group stage,Group 2,1950-06-25,V-020,Brazil,England,Chile,2,0,0,0,,,,England,Chile,fjelstul
M-1950-04,WC-1950,1950,group stage,Group 2,1950-06-25,V-012,Brazil,Spain,United States,3,1,0,0,,,,Spain,United States,fjelstul
M-1950-05,WC-1950,1950,group stage,Group 3,1950-06-25,V-023,Brazil,Sweden,Italy,3,2,0,0,,,,Sweden,Italy,fjelstul
M-1950-06,WC-1950,1950,group stage,Group 1,1950-06-28,V-023,Brazil,Brazil,Switzerland,2,2,0,0,,,,Brazil,Switzerland,fjelstul
M-1950-07,WC-1950,1950,group stage,Group 1,1950-06-28,V-017,Brazil,Serbia,Mexico,4,1,0,0,,,,Yugoslavia,Mexico,fjelstul
M-1950-08,WC-1950,1950,group stage,Group 2,1950-06-29,V-020,Brazil,Spain,Chile,2,0,0,0,,,,Spain,Chile,fjelstul
M-1950-09,WC-1950,1950,group stage,Group 2,1950-06-29,V-007,Brazil,United States,England,1,0,0,0,,,,United States,England,fjelstul
M-1950-10,WC-1950,1950,group stage,Group 3,1950-06-29,V-012,Brazil,Sweden,Paraguay,2,2,0,0,,,,Sweden,Paraguay,fjelstul
M-1950-11,WC-1950,1950,group stage,Group 1,1950-07-01,V-020,Brazil,Brazil,Serbia,2,0,0,0,,,,Brazil,Yugoslavia,fjelstul
M-1950-12,WC-1950,1950,group stage,Group 2,1950-07-02,V-019,Brazil,Chile,United States,5,2,0,0,,,,Chile,United States,fjelstul
M-1950-13,WC-1950,1950,group stage,Group 2,1950-07-02,V-020,Brazil,Spain,England,1,0,0,0,,,,Spain,England,fjelstul
M-1950-14,WC-1950,1950,group stage,Group 3,1950-07-02,V-023,Brazil,Italy,Paraguay,2,0,0,0,,,,Italy,Paraguay,fjelstul
M-1950-15,WC-1950,1950,group stage,Group 4,1950-07-02,V-007,Brazil,Uruguay,Bolivia,8,0,0,0,,,,Uruguay,Bolivia,fjelstul
M-1950-16,WC-1950,1950,group stage,Group 1,1950-07-02,V-017,Brazil,Switzerland,Mexico,2,1,0,0,,,,Switzerland,Mexico,fjelstul
M-1950-17,WC-1950,1950,final round,,1950-07-09,V-020,Brazil,Brazil,Sweden,7,1,0,0,,,,Brazil,Sweden,fjelstul
M-1950-18,WC-1950,1950,final round,,1950-07-09,V-023,Brazil,Uruguay,Spain,2,2,0,0,,,,Uruguay,Spain,fjelstul
M-1950-19,WC-1950,1950,final round,,1950-07-13,V-020,Brazil,Brazil,Spain,6,1,0,0,,,,Brazil,Spain,fjelstul
M-1950-20,WC-1950,1950,final round,,1950-07-13,V-023,Brazil,Uruguay,Sweden,3,2,0,0,,,,Uruguay,Sweden,fjelstul
M-1950-21,WC-1950,1950,final round,,1950-07-16,V-023,Brazil,Sweden,Spain,3,1,0,0,,,,Sweden,Spain,fjelstul
M-1950-22,WC-1950,1950,final round,,1950-07-16,V-020,Brazil,Uruguay,Brazil,2,1,0,0,,,,Uruguay,Brazil,fjelstul
M-1954-01,WC-1954,1954,group stage,Group 1,1954-06-16,V-182,Switzerland,Brazil,Mexico,5,0,0,0,,,,Brazil,Mexico,fjelstul
M-1954-02,WC-1954,1954,group stage,Group 1,1954-06-16,V-183,Switzerland,Serbia,France,1,0,0,0,,,,Yugoslavia,France,fjelstul
M-1954-03,WC-1954,1954,group stage,Group 3,1954-06-16,V-185,Switzerland,Austria,Scotland,1,0,0,0,,,,Austria,Scotland,fjelstul
M-1954-04,WC-1954,1954,group stage,Group 3,1954-06-16,V-181,Switzerland,Uruguay,Czech Republic,2,0,0,0,,,,Uruguay,Czechoslovakia,fjelstul
M-1954-05,WC-1954,1954,group stage,Group 4,1954-06-17,V-183,Switzerland,Switzerland,Italy,2,1,0,0,,,,Switzerland,Italy,fjelstul
M-1954-06,WC-1954,1954,group stage,Group 2,1954-06-17,V-185,Switzerland,Hungary,South Korea,9,0,0,0,,,,Hungary,South Korea,fjelstul
M-1954-07,WC-1954,1954,group stage,Group 2,1954-06-17,V-181,Switzerland,Germany,Turkey,4,1,0,0,,,,West Germany,Turkey,fjelstul
M-1954-08,WC-1954,1954,group stage,Group 4,1954-06-17,V-180,Switzerland,England,Belgium,4,4,1,0,,,,England,Belgium,fjelstul
M-1954-09,WC-1954,1954,group stage,Group 3,1954-06-19,V-180,Switzerland,Uruguay,Scotland,7,0,0,0,,,,Uruguay,Scotland,fjelstul
M-1954-10,WC-1954,1954,group stage,Group 1,1954-06-19,V-183,Switzerland,Brazil,Serbia,1,1,1,0,,,,Brazil,Yugoslavia,fjelstul
M-1954-11,WC-1954,1954,group stage,Group 3,1954-06-19,V-185,Switzerland,Austria,Czech Republic,5,0,0,0,,,,Austria,Czechoslovakia,fjelstul
M-1954-12,WC-1954,1954,group stage,Group 1,1954-06-19,V-182,Switzerland,France,Mexico,3,2,0,0,,,,France,Mexico,fjelstul
M-1954-13,WC-1954,1954,group stage,Group 2,1954-06-20,V-180,Switzerland,Hungary,Germany,8,3,0,0,,,,Hungary,West Germany,fjelstul
M-1954-14,WC-1954,1954,group stage,Group 2,1954-06-20,V-182,Switzerland,Turkey,South Korea,7,0,0,0,,,,Turkey,South Korea,fjelstul
M-1954-15,WC-1954,1954,group stage,Group 4,1954-06-20,V-184,Switzerland,Italy,Belgium,4,1,0,0,,,,Italy,Belgium,fjelstul
M-1954-16,WC-1954,1954,group stage,Group 4,1954-06-20,V-181,Switzerland,England,Switzerland,2,0,0,0,,,,England,Switzerland,fjelstul
M-1954-17,WC-1954,1954,group stage,Group 2,1954-06-23,V-185,Switzerland,Germany,Turkey,7,2,0,0,,,,West Germany,Turkey,fjelstul
M-1954-18,WC-1954,1954,group stage,Group 4,1954-06-23,V-180,Switzerland,Switzerland,Italy,4,1,0,0,,,,Switzerland,Italy,fjelstul
M-1954-19,WC-1954,1954,quarter-finals,,1954-06-26,V-183,Switzerland,Austria,Switzerland,7,5,0,0,,,,Austria,Switzerland,fjelstul
M-1954-20,WC-1954,1954,quarter-finals,,1954-06-26,V-180,Switzerland,Uruguay,England,4,2,0,0,,,,Uruguay,England,fjelstul
M-1954-21,WC-1954,1954,quarter-finals,,1954-06-27,V-181,Switzerland,Hungary,Brazil,4,2,0,0,,,,Hungary,Brazil,fjelstul
M-1954-22,WC-1954,1954,quarter-finals,,1954-06-27,V-182,Switzerland,Germany,Serbia,2,0,0,0,,,,West Germany,Yugoslavia,fjelstul
M-1954-23,WC-1954,1954,semi-finals,,1954-06-30,V-183,Switzerland,Hungary,Uruguay,4,2,1,0,,,,Hungary,Uruguay,fjelstul
M-1954-24,WC-1954,1954,semi-finals,,1954-06-30,V-180,Switzerland,Germany,Austria,6,1,0,0,,,,West Germany,Austria,fjelstul
M-1954-25,WC-1954,1954,third-place match,,1954-07-03,V-185,Switzerland,Austria,Uruguay,3,1,0,0,,,,Austria,Uruguay,fjelstul
M-1954-26,WC-1954,1954,final,,1954-07-04,V-181,Switzerland,Germany,Hungary,3,2,0,0,,,,West Germany,Hungary,fjelstul
M-1958-01,WC-1958,1958,group stage,Group 3,1958-06-08,V-176,Sweden,Sweden,Mexico,3,0,0,0,,,,Sweden,Mexico,fjelstul
M-1958-02,WC-1958,1958,group stage,Group 1,1958-06-08,V-173,Sweden,Argentina,Germany,1,3,0,0,,,,Argentina,West Germany,fjelstul
M-1958-03,WC-1958,1958,group stage,Group 1,1958-06-08,V-171,Sweden,Northern Ireland,Czech Republic,1,0,0,0,,,,Northern Ireland,Czechoslovakia,fjelstul
M-1958-04,WC-1958,1958,group stage,Group 2,1958-06-08,V-174,Sweden,France,Paraguay,7,3,0,0,,,,France,Paraguay,fjelstul
M-1958-05,WC-1958,1958,group stage,Group 2,1958-06-08,V-178,Sweden,Serbia,Scotland,1,1,0,0,,,,Yugoslavia,Scotland,fjelstul
M-1958-06,WC-1958,1958,group stage,Group 3,1958-06-08,V-175,Sweden,Hungary,Wales,1,1,0,0,,,,Hungary,Wales,fjelstul
M-1958-07,WC-1958,1958,group stage,Group 4,1958-06-08,V-177,Sweden,Brazil,Austria,3,0,0,0,,,,Brazil,Austria,fjelstul
M-1958-08,WC-1958,1958,group stage,Group 4,1958-06-08,V-170,Sweden,Russia,England,2,2,0,0,,,,Soviet Union,England,fjelstul
M-1958-09,WC-1958,1958,group stage,Group 1,1958-06-11,V-171,Sweden,Argentina,Northern Ireland,3,1,0,0,,,,Argentina,Northern Ireland,fjelstul
M-1958-10,WC-1958,1958,group stage,Group 1,1958-06-11,V-172,Sweden,Germany,Czech Republic,2,2,0,0,,,,West Germany,Czechoslovakia,fjelstul
M-1958-11,WC-1958,1958,group stage,Group 2,1958-06-11,V-174,Sweden,Paraguay,Scotland,3,2,0,0,,,,Paraguay,Scotland,fjelstul
M-1958-12,WC-1958,1958,group stage,Group 2,1958-06-11,V-178,Sweden,Serbia,France,3,2,0,0,,,,Yugoslavia,France,fjelstul
M-1958-13,WC-1958,1958,group stage,Group 3,1958-06-11,V-176,Sweden,Mexico,Wales,1,1,0,0,,,,Mexico,Wales,fjelstul
M-1958-14,WC-1958,1958,group stage,Group 4,1958-06-11,V-170,Sweden,Brazil,England,0,0,0,0,,,,Brazil,England,fjelstul
M-1958-15,WC-1958,1958,group stage,Group 4,1958-06-11,V-168,Sweden,Russia,Austria,2,0,0,0,,,,Soviet Union,Austria,fjelstul
M-1958-16,WC-1958,1958,group stage,Group 3,1958-06-12,V-176,Sweden,Sweden,Hungary,2,1,0,0,,,,Sweden,Hungary,fjelstul
M-1958-17,WC-1958,1958,group stage,Group 3,1958-06-15,V-176,Sweden,Sweden,Wales,0,0,0,0,,,,Sweden,Wales,fjelstul
M-1958-18,WC-1958,1958,group stage,Group 1,1958-06-15,V-172,Sweden,Czech Republic,Argentina,6,1,0,0,,,,Czechoslovakia,Argentina,fjelstul
M-1958-19,WC-1958,1958,group stage,Group 1,1958-06-15,V-173,Sweden,Germany,Northern Ireland,2,2,0,0,,,,West Germany,Northern Ireland,fjelstul
M-1958-20,WC-1958,1958,group stage,Group 2,1958-06-15,V-179,Sweden,France,Scotland,2,1,0,0,,,,France,Scotland,fjelstul
M-1958-21,WC-1958,1958,group stage,Group 2,1958-06-15,V-169,Sweden,Paraguay,Serbia,3,3,0,0,,,,Paraguay,Yugoslavia,fjelstul
M-1958-22,WC-1958,1958,group stage,Group 3,1958-06-15,V-175,Sweden,Hungary,Mexico,4,0,0,0,,,,Hungary,Mexico,fjelstul
M-1958-23,WC-1958,1958,group stage,Group 4,1958-06-15,V-170,Sweden,Brazil,Russia,2,0,0,0,,,,Brazil,Soviet Union,fjelstul
M-1958-24,WC-1958,1958,group stage,Group 4,1958-06-15,V-168,Sweden,England,Austria,2,2,0,0,,,,England,Austria,fjelstul
M-1958-25,WC-1958,1958,group stage,Group 1,1958-06-17,V-173,Sweden,Northern Ireland,Czech Republic,2,1,1,0,,,,Northern Ireland,Czechoslovakia,fjelstul
M-1958-26,WC-1958,1958,group stage,Group 3,1958-06-17,V-176,Sweden,Wales,Hungary,2,1,0,0,,,,Wales,Hungary,fjelstul
M-1958-27,WC-1958,1958,group stage,Group 4,1958-06-17,V-170,Sweden,Russia,England,1,0,0,0,,,,Soviet Union,England,fjelstul
M-1958-28,WC-1958,1958,quarter-finals,,1958-06-19,V-170,Sweden,Brazil,Wales,1,0,0,0,,,,Brazil,Wales,fjelstul
M-1958-29,WC-1958,1958,quarter-finals,,1958-06-19,V-174,Sweden,France,Northern Ireland,4,0,0,0,,,,France,Northern Ireland,fjelstul
M-1958-30,WC-1958,1958,quarter-finals,,1958-06-19,V-176,Sweden,Sweden,Russia,2,0,0,0,,,,Sweden,Soviet Union,fjelstul
M-1958-31,WC-1958,1958,quarter-finals,,1958-06-19,V-173,Sweden,Germany,Serbia,1,0,0,0,,,,West Germany,Yugoslavia,fjelstul
M-1958-32,WC-1958,1958,semi-finals,,1958-06-24,V-176,Sweden,Brazil,France,5,2,0,0,,,,Brazil,France,fjelstul
M-1958-33,WC-1958,1958,semi-finals,,1958-06-24,V-170,Sweden,Sweden,Germany,3,1,0,0,,,,Sweden,West Germany,fjelstul
M-1958-34,WC-1958,1958,third-place match,,1958-06-28,V-170,Sweden,France,Germany,6,3,0,0,,,,France,West Germany,fjelstul
M-1958-35,WC-1958,1958,final,,1958-06-29,V-176,Sweden,Brazil,Sweden,5,2,0,0,,,,Brazil,Sweden,fjelstul
M-1962-01,WC-1962,1962,group stage,Group 1,1962-05-30,V-026,Chile,Uruguay,Colombia,2,1,0,0,,,,Uruguay,Colombia,fjelstul
M-1962-02,WC-1962,1962,group stage,Group 2,1962-05-30,V-028,Chile,Chile,Switzerland,3,1,0,0,,,,Chile,Switzerland,fjelstul
M-1962-03,WC-1962,1962,group stage,Group 3,1962-05-30,V-029,Chile,Brazil,Mexico,2,0,0,0,,,,Brazil,Mexico,fjelstul
M-1962-04,WC-1962,1962,group stage,Group 4,1962-05-30,V-027,Chile,Argentina,Bulgaria,1,0,0,0,,,,Argentina,Bulgaria,fjelstul
M-1962-05,WC-1962,1962,group stage,Group 1,1962-05-31,V-026,Chile,Russia,Serbia,2,0,0,0,,,,Soviet Union,Yugoslavia,fjelstul
M-1962-06,WC-1962,1962,group stage,Group 2,1962-05-31,V-028,Chile,Germany,Italy,0,0,0,0,,,,West Germany,Italy,fjelstul
M-1962-07,WC-1962,1962,group stage,Group 3,1962-05-31,V-029,Chile,Czech Republic,Spain,1,0,0,0,,,,Czechoslovakia,Spain,fjelstul
M-1962-08,WC-1962,1962,group stage,Group 4,1962-05-31,V-027,Chile,Hungary,England,2,1,0,0,,,,Hungary,England,fjelstul
M-1962-09,WC-1962,1962,group stage,Group 1,1962-06-02,V-026,Chile,Serbia,Uruguay,3,1,0,0,,,,Yugoslavia,Uruguay,fjelstul
M-1962-10,WC-1962,1962,group stage,Group 2,1962-06-02,V-028,Chile,Chile,Italy,2,0,0,0,,,,Chile,Italy,fjelstul
M-1962-11,WC-1962,1962,group stage,Group 3,1962-06-02,V-029,Chile,Brazil,Czech Republic,0,0,0,0,,,,Brazil,Czechoslovakia,fjelstul
M-1962-12,WC-1962,1962,group stage,Group 4,1962-06-02,V-027,Chile,England,Argentina,3,1,0,0,,,,England,Argentina,fjelstul
M-1962-13,WC-1962,1962,group stage,Group 1,1962-06-03,V-026,Chile,Russia,Colombia,4,4,0,0,,,,Soviet Union,Colombia,fjelstul
M-1962-14,WC-1962,1962,group stage,Group 2,1962-06-03,V-028,Chile,Germany,Switzerland,2,1,0,0,,,,West Germany,Switzerland,fjelstul
M-1962-15,WC-1962,1962,group stage,Group 3,1962-06-03,V-029,Chile,Spain,Mexico,1,0,0,0,,,,Spain,Mexico,fjelstul
M-1962-16,WC-1962,1962,group stage,Group 4,1962-06-03,V-027,Chile,Hungary,Bulgaria,6,1,0,0,,,,Hungary,Bulgaria,fjelstul
M-1962-17,WC-1962,1962,group stage,Group 1,1962-06-06,V-026,Chile,Russia,Uruguay,2,1,0,0,,,,Soviet Union,Uruguay,fjelstul
M-1962-18,WC-1962,1962,group stage,Group 2,1962-06-06,V-028,Chile,Germany,Chile,2,0,0,0,,,,West Germany,Chile,fjelstul
M-1962-19,WC-1962,1962,group stage,Group 3,1962-06-06,V-029,Chile,Brazil,Spain,2,1,0,0,,,,Brazil,Spain,fjelstul
M-1962-20,WC-1962,1962,group stage,Group 4,1962-06-06,V-027,Chile,Hungary,Argentina,0,0,0,0,,,,Hungary,Argentina,fjelstul
M-1962-21,WC-1962,1962,group stage,Group 1,1962-06-07,V-026,Chile,Serbia,Colombia,5,0,0,0,,,,Yugoslavia,Colombia,fjelstul
M-1962-22,WC-1962,1962,group stage,Group 2,1962-06-07,V-028,Chile,Italy,Switzerland,3,0,0,0,,,,Italy,Switzerland,fjelstul
M-1962-23,WC-1962,1962,group stage,Group 3,1962-06-07,V-029,Chile,Mexico,Czech Republic,3,1,0,0,,,,Mexico,Czechoslovakia,fjelstul
M-1962-24,WC-1962,1962,group stage,Group 4,1962-06-07,V-027,Chile,England,Bulgaria,0,0,0,0,,,,England,Bulgaria,fjelstul
M-1962-25,WC-1962,1962,quarter-finals,,1962-06-10,V-029,Chile,Brazil,England,3,1,0,0,,,,Brazil,England,fjelstul
M-1962-26,WC-1962,1962,quarter-finals,,1962-06-10,V-026,Chile,Chile,Russia,2,1,0,0,,,,Chile,Soviet Union,fjelstul
M-1962-27,WC-1962,1962,quarter-finals,,1962-06-10,V-027,Chile,Czech Republic,Hungary,1,0,0,0,,,,Czechoslovakia,Hungary,fjelstul
M-1962-28,WC-1962,1962,quarter-finals,,1962-06-10,V-028,Chile,Serbia,Germany,1,0,0,0,,,,Yugoslavia,West Germany,fjelstul
M-1962-29,WC-1962,1962,semi-finals,,1962-06-13,V-028,Chile,Brazil,Chile,4,2,0,0,,,,Brazil,Chile,fjelstul
M-1962-30,WC-1962,1962,semi-finals,,1962-06-13,V-029,Chile,Czech Republic,Serbia,3,1,0,0,,,,Czechoslovakia,Yugoslavia,fjelstul
M-1962-31,WC-1962,1962,third-place match,,1962-06-16,V-028,Chile,Chile,Serbia,1,0,0,0,,,,Chile,Yugoslavia,fjelstul
M-1962-32,WC-1962,1962,final,,1962-06-17,V-028,Chile,Brazil,Czech Republic,3,1,0,0,,,,Brazil,Czechoslovakia,fjelstul
M-1966-01,WC-1966,1966,group stage,Group 1,1966-07-11,V-032,England,England,Uruguay,0,0,0,0,,,,England,Uruguay,fjelstul
M-1966-02,WC-1966,1966,group stage,Group 2,1966-07-12,V-036,England,Germany,Switzerland,5,0,0,0,,,,West Germany,Switzerland,fjelstul
M-1966-03,WC-1966,1966,group stage,Group 3,1966-07-12,V-031,England,Brazil,Bulgaria,2,0,0,0,,,,Brazil,Bulgaria,fjelstul
M-1966-04,WC-1966,1966,group stage,Group 4,1966-07-12,V-035,England,Russia,North Korea,3,0,0,0,,,,Soviet Union,North Korea,fjelstul
M-1966-05,WC-1966,1966,group stage,Group 1,1966-07-13,V-032,England,France,Mexico,1,1,0,0,,,,France,Mexico,fjelstul
M-1966-06,WC-1966,1966,group stage,Group 2,1966-07-13,V-030,England,Argentina,Spain,2,1,0,0,,,,Argentina,Spain,fjelstul
M-1966-07,WC-1966,1966,group stage,Group 3,1966-07-13,V-034,England,Portugal,Hungary,3,1,0,0,,,,Portugal,Hungary,fjelstul
M-1966-08,WC-1966,1966,group stage,Group 4,1966-07-13,V-037,England,Italy,Chile,2,0,0,0,,,,Italy,Chile,fjelstul
M-1966-09,WC-1966,1966,group stage,Group 1,1966-07-15,V-033,England,Uruguay,France,2,1,0,0,,,,Uruguay,France,fjelstul
M-1966-10,WC-1966,1966,group stage,Group 2,1966-07-15,V-036,England,Spain,Switzerland,2,1,0,0,,,,Spain,Switzerland,fjelstul
M-1966-11,WC-1966,1966,group stage,Group 3,1966-07-15,V-031,England,Hungary,Brazil,3,1,0,0,,,,Hungary,Brazil,fjelstul
M-1966-12,WC-1966,1966,group stage,Group 4,1966-07-15,V-035,England,Chile,North Korea,1,1,0,0,,,,Chile,North Korea,fjelstul
M-1966-13,WC-1966,1966,group stage,Group 2,1966-07-16,V-030,England,Argentina,Germany,0,0,0,0,,,,Argentina,West Germany,fjelstul
M-1966-14,WC-1966,1966,group stage,Group 3,1966-07-16,V-034,England,Portugal,Bulgaria,3,0,0,0,,,,Portugal,Bulgaria,fjelstul
M-1966-15,WC-1966,1966,group stage,Group 4,1966-07-16,V-037,England,Russia,Italy,1,0,0,0,,,,Soviet Union,Italy,fjelstul
M-1966-16,WC-1966,1966,group stage,Group 1,1966-07-16,V-032,England,England,Mexico,2,0,0,0,,,,England,Mexico,fjelstul
M-1966-17,WC-1966,1966,group stage,Group 1,1966-07-19,V-032,England,Mexico,Uruguay,0,0,0,0,,,,Mexico,Uruguay,fjelstul
M-1966-18,WC-1966,1966,group stage,Group 2,1966-07-19,V-036,England,Argentina,Switzerland,2,0,0,0,,,,Argentina,Switzerland,fjelstul
M-1966-19,WC-1966,1966,group stage,Group 3,1966-07-19,V-031,England,Portugal,Brazil,3,1,0,0,,,,Portugal,Brazil,fjelstul
M-1966-20,WC-1966,1966,group stage,Group 4,1966-07-19,V-035,England,North Korea,Italy,1,0,0,0,,,,North Korea,Italy,fjelstul
M-1966-21,WC-1966,1966,group stage,Group 1,1966-07-20,V-032,England,England,France,2,0,0,0,,,,England,France,fjelstul
M-1966-22,WC-1966,1966,group stage,Group 2,1966-07-20,V-030,England,Germany,Spain,2,1,0,0,,,,West Germany,Spain,fjelstul
M-1966-23,WC-1966,1966,group stage,Group 3,1966-07-20,V-034,England,Hungary,Bulgaria,3,1,0,0,,,,Hungary,Bulgaria,fjelstul
M-1966-24,WC-1966,1966,group stage,Group 4,1966-07-20,V-037,England,Russia,Chile,2,1,0,0,,,,Soviet Union,Chile,fjelstul
M-1966-25,WC-1966,1966,quarter-finals,,1966-07-23,V-032,England,England,Argentina,1,0,0,0,,,,England,Argentina,fjelstul
M-1966-26,WC-1966,1966,quarter-finals,,1966-07-23,V-031,England,Portugal,North Korea,5,3,0,0,,,,Portugal,North Korea,fjelstul
M-1966-27,WC-1966,1966,quarter-finals,,1966-07-23,V-037,England,Russia,Hungary,2,1,0,0,,,,Soviet Union,Hungary,fjelstul
M-1966-28,WC-1966,1966,quarter-finals,,1966-07-23,V-036,England,Germany,Uruguay,4,0,0,0,,,,West Germany,Uruguay,fjelstul
M-1966-29,WC-1966,1966,semi-finals,,1966-07-25,V-031,England,Germany,Russia,2,1,0,0,,,,West Germany,Soviet Union,fjelstul
M-1966-30,WC-1966,1966,semi-finals,,1966-07-26,V-032,England,England,Portugal,2,1,0,0,,,,England,Portugal,fjelstul
M-1966-31,WC-1966,1966,third-place match,,1966-07-28,V-032,England,Portugal,Russia,2,1,0,0,,,,Portugal,Soviet Union,fjelstul
M-1966-32,WC-1966,1966,final,,1966-07-30,V-032,England,England,Germany,4,2,1,0,,,,England,West Germany,fjelstul
M-1970-01,WC-1970,1970,group stage,Group 1,1970-05-31,V-102,Mexico,Mexico,Russia,0,0,0,0,,,,Mexico,Soviet Union,fjelstul
M-1970-02,WC-1970,1970,group stage,Group 2,1970-06-02,V-107,Mexico,Uruguay,Israel,2,0,0,0,,,,Uruguay,Israel,fjelstul
M-1970-03,WC-1970,1970,group stage,Group 3,1970-06-02,V-097,Mexico,England,Romania,1,0,0,0,,,,England,Romania,fjelstul
M-1970-04,WC-1970,1970,group stage,Group 4,1970-06-02,V-101,Mexico,Peru,Bulgaria,3,2,0,0,,,,Peru,Bulgaria,fjelstul
M-1970-05,WC-1970,1970,group stage,Group 1,1970-06-03,V-102,Mexico,Belgium,El Salvador,3,0,0,0,,,,Belgium,El Salvador,fjelstul
M-1970-06,WC-1970,1970,group stage,Group 2,1970-06-03,V-109,Mexico,Italy,Sweden,1,0,0,0,,,,Italy,Sweden,fjelstul
M-1970-07,WC-1970,1970,group stage,Group 3,1970-06-03,V-097,Mexico,Brazil,Czech Republic,4,1,0,0,,,,Brazil,Czechoslovakia,fjelstul
M-1970-08,WC-1970,1970,group stage,Group 4,1970-06-03,V-101,Mexico,Germany,Morocco,2,1,0,0,,,,West Germany,Morocco,fjelstul
M-1970-09,WC-1970,1970,group stage,Group 1,1970-06-06,V-102,Mexico,Russia,Belgium,4,1,0,0,,,,Soviet Union,Belgium,fjelstul
M-1970-10,WC-1970,1970,group stage,Group 2,1970-06-06,V-107,Mexico,Uruguay,Italy,0,0,0,0,,,,Uruguay,Italy,fjelstul
M-1970-11,WC-1970,1970,group stage,Group 3,1970-06-06,V-097,Mexico,Romania,Czech Republic,2,1,0,0,,,,Romania,Czechoslovakia,fjelstul
M-1970-12,WC-1970,1970,group stage,Group 4,1970-06-06,V-101,Mexico,Peru,Morocco,3,0,0,0,,,,Peru,Morocco,fjelstul
M-1970-13,WC-1970,1970,group stage,Group 1,1970-06-07,V-102,Mexico,Mexico,El Salvador,4,0,0,0,,,,Mexico,El Salvador,fjelstul
M-1970-14,WC-1970,1970,group stage,Group 2,1970-06-07,V-109,Mexico,Sweden,Israel,1,1,0,0,,,,Sweden,Israel,fjelstul
M-1970-15,WC-1970,1970,group stage,Group 3,1970-06-07,V-097,Mexico,Brazil,England,1,0,0,0,,,,Brazil,England,fjelstul
M-1970-16,WC-1970,1970,group stage,Group 4,1970-06-07,V-101,Mexico,Germany,Bulgaria,5,2,0,0,,,,West Germany,Bulgaria,fjelstul
M-1970-17,WC-1970,1970,group stage,Group 1,1970-06-10,V-102,Mexico,Russia,El Salvador,2,0,0,0,,,,Soviet Union,El Salvador,fjelstul
M-1970-18,WC-1970,1970,group stage,Group 2,1970-06-10,V-107,Mexico,Sweden,Uruguay,1,0,0,0,,,,Sweden,Uruguay,fjelstul
M-1970-19,WC-1970,1970,group stage,Group 3,1970-06-10,V-097,Mexico,Brazil,Romania,3,2,0,0,,,,Brazil,Romania,fjelstul
M-1970-20,WC-1970,1970,group stage,Group 4,1970-06-10,V-101,Mexico,Germany,Peru,3,1,0,0,,,,West Germany,Peru,fjelstul
M-1970-21,WC-1970,1970,group stage,Group 1,1970-06-11,V-102,Mexico,Mexico,Belgium,1,0,0,0,,,,Mexico,Belgium,fjelstul
M-1970-22,WC-1970,1970,group stage,Group 2,1970-06-11,V-109,Mexico,Italy,Israel,0,0,0,0,,,,Italy,Israel,fjelstul
M-1970-23,WC-1970,1970,group stage,Group 3,1970-06-11,V-097,Mexico,England,Czech Republic,1,0,0,0,,,,England,Czechoslovakia,fjelstul
M-1970-24,WC-1970,1970,group stage,Group 4,1970-06-11,V-101,Mexico,Bulgaria,Morocco,1,1,0,0,,,,Bulgaria,Morocco,fjelstul
M-1970-25,WC-1970,1970,quarter-finals,,1970-06-14,V-097,Mexico,Brazil,Peru,4,2,0,0,,,,Brazil,Peru,fjelstul
M-1970-26,WC-1970,1970,quarter-finals,,1970-06-14,V-109,Mexico,Italy,Mexico,4,1,0,0,,,,Italy,Mexico,fjelstul
M-1970-27,WC-1970,1970,quarter-finals,,1970-06-14,V-102,Mexico,Russia,Uruguay,0,1,1,0,,,,Soviet Union,Uruguay,fjelstul
M-1970-28,WC-1970,1970,quarter-finals,,1970-06-14,V-101,Mexico,Germany,England,3,2,1,0,,,,West Germany,England,fjelstul
M-1970-29,WC-1970,1970,semi-finals,,1970-06-17,V-097,Mexico,Brazil,Uruguay,3,1,0,0,,,,Brazil,Uruguay,fjelstul
M-1970-30,WC-1970,1970,semi-finals,,1970-06-17,V-102,Mexico,Italy,Germany,4,3,1,0,,,,Italy,West Germany,fjelstul
M-1970-31,WC-1970,1970,third-place match,,1970-06-20,V-102,Mexico,Germany,Uruguay,1,0,0,0,,,,West Germany,Uruguay,fjelstul
M-1970-32,WC-1970,1970,final,,1970-06-21,V-102,Mexico,Brazil,Italy,4,1,0,0,,,,Brazil,Italy,fjelstul
M-1974-01,WC-1974,1974,group stage,Group 2,1974-06-13,V-059,Germany,Brazil,Serbia,0,0,0,0,,,,Brazil,Yugoslavia,fjelstul
M-1974-02,WC-1974,1974,group stage,Group 1,1974-06-14,V-055,Germany,Germany,Chile,1,0,0,0,,,,West Germany,Chile,fjelstul
M-1974-03,WC-1974,1974,group stage,Group 1,1974-06-14,V-062,Germany,Germany,Australia,2,0,0,0,,,,East Germany,Australia,fjelstul
M-1974-04,WC-1974,1974,group stage,Group 2,1974-06-14,V-057,Germany,DR Congo,Scotland,0,2,0,0,,,,Zaire,Scotland,fjelstul
M-1974-05,WC-1974,1974,group stage,Group 3,1974-06-15,V-058,Germany,Sweden,Bulgaria,0,0,0,0,,,,Sweden,Bulgaria,fjelstul
M-1974-06,WC-1974,1974,group stage,Group 3,1974-06-15,V-063,Germany,Uruguay,Netherlands,0,2,0,0,,,,Uruguay,Netherlands,fjelstul
M-1974-07,WC-1974,1974,group stage,Group 4,1974-06-15,V-067,Germany,Italy,Haiti,3,1,0,0,,,,Italy,Haiti,fjelstul
M-1974-08,WC-1974,1974,group stage,Group 4,1974-06-15,V-069,Germany,Poland,Argentina,3,2,0,0,,,,Poland,Argentina,fjelstul
M-1974-09,WC-1974,1974,group stage,Group 1,1974-06-18,V-062,Germany,Australia,Germany,0,3,0,0,,,,Australia,West Germany,fjelstul
M-1974-10,WC-1974,1974,group stage,Group 1,1974-06-18,V-055,Germany,Chile,Germany,1,1,0,0,,,,Chile,East Germany,fjelstul
M-1974-11,WC-1974,1974,group stage,Group 2,1974-06-18,V-059,Germany,Scotland,Brazil,0,0,0,0,,,,Scotland,Brazil,fjelstul
M-1974-12,WC-1974,1974,group stage,Group 2,1974-06-18,V-061,Germany,Serbia,DR Congo,9,0,0,0,,,,Yugoslavia,Zaire,fjelstul
M-1974-13,WC-1974,1974,group stage,Group 3,1974-06-19,V-063,Germany,Bulgaria,Uruguay,1,1,0,0,,,,Bulgaria,Uruguay,fjelstul
M-1974-14,WC-1974,1974,group stage,Group 3,1974-06-19,V-057,Germany,Netherlands,Sweden,0,0,0,0,,,,Netherlands,Sweden,fjelstul
M-1974-15,WC-1974,1974,group stage,Group 4,1974-06-19,V-069,Germany,Argentina,Italy,1,1,0,0,,,,Argentina,Italy,fjelstul
M-1974-16,WC-1974,1974,group stage,Group 4,1974-06-19,V-067,Germany,Haiti,Poland,0,7,0,0,,,,Haiti,Poland,fjelstul
M-1974-17,WC-1974,1974,group stage,Group 1,1974-06-22,V-055,Germany,Australia,Chile,0,0,0,0,,,,Australia,Chile,fjelstul
M-1974-18,WC-1974,1974,group stage,Group 2,1974-06-22,V-059,Germany,Scotland,Serbia,1,1,0,0,,,,Scotland,Yugoslavia,fjelstul
M-1974-19,WC-1974,1974,group stage,Group 2,1974-06-22,V-061,Germany,DR Congo,Brazil,0,3,0,0,,,,Zaire,Brazil,fjelstul
M-1974-20,WC-1974,1974,group stage,Group 1,1974-06-22,V-062,Germany,Germany,Germany,1,0,0,0,,,,East Germany,West Germany,fjelstul
M-1974-21,WC-1974,1974,group stage,Group 3,1974-06-23,V-057,Germany,Bulgaria,Netherlands,1,4,0,0,,,,Bulgaria,Netherlands,fjelstul
M-1974-22,WC-1974,1974,group stage,Group 3,1974-06-23,V-058,Germany,Sweden,Uruguay,3,0,0,0,,,,Sweden,Uruguay,fjelstul
M-1974-23,WC-1974,1974,group stage,Group 4,1974-06-23,V-067,Germany,Argentina,Haiti,4,1,0,0,,,,Argentina,Haiti,fjelstul
M-1974-24,WC-1974,1974,group stage,Group 4,1974-06-23,V-069,Germany,Poland,Italy,2,1,0,0,,,,Poland,Italy,fjelstul
M-1974-25,WC-1974,1974,second group stage,Group B,1974-06-26,V-058,Germany,Serbia,Germany,0,2,0,0,,,,Yugoslavia,West Germany,fjelstul
M-1974-26,WC-1974,1974,second group stage,Group A,1974-06-26,V-063,Germany,Brazil,Germany,1,0,0,0,,,,Brazil,East Germany,fjelstul
M-1974-27,WC-1974,1974,second group stage,Group A,1974-06-26,V-061,Germany,Netherlands,Argentina,4,0,0,0,,,,Netherlands,Argentina,fjelstul
M-1974-28,WC-1974,1974,second group stage,Group B,1974-06-26,V-069,Germany,Sweden,Poland,0,1,0,0,,,,Sweden,Poland,fjelstul
M-1974-29,WC-1974,1974,second group stage,Group A,1974-06-30,V-063,Germany,Argentina,Brazil,1,2,0,0,,,,Argentina,Brazil,fjelstul
M-1974-30,WC-1974,1974,second group stage,Group A,1974-06-30,V-061,Germany,Germany,Netherlands,0,2,0,0,,,,East Germany,Netherlands,fjelstul
M-1974-31,WC-1974,1974,second group stage,Group B,1974-06-30,V-059,Germany,Poland,Serbia,2,1,0,0,,,,Poland,Yugoslavia,fjelstul
M-1974-32,WC-1974,1974,second group stage,Group B,1974-06-30,V-058,Germany,Germany,Sweden,4,2,0,0,,,,West Germany,Sweden,fjelstul
M-1974-33,WC-1974,1974,second group stage,Group B,1974-07-03,V-059,Germany,Poland,Germany,0,1,0,0,,,,Poland,West Germany,fjelstul
M-1974-34,WC-1974,1974,second group stage,Group A,1974-07-03,V-061,Germany,Argentina,Germany,1,1,0,0,,,,Argentina,East Germany,fjelstul
M-1974-35,WC-1974,1974,second group stage,Group A,1974-07-03,V-057,Germany,Netherlands,Brazil,2,0,0,0,,,,Netherlands,Brazil,fjelstul
M-1974-36,WC-1974,1974,second group stage,Group B,1974-07-03,V-058,Germany,Sweden,Serbia,2,1,0,0,,,,Sweden,Yugoslavia,fjelstul
M-1974-37,WC-1974,1974,third-place match,,1974-07-06,V-067,Germany,Brazil,Poland,0,1,0,0,,,,Brazil,Poland,fjelstul
M-1974-38,WC-1974,1974,final,,1974-07-07,V-067,Germany,Netherlands,Germany,1,2,0,0,,,,Netherlands,West Germany,fjelstul
M-1978-01,WC-1978,1978,group stage,Group 2,1978-06-01,V-002,Argentina,Germany,Poland,0,0,0,0,,,,West Germany,Poland,fjelstul
M-1978-02,WC-1978,1978,group stage,Group 1,1978-06-02,V-004,Argentina,Italy,France,2,1,0,0,,,,Italy,France,fjelstul
M-1978-03,WC-1978,1978,group stage,Group 2,1978-06-02,V-006,Argentina,Tunisia,Mexico,3,1,0,0,,,,Tunisia,Mexico,fjelstul
M-1978-04,WC-1978,1978,group stage,Group 1,1978-06-02,V-002,Argentina,Argentina,Hungary,2,1,0,0,,,,Argentina,Hungary,fjelstul
M-1978-05,WC-1978,1978,group stage,Group 3,1978-06-03,V-001,Argentina,Austria,Spain,2,1,0,0,,,,Austria,Spain,fjelstul
M-1978-06,WC-1978,1978,group stage,Group 3,1978-06-03,V-004,Argentina,Brazil,Sweden,1,1,0,0,,,,Brazil,Sweden,fjelstul
M-1978-07,WC-1978,1978,group stage,Group 4,1978-06-03,V-005,Argentina,Netherlands,Iran,3,0,0,0,,,,Netherlands,Iran,fjelstul
M-1978-08,WC-1978,1978,group stage,Group 4,1978-06-03,V-003,Argentina,Peru,Scotland,3,1,0,0,,,,Peru,Scotland,fjelstul
M-1978-09,WC-1978,1978,group stage,Group 1,1978-06-06,V-004,Argentina,Italy,Hungary,3,1,0,0,,,,Italy,Hungary,fjelstul
M-1978-10,WC-1978,1978,group stage,Group 2,1978-06-06,V-006,Argentina,Poland,Tunisia,1,0,0,0,,,,Poland,Tunisia,fjelstul
M-1978-11,WC-1978,1978,group stage,Group 2,1978-06-06,V-003,Argentina,Germany,Mexico,6,0,0,0,,,,West Germany,Mexico,fjelstul
M-1978-12,WC-1978,1978,group stage,Group 1,1978-06-06,V-002,Argentina,Argentina,France,2,1,0,0,,,,Argentina,France,fjelstul
M-1978-13,WC-1978,1978,group stage,Group 3,1978-06-07,V-001,Argentina,Austria,Sweden,1,0,0,0,,,,Austria,Sweden,fjelstul
M-1978-14,WC-1978,1978,group stage,Group 3,1978-06-07,V-004,Argentina,Brazil,Spain,0,0,0,0,,,,Brazil,Spain,fjelstul
M-1978-15,WC-1978,1978,group stage,Group 4,1978-06-07,V-005,Argentina,Netherlands,Peru,0,0,0,0,,,,Netherlands,Peru,fjelstul
M-1978-16,WC-1978,1978,group stage,Group 4,1978-06-07,V-003,Argentina,Scotland,Iran,1,1,0,0,,,,Scotland,Iran,fjelstul
M-1978-17,WC-1978,1978,group stage,Group 1,1978-06-10,V-004,Argentina,France,Hungary,3,1,0,0,,,,France,Hungary,fjelstul
M-1978-18,WC-1978,1978,group stage,Group 2,1978-06-10,V-006,Argentina,Poland,Mexico,3,1,0,0,,,,Poland,Mexico,fjelstul
M-1978-19,WC-1978,1978,group stage,Group 2,1978-06-10,V-003,Argentina,Germany,Tunisia,0,0,0,0,,,,West Germany,Tunisia,fjelstul
M-1978-20,WC-1978,1978,group stage,Group 1,1978-06-10,V-002,Argentina,Argentina,Italy,0,1,0,0,,,,Argentina,Italy,fjelstul
M-1978-21,WC-1978,1978,group stage,Group 3,1978-06-11,V-004,Argentina,Brazil,Austria,1,0,0,0,,,,Brazil,Austria,fjelstul
M-1978-22,WC-1978,1978,group stage,Group 3,1978-06-11,V-001,Argentina,Spain,Sweden,1,0,0,0,,,,Spain,Sweden,fjelstul
M-1978-23,WC-1978,1978,group stage,Group 4,1978-06-11,V-003,Argentina,Peru,Iran,4,1,0,0,,,,Peru,Iran,fjelstul
M-1978-24,WC-1978,1978,group stage,Group 4,1978-06-11,V-005,Argentina,Scotland,Netherlands,3,2,0,0,,,,Scotland,Netherlands,fjelstul
M-1978-25,WC-1978,1978,second group stage,Group A,1978-06-14,V-003,Argentina,Austria,Netherlands,1,5,0,0,,,,Austria,Netherlands,fjelstul
M-1978-26,WC-1978,1978,second group stage,Group A,1978-06-14,V-002,Argentina,Italy,Germany,0,0,0,0,,,,Italy,West Germany,fjelstul
M-1978-27,WC-1978,1978,second group stage,Group B,1978-06-14,V-005,Argentina,Brazil,Peru,3,0,0,0,,,,Brazil,Peru,fjelstul
M-1978-28,WC-1978,1978,second group stage,Group B,1978-06-14,V-006,Argentina,Argentina,Poland,2,0,0,0,,,,Argentina,Poland,fjelstul
M-1978-29,WC-1978,1978,second group stage,Group B,1978-06-18,V-005,Argentina,Peru,Poland,0,1,0,0,,,,Peru,Poland,fjelstul
M-1978-30,WC-1978,1978,second group stage,Group A,1978-06-18,V-002,Argentina,Italy,Austria,1,0,0,0,,,,Italy,Austria,fjelstul
M-1978-31,WC-1978,1978,second group stage,Group A,1978-06-18,V-003,Argentina,Netherlands,Germany,2,2,0,0,,,,Netherlands,West Germany,fjelstul
M-1978-32,WC-1978,1978,second group stage,Group B,1978-06-18,V-006,Argentina,Argentina,Brazil,0,0,0,0,,,,Argentina,Brazil,fjelstul
M-1978-33,WC-1978,1978,second group stage,Group A,1978-06-21,V-003,Argentina,Austria,Germany,3,2,0,0,,,,Austria,West Germany,fjelstul
M-1978-34,WC-1978,1978,second group stage,Group A,1978-06-21,V-002,Argentina,Italy,Netherlands,1,2,0,0,,,,Italy,Netherlands,fjelstul
M-1978-35,WC-1978,1978,second group stage,Group B,1978-06-21,V-005,Argentina,Brazil,Poland,3,1,0,0,,,,Brazil,Poland,fjelstul
M-1978-36,WC-1978,1978,second group stage,Group B,1978-06-21,V-006,Argentina,Argentina,Peru,6,0,0,0,,,,Argentina,Peru,fjelstul
M-1978-37,WC-1978,1978,third-place match,,1978-06-24,V-002,Argentina,Brazil,Italy,2,1,0,0,,,,Brazil,Italy,fjelstul
M-1978-38,WC-1978,1978,final,,1978-06-25,V-002,Argentina,Argentina,Netherlands,3,1,1,0,,,,Argentina,Netherlands,fjelstul
M-1982-01,WC-1982,1982,group stage,Group 3,1982-06-13,V-153,Spain,Argentina,Belgium,0,1,0,0,,,,Argentina,Belgium,fjelstul
M-1982-02,WC-1982,1982,group stage,Group 1,1982-06-14,V-166,Spain,Italy,Poland,0,0,0,0,,,,Italy,Poland,fjelstul
M-1982-03,WC-1982,1982,group stage,Group 6,1982-06-14,V-163,Spain,Brazil,Russia,2,1,0,0,,,,Brazil,Soviet Union,fjelstul
M-1982-04,WC-1982,1982,group stage,Group 1,1982-06-15,V-151,Spain,Peru,Cameroon,0,0,0,0,,,,Peru,Cameroon,fjelstul
M-1982-05,WC-1982,1982,group stage,Group 3,1982-06-15,V-156,Spain,Hungary,El Salvador,10,1,0,0,,,,Hungary,El Salvador,fjelstul
M-1982-06,WC-1982,1982,group stage,Group 6,1982-06-15,V-160,Spain,Scotland,New Zealand,5,2,0,0,,,,Scotland,New Zealand,fjelstul
M-1982-07,WC-1982,1982,group stage,Group 2,1982-06-16,V-157,Spain,Germany,Algeria,1,2,0,0,,,,West Germany,Algeria,fjelstul
M-1982-08,WC-1982,1982,group stage,Group 4,1982-06-16,V-155,Spain,England,France,3,1,0,0,,,,England,France,fjelstul
M-1982-09,WC-1982,1982,group stage,Group 5,1982-06-16,V-164,Spain,Spain,Honduras,1,1,0,0,,,,Spain,Honduras,fjelstul
M-1982-10,WC-1982,1982,group stage,Group 2,1982-06-17,V-161,Spain,Chile,Austria,0,1,0,0,,,,Chile,Austria,fjelstul
M-1982-11,WC-1982,1982,group stage,Group 4,1982-06-17,V-165,Spain,Czech Republic,Kuwait,1,1,0,0,,,,Czechoslovakia,Kuwait,fjelstul
M-1982-12,WC-1982,1982,group stage,Group 5,1982-06-17,V-167,Spain,Serbia,Northern Ireland,0,0,0,0,,,,Yugoslavia,Northern Ireland,fjelstul
M-1982-13,WC-1982,1982,group stage,Group 1,1982-06-18,V-166,Spain,Italy,Peru,1,1,0,0,,,,Italy,Peru,fjelstul
M-1982-14,WC-1982,1982,group stage,Group 3,1982-06-18,V-152,Spain,Argentina,Hungary,4,1,0,0,,,,Argentina,Hungary,fjelstul
M-1982-15,WC-1982,1982,group stage,Group 6,1982-06-18,V-162,Spain,Brazil,Scotland,4,1,0,0,,,,Brazil,Scotland,fjelstul
M-1982-16,WC-1982,1982,group stage,Group 1,1982-06-19,V-151,Spain,Poland,Cameroon,0,0,0,0,,,,Poland,Cameroon,fjelstul
M-1982-17,WC-1982,1982,group stage,Group 3,1982-06-19,V-156,Spain,Belgium,El Salvador,1,0,0,0,,,,Belgium,El Salvador,fjelstul
M-1982-18,WC-1982,1982,group stage,Group 6,1982-06-19,V-160,Spain,Russia,New Zealand,3,0,0,0,,,,Soviet Union,New Zealand,fjelstul
M-1982-19,WC-1982,1982,group stage,Group 2,1982-06-20,V-157,Spain,Germany,Chile,4,1,0,0,,,,West Germany,Chile,fjelstul
M-1982-20,WC-1982,1982,group stage,Group 4,1982-06-20,V-155,Spain,England,Czech Republic,2,0,0,0,,,,England,Czechoslovakia,fjelstul
M-1982-21,WC-1982,1982,group stage,Group 5,1982-06-20,V-164,Spain,Spain,Serbia,2,1,0,0,,,,Spain,Yugoslavia,fjelstul
M-1982-22,WC-1982,1982,group stage,Group 2,1982-06-21,V-161,Spain,Algeria,Austria,0,2,0,0,,,,Algeria,Austria,fjelstul
M-1982-23,WC-1982,1982,group stage,Group 4,1982-06-21,V-165,Spain,France,Kuwait,4,1,0,0,,,,France,Kuwait,fjelstul
M-1982-24,WC-1982,1982,group stage,Group 5,1982-06-21,V-167,Spain,Honduras,Northern Ireland,1,1,0,0,,,,Honduras,Northern Ireland,fjelstul
M-1982-25,WC-1982,1982,group stage,Group 1,1982-06-22,V-151,Spain,Poland,Peru,5,1,0,0,,,,Poland,Peru,fjelstul
M-1982-26,WC-1982,1982,group stage,Group 3,1982-06-22,V-156,Spain,Belgium,Hungary,1,1,0,0,,,,Belgium,Hungary,fjelstul
M-1982-27,WC-1982,1982,group stage,Group 6,1982-06-22,V-160,Spain,Russia,Scotland,2,2,0,0,,,,Soviet Union,Scotland,fjelstul
M-1982-28,WC-1982,1982,group stage,Group 1,1982-06-23,V-166,Spain,Italy,Cameroon,1,1,0,0,,,,Italy,Cameroon,fjelstul
M-1982-29,WC-1982,1982,group stage,Group 3,1982-06-23,V-152,Spain,Argentina,El Salvador,2,0,0,0,,,,Argentina,El Salvador,fjelstul
M-1982-30,WC-1982,1982,group stage,Group 6,1982-06-23,V-162,Spain,Brazil,New Zealand,4,0,0,0,,,,Brazil,New Zealand,fjelstul
M-1982-31,WC-1982,1982,group stage,Group 2,1982-06-24,V-161,Spain,Algeria,Chile,3,2,0,0,,,,Algeria,Chile,fjelstul
M-1982-32,WC-1982,1982,group stage,Group 4,1982-06-24,V-165,Spain,France,Czech Republic,1,1,0,0,,,,France,Czechoslovakia,fjelstul
M-1982-33,WC-1982,1982,group stage,Group 5,1982-06-24,V-167,Spain,Honduras,Serbia,0,1,0,0,,,,Honduras,Yugoslavia,fjelstul
M-1982-34,WC-1982,1982,group stage,Group 2,1982-06-25,V-157,Spain,Germany,Austria,1,0,0,0,,,,West Germany,Austria,fjelstul
M-1982-35,WC-1982,1982,group stage,Group 4,1982-06-25,V-155,Spain,England,Kuwait,1,0,0,0,,,,England,Kuwait,fjelstul
M-1982-36,WC-1982,1982,group stage,Group 5,1982-06-25,V-164,Spain,Spain,Northern Ireland,0,1,0,0,,,,Spain,Northern Ireland,fjelstul
M-1982-37,WC-1982,1982,second group stage,Group 4,1982-06-28,V-159,Spain,Austria,France,0,1,0,0,,,,Austria,France,fjelstul
M-1982-38,WC-1982,1982,second group stage,Group 1,1982-06-28,V-153,Spain,Poland,Belgium,3,0,0,0,,,,Poland,Belgium,fjelstul
M-1982-39,WC-1982,1982,second group stage,Group 3,1982-06-29,V-154,Spain,Italy,Argentina,2,1,0,0,,,,Italy,Argentina,fjelstul
M-1982-40,WC-1982,1982,second group stage,Group 2,1982-06-29,V-158,Spain,Germany,England,0,0,0,0,,,,West Germany,England,fjelstul
M-1982-41,WC-1982,1982,second group stage,Group 4,1982-07-01,V-159,Spain,Austria,Northern Ireland,2,2,0,0,,,,Austria,Northern Ireland,fjelstul
M-1982-42,WC-1982,1982,second group stage,Group 1,1982-07-01,V-153,Spain,Belgium,Russia,0,1,0,0,,,,Belgium,Soviet Union,fjelstul
M-1982-43,WC-1982,1982,second group stage,Group 3,1982-07-02,V-154,Spain,Argentina,Brazil,1,3,0,0,,,,Argentina,Brazil,fjelstul
M-1982-44,WC-1982,1982,second group stage,Group 2,1982-07-02,V-158,Spain,Germany,Spain,2,1,0,0,,,,West Germany,Spain,fjelstul
M-1982-45,WC-1982,1982,second group stage,Group 4,1982-07-04,V-159,Spain,France,Northern Ireland,4,1,0,0,,,,France,Northern Ireland,fjelstul
M-1982-46,WC-1982,1982,second group stage,Group 1,1982-07-04,V-153,Spain,Russia,Poland,0,0,0,0,,,,Soviet Union,Poland,fjelstul
M-1982-47,WC-1982,1982,second group stage,Group 3,1982-07-05,V-154,Spain,Italy,Brazil,3,2,0,0,,,,Italy,Brazil,fjelstul
M-1982-48,WC-1982,1982,second group stage,Group 2,1982-07-05,V-158,Spain,Spain,England,0,0,0,0,,,,Spain,England,fjelstul
M-1982-49,WC-1982,1982,semi-finals,,1982-07-08,V-153,Spain,Poland,Italy,0,2,0,0,,,,Poland,Italy,fjelstul
M-1982-50,WC-1982,1982,semi-finals,,1982-07-08,V-163,Spain,Germany,France,3,3,1,1,5.0,4.0,,West Germany,France,fjelstul
M-1982-51,WC-1982,1982,third-place match,,1982-07-10,V-152,Spain,Poland,France,3,2,0,0,,,,Poland,France,fjelstul
M-1982-52,WC-1982,1982,final,,1982-07-11,V-158,Spain,Italy,Germany,3,1,0,0,,,,Italy,West Germany,fjelstul
M-1986-01,WC-1986,1986,group stage,Group A,1986-05-31,V-102,Mexico,Bulgaria,Italy,1,1,0,0,,,,Bulgaria,Italy,fjelstul
M-1986-02,WC-1986,1986,group stage,Group D,1986-06-01,V-097,Mexico,Spain,Brazil,0,1,0,0,,,,Spain,Brazil,fjelstul
M-1986-03,WC-1986,1986,group stage,Group C,1986-06-01,V-101,Mexico,Canada,France,0,1,0,0,,,,Canada,France,fjelstul
M-1986-04,WC-1986,1986,group stage,Group A,1986-06-02,V-103,Mexico,Argentina,South Korea,3,1,0,0,,,,Argentina,South Korea,fjelstul
M-1986-05,WC-1986,1986,group stage,Group C,1986-06-02,V-100,Mexico,Russia,Hungary,6,0,0,0,,,,Soviet Union,Hungary,fjelstul
M-1986-06,WC-1986,1986,group stage,Group F,1986-06-02,V-105,Mexico,Morocco,Poland,0,0,0,0,,,,Morocco,Poland,fjelstul
M-1986-07,WC-1986,1986,group stage,Group B,1986-06-03,V-102,Mexico,Belgium,Mexico,1,2,0,0,,,,Belgium,Mexico,fjelstul
M-1986-08,WC-1986,1986,group stage,Group D,1986-06-03,V-098,Mexico,Algeria,Northern Ireland,1,1,0,0,,,,Algeria,Northern Ireland,fjelstul
M-1986-09,WC-1986,1986,group stage,Group F,1986-06-03,V-104,Mexico,Portugal,England,1,0,0,0,,,,Portugal,England,fjelstul
M-1986-10,WC-1986,1986,group stage,Group B,1986-06-04,V-109,Mexico,Paraguay,Iraq,1,0,0,0,,,,Paraguay,Iraq,fjelstul
M-1986-11,WC-1986,1986,group stage,Group E,1986-06-04,V-108,Mexico,Uruguay,Germany,1,1,0,0,,,,Uruguay,West Germany,fjelstul
M-1986-12,WC-1986,1986,group stage,Group E,1986-06-04,V-106,Mexico,Scotland,Denmark,0,1,0,0,,,,Scotland,Denmark,fjelstul
M-1986-13,WC-1986,1986,group stage,Group A,1986-06-05,V-107,Mexico,Italy,Argentina,1,1,0,0,,,,Italy,Argentina,fjelstul
M-1986-14,WC-1986,1986,group stage,Group C,1986-06-05,V-101,Mexico,France,Russia,1,1,0,0,,,,France,Soviet Union,fjelstul
M-1986-15,WC-1986,1986,group stage,Group A,1986-06-05,V-103,Mexico,South Korea,Bulgaria,1,1,0,0,,,,South Korea,Bulgaria,fjelstul
M-1986-16,WC-1986,1986,group stage,Group C,1986-06-06,V-100,Mexico,Hungary,Canada,2,0,0,0,,,,Hungary,Canada,fjelstul
M-1986-17,WC-1986,1986,group stage,Group D,1986-06-06,V-097,Mexico,Brazil,Algeria,1,0,0,0,,,,Brazil,Algeria,fjelstul
M-1986-18,WC-1986,1986,group stage,Group F,1986-06-06,V-104,Mexico,England,Morocco,0,0,0,0,,,,England,Morocco,fjelstul
M-1986-19,WC-1986,1986,group stage,Group B,1986-06-07,V-102,Mexico,Mexico,Paraguay,1,1,0,0,,,,Mexico,Paraguay,fjelstul
M-1986-20,WC-1986,1986,group stage,Group D,1986-06-07,V-098,Mexico,Northern Ireland,Spain,1,2,0,0,,,,Northern Ireland,Spain,fjelstul
M-1986-21,WC-1986,1986,group stage,Group F,1986-06-07,V-105,Mexico,Poland,Portugal,1,0,0,0,,,,Poland,Portugal,fjelstul
M-1986-22,WC-1986,1986,group stage,Group B,1986-06-08,V-109,Mexico,Iraq,Belgium,1,2,0,0,,,,Iraq,Belgium,fjelstul
M-1986-23,WC-1986,1986,group stage,Group E,1986-06-08,V-108,Mexico,Germany,Scotland,2,1,0,0,,,,West Germany,Scotland,fjelstul
M-1986-24,WC-1986,1986,group stage,Group E,1986-06-08,V-106,Mexico,Denmark,Uruguay,6,1,0,0,,,,Denmark,Uruguay,fjelstul
M-1986-25,WC-1986,1986,group stage,Group C,1986-06-09,V-101,Mexico,Hungary,France,0,3,0,0,,,,Hungary,France,fjelstul
M-1986-26,WC-1986,1986,group stage,Group C,1986-06-09,V-100,Mexico,Russia,Canada,2,0,0,0,,,,Soviet Union,Canada,fjelstul
M-1986-27,WC-1986,1986,group stage,Group A,1986-06-10,V-103,Mexico,Argentina,Bulgaria,2,0,0,0,,,,Argentina,Bulgaria,fjelstul
M-1986-28,WC-1986,1986,group stage,Group A,1986-06-10,V-107,Mexico,South Korea,Italy,2,3,0,0,,,,South Korea,Italy,fjelstul
M-1986-29,WC-1986,1986,group stage,Group B,1986-06-11,V-102,Mexico,Iraq,Mexico,0,1,0,0,,,,Iraq,Mexico,fjelstul
M-1986-30,WC-1986,1986,group stage,Group B,1986-06-11,V-109,Mexico,Paraguay,Belgium,2,2,0,0,,,,Paraguay,Belgium,fjelstul
M-1986-31,WC-1986,1986,group stage,Group F,1986-06-11,V-105,Mexico,England,Poland,3,0,0,0,,,,England,Poland,fjelstul
M-1986-32,WC-1986,1986,group stage,Group F,1986-06-11,V-098,Mexico,Portugal,Morocco,1,3,0,0,,,,Portugal,Morocco,fjelstul
M-1986-33,WC-1986,1986,group stage,Group D,1986-06-12,V-104,Mexico,Algeria,Spain,0,3,0,0,,,,Algeria,Spain,fjelstul
M-1986-34,WC-1986,1986,group stage,Group D,1986-06-12,V-097,Mexico,Northern Ireland,Brazil,0,3,0,0,,,,Northern Ireland,Brazil,fjelstul
M-1986-35,WC-1986,1986,group stage,Group E,1986-06-13,V-108,Mexico,Denmark,Germany,2,0,0,0,,,,Denmark,West Germany,fjelstul
M-1986-36,WC-1986,1986,group stage,Group E,1986-06-13,V-106,Mexico,Scotland,Uruguay,0,0,0,0,,,,Scotland,Uruguay,fjelstul
M-1986-37,WC-1986,1986,round of 16,,1986-06-15,V-102,Mexico,Mexico,Bulgaria,2,0,0,0,,,,Mexico,Bulgaria,fjelstul
M-1986-38,WC-1986,1986,round of 16,,1986-06-15,V-101,Mexico,Russia,Belgium,3,4,1,0,,,,Soviet Union,Belgium,fjelstul
M-1986-39,WC-1986,1986,round of 16,,1986-06-16,V-097,Mexico,Brazil,Poland,4,0,0,0,,,,Brazil,Poland,fjelstul
M-1986-40,WC-1986,1986,round of 16,,1986-06-16,V-107,Mexico,Argentina,Uruguay,1,0,0,0,,,,Argentina,Uruguay,fjelstul
M-1986-41,WC-1986,1986,round of 16,,1986-06-17,V-103,Mexico,Italy,France,0,2,0,0,,,,Italy,France,fjelstul
M-1986-42,WC-1986,1986,round of 16,,1986-06-17,V-105,Mexico,Morocco,Germany,0,1,0,0,,,,Morocco,West Germany,fjelstul
M-1986-43,WC-1986,1986,round of 16,,1986-06-18,V-102,Mexico,England,Paraguay,3,0,0,0,,,,England,Paraguay,fjelstul
M-1986-44,WC-1986,1986,round of 16,,1986-06-18,V-108,Mexico,Denmark,Spain,1,5,0,0,,,,Denmark,Spain,fjelstul
M-1986-45,WC-1986,1986,quarter-finals,,1986-06-21,V-097,Mexico,Brazil,France,1,1,1,1,3.0,4.0,,Brazil,France,fjelstul
M-1986-46,WC-1986,1986,quarter-finals,,1986-06-21,V-105,Mexico,Germany,Mexico,0,0,1,1,4.0,1.0,,West Germany,Mexico,fjelstul
M-1986-47,WC-1986,1986,quarter-finals,,1986-06-22,V-102,Mexico,Argentina,England,2,1,0,0,,,,Argentina,England,fjelstul
M-1986-48,WC-1986,1986,quarter-finals,,1986-06-22,V-107,Mexico,Spain,Belgium,1,1,1,1,4.0,5.0,,Spain,Belgium,fjelstul
M-1986-49,WC-1986,1986,semi-finals,,1986-06-25,V-097,Mexico,France,Germany,0,2,0,0,,,,France,West Germany,fjelstul
M-1986-50,WC-1986,1986,semi-finals,,1986-06-25,V-102,Mexico,Argentina,Belgium,2,0,0,0,,,,Argentina,Belgium,fjelstul
M-1986-51,WC-1986,1986,third-place match,,1986-06-28,V-107,Mexico,Belgium,France,2,4,1,0,,,,Belgium,France,fjelstul
M-1986-52,WC-1986,1986,final,,1986-06-29,V-102,Mexico,Argentina,Germany,3,2,0,0,,,,Argentina,West Germany,fjelstul
M-1990-01,WC-1990,1990,group stage,Group B,1990-06-08,V-076,Italy,Argentina,Cameroon,0,1,0,0,,,,Argentina,Cameroon,fjelstul
M-1990-02,WC-1990,1990,group stage,Group B,1990-06-09,V-070,Italy,Russia,Romania,0,2,0,0,,,,Soviet Union,Romania,fjelstul
M-1990-03,WC-1990,1990,group stage,Group D,1990-06-09,V-071,Italy,United Arab Emirates,Colombia,0,2,0,0,,,,United Arab Emirates,Colombia,fjelstul
M-1990-04,WC-1990,1990,group stage,Group A,1990-06-09,V-081,Italy,Italy,Austria,1,0,0,0,,,,Italy,Austria,fjelstul
M-1990-05,WC-1990,1990,group stage,Group A,1990-06-10,V-073,Italy,United States,Czech Republic,1,5,0,0,,,,United States,Czechoslovakia,fjelstul
M-1990-06,WC-1990,1990,group stage,Group C,1990-06-10,V-084,Italy,Brazil,Sweden,2,1,0,0,,,,Brazil,Sweden,fjelstul
M-1990-07,WC-1990,1990,group stage,Group D,1990-06-10,V-076,Italy,Germany,Serbia,4,1,0,0,,,,West Germany,Yugoslavia,fjelstul
M-1990-08,WC-1990,1990,group stage,Group C,1990-06-11,V-075,Italy,Costa Rica,Scotland,1,0,0,0,,,,Costa Rica,Scotland,fjelstul
M-1990-09,WC-1990,1990,group stage,Group F,1990-06-11,V-072,Italy,England,Republic of Ireland,1,1,0,0,,,,England,Republic of Ireland,fjelstul
M-1990-10,WC-1990,1990,group stage,Group E,1990-06-12,V-086,Italy,Belgium,South Korea,2,0,0,0,,,,Belgium,South Korea,fjelstul
M-1990-11,WC-1990,1990,group stage,Group F,1990-06-12,V-079,Italy,Netherlands,Egypt,1,1,0,0,,,,Netherlands,Egypt,fjelstul
M-1990-12,WC-1990,1990,group stage,Group E,1990-06-13,V-085,Italy,Uruguay,Spain,0,0,0,0,,,,Uruguay,Spain,fjelstul
M-1990-13,WC-1990,1990,group stage,Group B,1990-06-13,V-078,Italy,Argentina,Russia,2,0,0,0,,,,Argentina,Soviet Union,fjelstul
M-1990-14,WC-1990,1990,group stage,Group B,1990-06-14,V-070,Italy,Cameroon,Romania,2,1,0,0,,,,Cameroon,Romania,fjelstul
M-1990-15,WC-1990,1990,group stage,Group D,1990-06-14,V-071,Italy,Serbia,Colombia,1,0,0,0,,,,Yugoslavia,Colombia,fjelstul
M-1990-16,WC-1990,1990,group stage,Group A,1990-06-14,V-081,Italy,Italy,United States,1,0,0,0,,,,Italy,United States,fjelstul
M-1990-17,WC-1990,1990,group stage,Group A,1990-06-15,V-073,Italy,Austria,Czech Republic,0,1,0,0,,,,Austria,Czechoslovakia,fjelstul
M-1990-18,WC-1990,1990,group stage,Group D,1990-06-15,V-076,Italy,Germany,United Arab Emirates,5,1,0,0,,,,West Germany,United Arab Emirates,fjelstul
M-1990-19,WC-1990,1990,group stage,Group C,1990-06-16,V-084,Italy,Brazil,Costa Rica,1,0,0,0,,,,Brazil,Costa Rica,fjelstul
M-1990-20,WC-1990,1990,group stage,Group C,1990-06-16,V-075,Italy,Sweden,Scotland,1,2,0,0,,,,Sweden,Scotland,fjelstul
M-1990-21,WC-1990,1990,group stage,Group F,1990-06-16,V-072,Italy,England,Netherlands,0,0,0,0,,,,England,Netherlands,fjelstul
M-1990-22,WC-1990,1990,group stage,Group F,1990-06-17,V-079,Italy,Republic of Ireland,Egypt,0,0,0,0,,,,Republic of Ireland,Egypt,fjelstul
M-1990-23,WC-1990,1990,group stage,Group E,1990-06-17,V-086,Italy,Belgium,Uruguay,3,1,0,0,,,,Belgium,Uruguay,fjelstul
M-1990-24,WC-1990,1990,group stage,Group E,1990-06-17,V-085,Italy,South Korea,Spain,1,3,0,0,,,,South Korea,Spain,fjelstul
M-1990-25,WC-1990,1990,group stage,Group B,1990-06-18,V-078,Italy,Argentina,Romania,1,1,0,0,,,,Argentina,Romania,fjelstul
M-1990-26,WC-1990,1990,group stage,Group B,1990-06-18,V-070,Italy,Cameroon,Russia,0,4,0,0,,,,Cameroon,Soviet Union,fjelstul
M-1990-27,WC-1990,1990,group stage,Group D,1990-06-19,V-076,Italy,Germany,Colombia,1,1,0,0,,,,West Germany,Colombia,fjelstul
M-1990-28,WC-1990,1990,group stage,Group D,1990-06-19,V-071,Italy,Serbia,United Arab Emirates,4,1,0,0,,,,Yugoslavia,United Arab Emirates,fjelstul
M-1990-29,WC-1990,1990,group stage,Group A,1990-06-19,V-073,Italy,Austria,United States,2,1,0,0,,,,Austria,United States,fjelstul
M-1990-30,WC-1990,1990,group stage,Group A,1990-06-19,V-081,Italy,Italy,Czech Republic,2,0,0,0,,,,Italy,Czechoslovakia,fjelstul
M-1990-31,WC-1990,1990,group stage,Group C,1990-06-20,V-084,Italy,Brazil,Scotland,1,0,0,0,,,,Brazil,Scotland,fjelstul
M-1990-32,WC-1990,1990,group stage,Group C,1990-06-20,V-075,Italy,Sweden,Costa Rica,1,2,0,0,,,,Sweden,Costa Rica,fjelstul
M-1990-33,WC-1990,1990,group stage,Group E,1990-06-21,V-086,Italy,Belgium,Spain,1,2,0,0,,,,Belgium,Spain,fjelstul
M-1990-34,WC-1990,1990,group stage,Group E,1990-06-21,V-085,Italy,South Korea,Uruguay,0,1,0,0,,,,South Korea,Uruguay,fjelstul
M-1990-35,WC-1990,1990,group stage,Group F,1990-06-21,V-072,Italy,England,Egypt,1,0,0,0,,,,England,Egypt,fjelstul
M-1990-36,WC-1990,1990,group stage,Group F,1990-06-21,V-079,Italy,Republic of Ireland,Netherlands,1,1,0,0,,,,Republic of Ireland,Netherlands,fjelstul
M-1990-37,WC-1990,1990,round of 16,,1990-06-23,V-078,Italy,Cameroon,Colombia,2,1,1,0,,,,Cameroon,Colombia,fjelstul
M-1990-38,WC-1990,1990,round of 16,,1990-06-23,V-070,Italy,Czech Republic,Costa Rica,4,1,0,0,,,,Czechoslovakia,Costa Rica,fjelstul
M-1990-39,WC-1990,1990,round of 16,,1990-06-24,V-084,Italy,Brazil,Argentina,0,1,0,0,,,,Brazil,Argentina,fjelstul
M-1990-40,WC-1990,1990,round of 16,,1990-06-24,V-076,Italy,Germany,Netherlands,2,1,0,0,,,,West Germany,Netherlands,fjelstul
M-1990-41,WC-1990,1990,round of 16,,1990-06-25,V-075,Italy,Republic of Ireland,Romania,0,0,1,1,5.0,4.0,,Republic of Ireland,Romania,fjelstul
M-1990-42,WC-1990,1990,round of 16,,1990-06-25,V-081,Italy,Italy,Uruguay,2,0,0,0,,,,Italy,Uruguay,fjelstul
M-1990-43,WC-1990,1990,round of 16,,1990-06-26,V-086,Italy,Spain,Serbia,1,2,1,0,,,,Spain,Yugoslavia,fjelstul
M-1990-44,WC-1990,1990,round of 16,,1990-06-26,V-071,Italy,England,Belgium,1,0,1,0,,,,England,Belgium,fjelstul
M-1990-45,WC-1990,1990,quarter-finals,,1990-06-30,V-073,Italy,Argentina,Serbia,0,0,1,1,3.0,2.0,,Argentina,Yugoslavia,fjelstul
M-1990-46,WC-1990,1990,quarter-finals,,1990-06-30,V-081,Italy,Republic of Ireland,Italy,0,1,0,0,,,,Republic of Ireland,Italy,fjelstul
M-1990-47,WC-1990,1990,quarter-finals,,1990-07-01,V-076,Italy,Czech Republic,Germany,0,1,0,0,,,,Czechoslovakia,West Germany,fjelstul
M-1990-48,WC-1990,1990,quarter-finals,,1990-07-01,V-078,Italy,Cameroon,England,2,3,1,0,,,,Cameroon,England,fjelstul
M-1990-49,WC-1990,1990,semi-finals,,1990-07-03,V-078,Italy,Argentina,Italy,1,1,1,1,4.0,3.0,,Argentina,Italy,fjelstul
M-1990-50,WC-1990,1990,semi-finals,,1990-07-04,V-084,Italy,Germany,England,1,1,1,1,4.0,3.0,,West Germany,England,fjelstul
M-1990-51,WC-1990,1990,third-place match,,1990-07-07,V-070,Italy,Italy,England,2,1,0,0,,,,Italy,England,fjelstul
M-1990-52,WC-1990,1990,final,,1990-07-08,V-081,Italy,Germany,Argentina,1,0,0,0,,,,West Germany,Argentina,fjelstul
M-1994-01,WC-1994,1994,group stage,Group C,1994-06-17,V-188,United States,Germany,Bolivia,1,0,0,0,,,,Germany,Bolivia,fjelstul
M-1994-02,WC-1994,1994,group stage,Group C,1994-06-17,V-189,United States,Spain,South Korea,2,2,0,0,,,,Spain,South Korea,fjelstul
M-1994-03,WC-1994,1994,group stage,Group A,1994-06-18,V-201,United States,United States,Switzerland,1,1,0,0,,,,United States,Switzerland,fjelstul
M-1994-04,WC-1994,1994,group stage,Group E,1994-06-18,V-190,United States,Italy,Republic of Ireland,0,1,0,0,,,,Italy,Republic of Ireland,fjelstul
M-1994-05,WC-1994,1994,group stage,Group A,1994-06-18,V-199,United States,Colombia,Romania,1,3,0,0,,,,Colombia,Romania,fjelstul
M-1994-06,WC-1994,1994,group stage,Group F,1994-06-19,V-198,United States,Belgium,Morocco,1,0,0,0,,,,Belgium,Morocco,fjelstul
M-1994-07,WC-1994,1994,group stage,Group E,1994-06-19,V-205,United States,Norway,Mexico,1,0,0,0,,,,Norway,Mexico,fjelstul
M-1994-08,WC-1994,1994,group stage,Group B,1994-06-19,V-199,United States,Cameroon,Sweden,2,2,0,0,,,,Cameroon,Sweden,fjelstul
M-1994-09,WC-1994,1994,group stage,Group B,1994-06-20,V-204,United States,Brazil,Russia,2,0,0,0,,,,Brazil,Russia,fjelstul
M-1994-10,WC-1994,1994,group stage,Group F,1994-06-20,V-205,United States,Netherlands,Saudi Arabia,2,1,0,0,,,,Netherlands,Saudi Arabia,fjelstul
M-1994-11,WC-1994,1994,group stage,Group D,1994-06-21,V-192,United States,Argentina,Greece,4,0,0,0,,,,Argentina,Greece,fjelstul
M-1994-12,WC-1994,1994,group stage,Group C,1994-06-21,V-188,United States,Germany,Spain,1,1,0,0,,,,Germany,Spain,fjelstul
M-1994-13,WC-1994,1994,group stage,Group D,1994-06-21,V-189,United States,Nigeria,Bulgaria,3,0,0,0,,,,Nigeria,Bulgaria,fjelstul
M-1994-14,WC-1994,1994,group stage,Group A,1994-06-22,V-201,United States,Romania,Switzerland,1,4,0,0,,,,Romania,Switzerland,fjelstul
M-1994-15,WC-1994,1994,group stage,Group A,1994-06-22,V-199,United States,United States,Colombia,2,1,0,0,,,,United States,Colombia,fjelstul
M-1994-16,WC-1994,1994,group stage,Group E,1994-06-23,V-190,United States,Italy,Norway,1,0,0,0,,,,Italy,Norway,fjelstul
M-1994-17,WC-1994,1994,group stage,Group C,1994-06-23,V-192,United States,South Korea,Bolivia,0,0,0,0,,,,South Korea,Bolivia,fjelstul
M-1994-18,WC-1994,1994,group stage,Group E,1994-06-24,V-198,United States,Mexico,Republic of Ireland,2,1,0,0,,,,Mexico,Republic of Ireland,fjelstul
M-1994-19,WC-1994,1994,group stage,Group B,1994-06-24,V-204,United States,Brazil,Cameroon,3,0,0,0,,,,Brazil,Cameroon,fjelstul
M-1994-20,WC-1994,1994,group stage,Group B,1994-06-24,V-201,United States,Sweden,Russia,3,1,0,0,,,,Sweden,Russia,fjelstul
M-1994-21,WC-1994,1994,group stage,Group F,1994-06-25,V-198,United States,Belgium,Netherlands,1,0,0,0,,,,Belgium,Netherlands,fjelstul
M-1994-22,WC-1994,1994,group stage,Group F,1994-06-25,V-190,United States,Saudi Arabia,Morocco,2,1,0,0,,,,Saudi Arabia,Morocco,fjelstul
M-1994-23,WC-1994,1994,group stage,Group D,1994-06-25,V-192,United States,Argentina,Nigeria,2,1,0,0,,,,Argentina,Nigeria,fjelstul
M-1994-24,WC-1994,1994,group stage,Group D,1994-06-26,V-188,United States,Bulgaria,Greece,4,0,0,0,,,,Bulgaria,Greece,fjelstul
M-1994-25,WC-1994,1994,group stage,Group A,1994-06-26,V-204,United States,Switzerland,Colombia,0,2,0,0,,,,Switzerland,Colombia,fjelstul
M-1994-26,WC-1994,1994,group stage,Group A,1994-06-26,V-199,United States,United States,Romania,0,1,0,0,,,,United States,Romania,fjelstul
M-1994-27,WC-1994,1994,group stage,Group C,1994-06-27,V-188,United States,Bolivia,Spain,1,3,0,0,,,,Bolivia,Spain,fjelstul
M-1994-28,WC-1994,1994,group stage,Group C,1994-06-27,V-189,United States,Germany,South Korea,3,2,0,0,,,,Germany,South Korea,fjelstul
M-1994-29,WC-1994,1994,group stage,Group E,1994-06-28,V-205,United States,Italy,Mexico,1,1,0,0,,,,Italy,Mexico,fjelstul
M-1994-30,WC-1994,1994,group stage,Group E,1994-06-28,V-190,United States,Republic of Ireland,Norway,0,0,0,0,,,,Republic of Ireland,Norway,fjelstul
M-1994-31,WC-1994,1994,group stage,Group B,1994-06-28,V-204,United States,Russia,Cameroon,6,1,0,0,,,,Russia,Cameroon,fjelstul
M-1994-32,WC-1994,1994,group stage,Group B,1994-06-28,V-201,United States,Brazil,Sweden,1,1,0,0,,,,Brazil,Sweden,fjelstul
M-1994-33,WC-1994,1994,group stage,Group F,1994-06-29,V-205,United States,Belgium,Saudi Arabia,0,1,0,0,,,,Belgium,Saudi Arabia,fjelstul
M-1994-34,WC-1994,1994,group stage,Group F,1994-06-29,V-198,United States,Morocco,Netherlands,1,2,0,0,,,,Morocco,Netherlands,fjelstul
M-1994-35,WC-1994,1994,group stage,Group D,1994-06-30,V-189,United States,Argentina,Bulgaria,0,2,0,0,,,,Argentina,Bulgaria,fjelstul
M-1994-36,WC-1994,1994,group stage,Group D,1994-06-30,V-192,United States,Greece,Nigeria,0,2,0,0,,,,Greece,Nigeria,fjelstul
M-1994-37,WC-1994,1994,round of 16,,1994-07-02,V-188,United States,Germany,Belgium,3,2,0,0,,,,Germany,Belgium,fjelstul
M-1994-38,WC-1994,1994,round of 16,,1994-07-02,V-205,United States,Spain,Switzerland,3,0,0,0,,,,Spain,Switzerland,fjelstul
M-1994-39,WC-1994,1994,round of 16,,1994-07-03,V-189,United States,Saudi Arabia,Sweden,1,3,0,0,,,,Saudi Arabia,Sweden,fjelstul
M-1994-40,WC-1994,1994,round of 16,,1994-07-03,V-199,United States,Romania,Argentina,3,2,0,0,,,,Romania,Argentina,fjelstul
M-1994-41,WC-1994,1994,round of 16,,1994-07-04,V-198,United States,Netherlands,Republic of Ireland,2,0,0,0,,,,Netherlands,Republic of Ireland,fjelstul
M-1994-42,WC-1994,1994,round of 16,,1994-07-04,V-204,United States,Brazil,United States,1,0,0,0,,,,Brazil,United States,fjelstul
M-1994-43,WC-1994,1994,round of 16,,1994-07-05,V-192,United States,Nigeria,Italy,1,2,1,0,,,,Nigeria,Italy,fjelstul
M-1994-44,WC-1994,1994,round of 16,,1994-07-05,V-190,United States,Mexico,Bulgaria,1,1,1,1,1.0,3.0,,Mexico,Bulgaria,fjelstul
M-1994-45,WC-1994,1994,quarter-finals,,1994-07-09,V-192,United States,Italy,Spain,2,1,0,0,,,,Italy,Spain,fjelstul
M-1994-46,WC-1994,1994,quarter-finals,,1994-07-09,V-189,United States,Netherlands,Brazil,2,3,0,0,,,,Netherlands,Brazil,fjelstul
M-1994-47,WC-1994,1994,quarter-finals,,1994-07-10,V-190,United States,Bulgaria,Germany,2,1,0,0,,,,Bulgaria,Germany,fjelstul
M-1994-48,WC-1994,1994,quarter-finals,,1994-07-10,V-204,United States,Romania,Sweden,2,2,1,1,4.0,5.0,,Romania,Sweden,fjelstul
M-1994-49,WC-1994,1994,semi-finals,,1994-07-13,V-190,United States,Bulgaria,Italy,1,2,0,0,,,,Bulgaria,Italy,fjelstul
M-1994-50,WC-1994,1994,semi-finals,,1994-07-13,V-199,United States,Sweden,Brazil,0,1,0,0,,,,Sweden,Brazil,fjelstul
M-1994-51,WC-1994,1994,third-place match,,1994-07-16,V-199,United States,Sweden,Bulgaria,4,0,0,0,,,,Sweden,Bulgaria,fjelstul
M-1994-52,WC-1994,1994,final,,1994-07-17,V-199,United States,Brazil,Italy,0,0,1,1,3.0,2.0,,Brazil,Italy,fjelstul
M-1998-01,WC-1998,1998,group stage,Group A,1998-06-10,V-050,France,Brazil,Scotland,2,1,0,0,,,,Brazil,Scotland,fjelstul
M-1998-02,WC-1998,1998,group stage,Group A,1998-06-10,V-045,France,Morocco,Norway,2,2,0,0,,,,Morocco,Norway,fjelstul
M-1998-03,WC-1998,1998,group stage,Group B,1998-06-11,V-039,France,Italy,Chile,2,2,0,0,,,,Italy,Chile,fjelstul
M-1998-04,WC-1998,1998,group stage,Group B,1998-06-11,V-053,France,Cameroon,Austria,1,1,0,0,,,,Cameroon,Austria,fjelstul
M-1998-05,WC-1998,1998,group stage,Group D,1998-06-12,V-045,France,Paraguay,Bulgaria,0,0,0,0,,,,Paraguay,Bulgaria,fjelstul
M-1998-06,WC-1998,1998,group stage,Group C,1998-06-12,V-041,France,Saudi Arabia,Denmark,0,1,0,0,,,,Saudi Arabia,Denmark,fjelstul
M-1998-07,WC-1998,1998,group stage,Group C,1998-06-12,V-044,France,France,South Africa,3,0,0,0,,,,France,South Africa,fjelstul
M-1998-08,WC-1998,1998,group stage,Group D,1998-06-13,V-046,France,Spain,Nigeria,2,3,0,0,,,,Spain,Nigeria,fjelstul
M-1998-09,WC-1998,1998,group stage,Group E,1998-06-13,V-043,France,South Korea,Mexico,1,3,0,0,,,,South Korea,Mexico,fjelstul
M-1998-10,WC-1998,1998,group stage,Group E,1998-06-13,V-050,France,Netherlands,Belgium,0,0,0,0,,,,Netherlands,Belgium,fjelstul
M-1998-11,WC-1998,1998,group stage,Group H,1998-06-14,V-053,France,Argentina,Japan,1,0,0,0,,,,Argentina,Japan,fjelstul
M-1998-12,WC-1998,1998,group stage,Group F,1998-06-14,V-051,France,Serbia,Iran,1,0,0,0,,,,Yugoslavia,Iran,fjelstul
M-1998-13,WC-1998,1998,group stage,Group H,1998-06-14,V-041,France,Jamaica,Croatia,1,3,0,0,,,,Jamaica,Croatia,fjelstul
M-1998-14,WC-1998,1998,group stage,Group G,1998-06-15,V-044,France,England,Tunisia,2,0,0,0,,,,England,Tunisia,fjelstul
M-1998-15,WC-1998,1998,group stage,Group G,1998-06-15,V-043,France,Romania,Colombia,1,0,0,0,,,,Romania,Colombia,fjelstul
M-1998-16,WC-1998,1998,group stage,Group F,1998-06-15,V-047,France,Germany,United States,2,0,0,0,,,,Germany,United States,fjelstul
M-1998-17,WC-1998,1998,group stage,Group A,1998-06-16,V-039,France,Scotland,Norway,1,1,0,0,,,,Scotland,Norway,fjelstul
M-1998-18,WC-1998,1998,group stage,Group A,1998-06-16,V-046,France,Brazil,Morocco,3,0,0,0,,,,Brazil,Morocco,fjelstul
M-1998-19,WC-1998,1998,group stage,Group B,1998-06-17,V-051,France,Chile,Austria,1,1,0,0,,,,Chile,Austria,fjelstul
M-1998-20,WC-1998,1998,group stage,Group B,1998-06-17,V-045,France,Italy,Cameroon,3,0,0,0,,,,Italy,Cameroon,fjelstul
M-1998-21,WC-1998,1998,group stage,Group C,1998-06-18,V-053,France,South Africa,Denmark,1,1,0,0,,,,South Africa,Denmark,fjelstul
M-1998-22,WC-1998,1998,group stage,Group C,1998-06-18,V-050,France,France,Saudi Arabia,4,0,0,0,,,,France,Saudi Arabia,fjelstul
M-1998-23,WC-1998,1998,group stage,Group D,1998-06-19,V-047,France,Nigeria,Bulgaria,1,0,0,0,,,,Nigeria,Bulgaria,fjelstul
M-1998-24,WC-1998,1998,group stage,Group D,1998-06-19,V-051,France,Spain,Paraguay,0,0,0,0,,,,Spain,Paraguay,fjelstul
M-1998-25,WC-1998,1998,group stage,Group H,1998-06-20,V-046,France,Japan,Croatia,0,1,0,0,,,,Japan,Croatia,fjelstul
M-1998-26,WC-1998,1998,group stage,Group E,1998-06-20,V-039,France,Belgium,Mexico,2,2,0,0,,,,Belgium,Mexico,fjelstul
M-1998-27,WC-1998,1998,group stage,Group E,1998-06-20,V-044,France,Netherlands,South Korea,5,0,0,0,,,,Netherlands,South Korea,fjelstul
M-1998-28,WC-1998,1998,group stage,Group F,1998-06-21,V-041,France,Germany,Serbia,2,2,0,0,,,,Germany,Yugoslavia,fjelstul
M-1998-29,WC-1998,1998,group stage,Group H,1998-06-21,V-047,France,Argentina,Jamaica,5,0,0,0,,,,Argentina,Jamaica,fjelstul
M-1998-30,WC-1998,1998,group stage,Group F,1998-06-21,V-043,France,United States,Iran,1,2,0,0,,,,United States,Iran,fjelstul
M-1998-31,WC-1998,1998,group stage,Group G,1998-06-22,V-045,France,Colombia,Tunisia,1,0,0,0,,,,Colombia,Tunisia,fjelstul
M-1998-32,WC-1998,1998,group stage,Group G,1998-06-22,V-053,France,Romania,England,2,1,0,0,,,,Romania,England,fjelstul
M-1998-33,WC-1998,1998,group stage,Group B,1998-06-23,V-046,France,Chile,Cameroon,1,1,0,0,,,,Chile,Cameroon,fjelstul
M-1998-34,WC-1998,1998,group stage,Group B,1998-06-23,V-050,France,Italy,Austria,2,1,0,0,,,,Italy,Austria,fjelstul
M-1998-35,WC-1998,1998,group stage,Group A,1998-06-23,V-044,France,Brazil,Norway,1,2,0,0,,,,Brazil,Norway,fjelstul
M-1998-36,WC-1998,1998,group stage,Group A,1998-06-23,V-051,France,Scotland,Morocco,0,3,0,0,,,,Scotland,Morocco,fjelstul
M-1998-37,WC-1998,1998,group stage,Group C,1998-06-24,V-043,France,France,Denmark,2,1,0,0,,,,France,Denmark,fjelstul
M-1998-38,WC-1998,1998,group stage,Group C,1998-06-24,V-039,France,South Africa,Saudi Arabia,2,2,0,0,,,,South Africa,Saudi Arabia,fjelstul
M-1998-39,WC-1998,1998,group stage,Group D,1998-06-24,V-053,France,Nigeria,Paraguay,1,3,0,0,,,,Nigeria,Paraguay,fjelstul
M-1998-40,WC-1998,1998,group stage,Group D,1998-06-24,V-041,France,Spain,Bulgaria,6,1,0,0,,,,Spain,Bulgaria,fjelstul
M-1998-41,WC-1998,1998,group stage,Group E,1998-06-25,V-047,France,Belgium,South Korea,1,1,0,0,,,,Belgium,South Korea,fjelstul
M-1998-42,WC-1998,1998,group stage,Group E,1998-06-25,V-051,France,Netherlands,Mexico,2,2,0,0,,,,Netherlands,Mexico,fjelstul
M-1998-43,WC-1998,1998,group stage,Group F,1998-06-25,V-045,France,Germany,Iran,2,0,0,0,,,,Germany,Iran,fjelstul
M-1998-44,WC-1998,1998,group stage,Group F,1998-06-25,V-046,France,United States,Serbia,0,1,0,0,,,,United States,Yugoslavia,fjelstul
M-1998-45,WC-1998,1998,group stage,Group H,1998-06-26,V-039,France,Argentina,Croatia,1,0,0,0,,,,Argentina,Croatia,fjelstul
M-1998-46,WC-1998,1998,group stage,Group H,1998-06-26,V-043,France,Japan,Jamaica,1,2,0,0,,,,Japan,Jamaica,fjelstul
M-1998-47,WC-1998,1998,group stage,Group G,1998-06-26,V-041,France,Colombia,England,0,2,0,0,,,,Colombia,England,fjelstul
M-1998-48,WC-1998,1998,group stage,Group G,1998-06-26,V-050,France,Romania,Tunisia,1,1,0,0,,,,Romania,Tunisia,fjelstul
M-1998-49,WC-1998,1998,round of 16,,1998-06-27,V-044,France,Italy,Norway,1,0,0,0,,,,Italy,Norway,fjelstul
M-1998-50,WC-1998,1998,round of 16,,1998-06-27,V-047,France,Brazil,Chile,4,1,0,0,,,,Brazil,Chile,fjelstul
M-1998-51,WC-1998,1998,round of 16,,1998-06-28,V-041,France,France,Paraguay,1,0,1,0,,,,France,Paraguay,fjelstul
M-1998-52,WC-1998,1998,round of 16,,1998-06-28,V-050,France,Nigeria,Denmark,1,4,0,0,,,,Nigeria,Denmark,fjelstul
M-1998-53,WC-1998,1998,round of 16,,1998-06-29,V-045,France,Germany,Mexico,2,1,0,0,,,,Germany,Mexico,fjelstul
M-1998-54,WC-1998,1998,round of 16,,1998-06-29,V-053,France,Netherlands,Serbia,2,1,0,0,,,,Netherlands,Yugoslavia,fjelstul
M-1998-55,WC-1998,1998,round of 16,,1998-06-30,V-039,France,Romania,Croatia,0,1,0,0,,,,Romania,Croatia,fjelstul
M-1998-56,WC-1998,1998,round of 16,,1998-06-30,V-051,France,Argentina,England,2,2,1,1,4.0,3.0,,Argentina,England,fjelstul
M-1998-57,WC-1998,1998,quarter-finals,,1998-07-03,V-050,France,Italy,France,0,0,1,1,3.0,4.0,,Italy,France,fjelstul
M-1998-58,WC-1998,1998,quarter-finals,,1998-07-03,V-046,France,Brazil,Denmark,3,2,0,0,,,,Brazil,Denmark,fjelstul
M-1998-59,WC-1998,1998,quarter-finals,,1998-07-04,V-044,France,Netherlands,Argentina,2,1,0,0,,,,Netherlands,Argentina,fjelstul
M-1998-60,WC-1998,1998,quarter-finals,,1998-07-04,V-043,France,Germany,Croatia,0,3,0,0,,,,Germany,Croatia,fjelstul
M-1998-61,WC-1998,1998,semi-finals,,1998-07-07,V-044,France,Brazil,Netherlands,1,1,1,1,4.0,2.0,,Brazil,Netherlands,fjelstul
M-1998-62,WC-1998,1998,semi-finals,,1998-07-08,V-050,France,France,Croatia,2,1,0,0,,,,France,Croatia,fjelstul
M-1998-63,WC-1998,1998,third-place match,,1998-07-11,V-047,France,Netherlands,Croatia,1,2,0,0,,,,Netherlands,Croatia,fjelstul
M-1998-64,WC-1998,1998,final,,1998-07-12,V-050,France,Brazil,France,0,3,0,0,,,,Brazil,France,fjelstul
M-2002-01,WC-2002,2002,group stage,Group A,2002-05-31,V-148,South Korea,France,Senegal,0,1,0,0,,,,France,Senegal,fjelstul
M-2002-02,WC-2002,2002,group stage,Group E,2002-06-01,V-090,Japan,Republic of Ireland,Cameroon,1,1,0,0,,,,Republic of Ireland,Cameroon,fjelstul
M-2002-03,WC-2002,2002,group stage,Group A,2002-06-01,V-150,South Korea,Uruguay,Denmark,1,2,0,0,,,,Uruguay,Denmark,fjelstul
M-2002-04,WC-2002,2002,group stage,Group E,2002-06-01,V-093,Japan,Germany,Saudi Arabia,8,0,0,0,,,,Germany,Saudi Arabia,fjelstul
M-2002-05,WC-2002,2002,group stage,Group F,2002-06-02,V-087,Japan,Argentina,Nigeria,1,0,0,0,,,,Argentina,Nigeria,fjelstul
M-2002-06,WC-2002,2002,group stage,Group B,2002-06-02,V-141,South Korea,Paraguay,South Africa,2,2,0,0,,,,Paraguay,South Africa,fjelstul
M-2002-07,WC-2002,2002,group stage,Group F,2002-06-02,V-092,Japan,England,Sweden,1,1,0,0,,,,England,Sweden,fjelstul
M-2002-08,WC-2002,2002,group stage,Group B,2002-06-02,V-144,South Korea,Spain,Slovenia,3,1,0,0,,,,Spain,Slovenia,fjelstul
M-2002-09,WC-2002,2002,group stage,Group G,2002-06-03,V-090,Japan,Croatia,Mexico,0,1,0,0,,,,Croatia,Mexico,fjelstul
M-2002-10,WC-2002,2002,group stage,Group C,2002-06-03,V-150,South Korea,Brazil,Turkey,2,1,0,0,,,,Brazil,Turkey,fjelstul
M-2002-11,WC-2002,2002,group stage,Group G,2002-06-03,V-093,Japan,Italy,Ecuador,2,0,0,0,,,,Italy,Ecuador,fjelstul
M-2002-12,WC-2002,2002,group stage,Group C,2002-06-04,V-144,South Korea,China,Costa Rica,0,2,0,0,,,,China,Costa Rica,fjelstul
M-2002-13,WC-2002,2002,group stage,Group H,2002-06-04,V-092,Japan,Japan,Belgium,2,2,0,0,,,,Japan,Belgium,fjelstul
M-2002-14,WC-2002,2002,group stage,Group D,2002-06-04,V-141,South Korea,South Korea,Poland,2,0,0,0,,,,South Korea,Poland,fjelstul
M-2002-15,WC-2002,2002,group stage,Group H,2002-06-05,V-088,Japan,Russia,Tunisia,2,0,0,0,,,,Russia,Tunisia,fjelstul
M-2002-16,WC-2002,2002,group stage,Group D,2002-06-05,V-149,South Korea,United States,Portugal,3,2,0,0,,,,United States,Portugal,fjelstul
M-2002-17,WC-2002,2002,group stage,Group E,2002-06-05,V-087,Japan,Germany,Republic of Ireland,1,1,0,0,,,,Germany,Republic of Ireland,fjelstul
M-2002-18,WC-2002,2002,group stage,Group A,2002-06-06,V-142,South Korea,Denmark,Senegal,1,1,0,0,,,,Denmark,Senegal,fjelstul
M-2002-19,WC-2002,2002,group stage,Group E,2002-06-06,V-092,Japan,Cameroon,Saudi Arabia,1,0,0,0,,,,Cameroon,Saudi Arabia,fjelstul
M-2002-20,WC-2002,2002,group stage,Group A,2002-06-06,V-141,South Korea,France,Uruguay,0,0,0,0,,,,France,Uruguay,fjelstul
M-2002-21,WC-2002,2002,group stage,Group F,2002-06-07,V-088,Japan,Sweden,Nigeria,2,1,0,0,,,,Sweden,Nigeria,fjelstul
M-2002-22,WC-2002,2002,group stage,Group B,2002-06-07,V-146,South Korea,Spain,Paraguay,3,1,0,0,,,,Spain,Paraguay,fjelstul
M-2002-23,WC-2002,2002,group stage,Group F,2002-06-07,V-093,Japan,Argentina,England,0,1,0,0,,,,Argentina,England,fjelstul
M-2002-24,WC-2002,2002,group stage,Group B,2002-06-08,V-142,South Korea,South Africa,Slovenia,1,0,0,0,,,,South Africa,Slovenia,fjelstul
M-2002-25,WC-2002,2002,group stage,Group G,2002-06-08,V-087,Japan,Italy,Croatia,1,2,0,0,,,,Italy,Croatia,fjelstul
M-2002-26,WC-2002,2002,group stage,Group C,2002-06-08,V-147,South Korea,Brazil,China,4,0,0,0,,,,Brazil,China,fjelstul
M-2002-27,WC-2002,2002,group stage,Group G,2002-06-09,V-089,Japan,Mexico,Ecuador,2,1,0,0,,,,Mexico,Ecuador,fjelstul
M-2002-28,WC-2002,2002,group stage,Group C,2002-06-09,V-145,South Korea,Costa Rica,Turkey,1,1,0,0,,,,Costa Rica,Turkey,fjelstul
M-2002-29,WC-2002,2002,group stage,Group H,2002-06-09,V-095,Japan,Japan,Russia,1,0,0,0,,,,Japan,Russia,fjelstul
M-2002-30,WC-2002,2002,group stage,Group D,2002-06-10,V-142,South Korea,South Korea,United States,1,1,0,0,,,,South Korea,United States,fjelstul
M-2002-31,WC-2002,2002,group stage,Group H,2002-06-10,V-096,Japan,Tunisia,Belgium,1,1,0,0,,,,Tunisia,Belgium,fjelstul
M-2002-32,WC-2002,2002,group stage,Group D,2002-06-10,V-146,South Korea,Portugal,Poland,4,0,0,0,,,,Portugal,Poland,fjelstul
M-2002-33,WC-2002,2002,group stage,Group A,2002-06-11,V-145,South Korea,Denmark,France,2,0,0,0,,,,Denmark,France,fjelstul
M-2002-34,WC-2002,2002,group stage,Group A,2002-06-11,V-149,South Korea,Senegal,Uruguay,3,3,0,0,,,,Senegal,Uruguay,fjelstul
M-2002-35,WC-2002,2002,group stage,Group E,2002-06-11,V-094,Japan,Cameroon,Germany,0,2,0,0,,,,Cameroon,Germany,fjelstul
M-2002-36,WC-2002,2002,group stage,Group E,2002-06-11,V-095,Japan,Saudi Arabia,Republic of Ireland,0,3,0,0,,,,Saudi Arabia,Republic of Ireland,fjelstul
M-2002-37,WC-2002,2002,group stage,Group F,2002-06-12,V-091,Japan,Nigeria,England,0,0,0,0,,,,Nigeria,England,fjelstul
M-2002-38,WC-2002,2002,group stage,Group F,2002-06-12,V-089,Japan,Sweden,Argentina,1,1,0,0,,,,Sweden,Argentina,fjelstul
M-2002-39,WC-2002,2002,group stage,Group B,2002-06-12,V-147,South Korea,Slovenia,Paraguay,1,3,0,0,,,,Slovenia,Paraguay,fjelstul
M-2002-40,WC-2002,2002,group stage,Group B,2002-06-12,V-143,South Korea,South Africa,Spain,2,3,0,0,,,,South Africa,Spain,fjelstul
M-2002-41,WC-2002,2002,group stage,Group C,2002-06-13,V-149,South Korea,Costa Rica,Brazil,2,5,0,0,,,,Costa Rica,Brazil,fjelstul
M-2002-42,WC-2002,2002,group stage,Group C,2002-06-13,V-148,South Korea,Turkey,China,3,0,0,0,,,,Turkey,China,fjelstul
M-2002-43,WC-2002,2002,group stage,Group G,2002-06-13,V-095,Japan,Ecuador,Croatia,1,0,0,0,,,,Ecuador,Croatia,fjelstul
M-2002-44,WC-2002,2002,group stage,Group G,2002-06-13,V-096,Japan,Mexico,Italy,1,1,0,0,,,,Mexico,Italy,fjelstul
M-2002-45,WC-2002,2002,group stage,Group H,2002-06-14,V-094,Japan,Belgium,Russia,3,2,0,0,,,,Belgium,Russia,fjelstul
M-2002-46,WC-2002,2002,group stage,Group H,2002-06-14,V-091,Japan,Tunisia,Japan,0,2,0,0,,,,Tunisia,Japan,fjelstul
M-2002-47,WC-2002,2002,group stage,Group D,2002-06-14,V-143,South Korea,Poland,United States,3,1,0,0,,,,Poland,United States,fjelstul
M-2002-48,WC-2002,2002,group stage,Group D,2002-06-14,V-145,South Korea,Portugal,South Korea,0,1,0,0,,,,Portugal,South Korea,fjelstul
M-2002-49,WC-2002,2002,round of 16,,2002-06-15,V-147,South Korea,Germany,Paraguay,1,0,0,0,,,,Germany,Paraguay,fjelstul
M-2002-50,WC-2002,2002,round of 16,,2002-06-15,V-090,Japan,Denmark,England,0,3,0,0,,,,Denmark,England,fjelstul
M-2002-51,WC-2002,2002,round of 16,,2002-06-16,V-096,Japan,Sweden,Senegal,1,2,1,0,,,,Sweden,Senegal,fjelstul
M-2002-52,WC-2002,2002,round of 16,,2002-06-16,V-149,South Korea,Spain,Republic of Ireland,1,1,1,1,3.0,2.0,,Spain,Republic of Ireland,fjelstul
M-2002-53,WC-2002,2002,round of 16,,2002-06-17,V-146,South Korea,Mexico,United States,0,2,0,0,,,,Mexico,United States,fjelstul
M-2002-54,WC-2002,2002,round of 16,,2002-06-17,V-088,Japan,Brazil,Belgium,2,0,0,0,,,,Brazil,Belgium,fjelstul
M-2002-55,WC-2002,2002,round of 16,,2002-06-18,V-089,Japan,Japan,Turkey,0,1,0,0,,,,Japan,Turkey,fjelstul
M-2002-56,WC-2002,2002,round of 16,,2002-06-18,V-143,South Korea,South Korea,Italy,2,1,1,0,,,,South Korea,Italy,fjelstul
M-2002-57,WC-2002,2002,quarter-finals,,2002-06-21,V-094,Japan,England,Brazil,1,2,0,0,,,,England,Brazil,fjelstul
M-2002-58,WC-2002,2002,quarter-finals,,2002-06-21,V-150,South Korea,Germany,United States,1,0,0,0,,,,Germany,United States,fjelstul
M-2002-59,WC-2002,2002,quarter-finals,,2002-06-22,V-144,South Korea,Spain,South Korea,0,0,1,1,3.0,5.0,,Spain,South Korea,fjelstul
M-2002-60,WC-2002,2002,quarter-finals,,2002-06-22,V-091,Japan,Senegal,Turkey,0,1,1,0,,,,Senegal,Turkey,fjelstul
M-2002-61,WC-2002,2002,semi-finals,,2002-06-25,V-148,South Korea,Germany,South Korea,1,0,0,0,,,,Germany,South Korea,fjelstul
M-2002-62,WC-2002,2002,semi-finals,,2002-06-26,V-092,Japan,Brazil,Turkey,1,0,0,0,,,,Brazil,Turkey,fjelstul
M-2002-63,WC-2002,2002,third-place match,,2002-06-29,V-142,South Korea,South Korea,Turkey,2,3,0,0,,,,South Korea,Turkey,fjelstul
M-2002-64,WC-2002,2002,final,,2002-06-30,V-095,Japan,Germany,Brazil,0,2,0,0,,,,Germany,Brazil,fjelstul
M-2006-01,WC-2006,2006,group stage,Group A,2006-06-09,V-066,Germany,Germany,Costa Rica,4,2,0,0,,,,Germany,Costa Rica,fjelstul
M-2006-02,WC-2006,2006,group stage,Group A,2006-06-09,V-060,Germany,Poland,Ecuador,0,2,0,0,,,,Poland,Ecuador,fjelstul
M-2006-03,WC-2006,2006,group stage,Group B,2006-06-10,V-059,Germany,England,Paraguay,1,0,0,0,,,,England,Paraguay,fjelstul
M-2006-04,WC-2006,2006,group stage,Group B,2006-06-10,V-057,Germany,Trinidad and Tobago,Sweden,0,0,0,0,,,,Trinidad and Tobago,Sweden,fjelstul
M-2006-05,WC-2006,2006,group stage,Group C,2006-06-10,V-062,Germany,Argentina,Ivory Coast,2,1,0,0,,,,Argentina,Ivory Coast,fjelstul
M-2006-06,WC-2006,2006,group stage,Group C,2006-06-11,V-065,Germany,Serbia,Netherlands,0,1,0,0,,,,Serbia and Montenegro,Netherlands,fjelstul
M-2006-07,WC-2006,2006,group stage,Group D,2006-06-11,V-068,Germany,Mexico,Iran,3,1,0,0,,,,Mexico,Iran,fjelstul
M-2006-08,WC-2006,2006,group stage,Group D,2006-06-11,V-056,Germany,Angola,Portugal,0,1,0,0,,,,Angola,Portugal,fjelstul
M-2006-09,WC-2006,2006,group stage,Group F,2006-06-12,V-064,Germany,Australia,Japan,3,1,0,0,,,,Australia,Japan,fjelstul
M-2006-10,WC-2006,2006,group stage,Group E,2006-06-12,V-060,Germany,United States,Czech Republic,0,3,0,0,,,,United States,Czech Republic,fjelstul
M-2006-11,WC-2006,2006,group stage,Group E,2006-06-12,V-063,Germany,Italy,Ghana,2,0,0,0,,,,Italy,Ghana,fjelstul
M-2006-12,WC-2006,2006,group stage,Group G,2006-06-13,V-059,Germany,South Korea,Togo,2,1,0,0,,,,South Korea,Togo,fjelstul
M-2006-13,WC-2006,2006,group stage,Group G,2006-06-13,V-069,Germany,France,Switzerland,0,0,0,0,,,,France,Switzerland,fjelstul
M-2006-14,WC-2006,2006,group stage,Group F,2006-06-13,V-055,Germany,Brazil,Croatia,1,0,0,0,,,,Brazil,Croatia,fjelstul
M-2006-15,WC-2006,2006,group stage,Group H,2006-06-14,V-065,Germany,Spain,Ukraine,4,0,0,0,,,,Spain,Ukraine,fjelstul
M-2006-16,WC-2006,2006,group stage,Group H,2006-06-14,V-066,Germany,Tunisia,Saudi Arabia,2,2,0,0,,,,Tunisia,Saudi Arabia,fjelstul
M-2006-17,WC-2006,2006,group stage,Group A,2006-06-14,V-057,Germany,Germany,Poland,1,0,0,0,,,,Germany,Poland,fjelstul
M-2006-18,WC-2006,2006,group stage,Group A,2006-06-15,V-062,Germany,Ecuador,Costa Rica,3,0,0,0,,,,Ecuador,Costa Rica,fjelstul
M-2006-19,WC-2006,2006,group stage,Group B,2006-06-15,V-068,Germany,England,Trinidad and Tobago,2,0,0,0,,,,England,Trinidad and Tobago,fjelstul
M-2006-20,WC-2006,2006,group stage,Group B,2006-06-15,V-055,Germany,Sweden,Paraguay,1,0,0,0,,,,Sweden,Paraguay,fjelstul
M-2006-21,WC-2006,2006,group stage,Group C,2006-06-16,V-060,Germany,Argentina,Serbia,6,0,0,0,,,,Argentina,Serbia and Montenegro,fjelstul
M-2006-22,WC-2006,2006,group stage,Group C,2006-06-16,V-069,Germany,Netherlands,Ivory Coast,2,1,0,0,,,,Netherlands,Ivory Coast,fjelstul
M-2006-23,WC-2006,2006,group stage,Group D,2006-06-16,V-063,Germany,Mexico,Angola,0,0,0,0,,,,Mexico,Angola,fjelstul
M-2006-24,WC-2006,2006,group stage,Group D,2006-06-17,V-059,Germany,Portugal,Iran,2,0,0,0,,,,Portugal,Iran,fjelstul
M-2006-25,WC-2006,2006,group stage,Group E,2006-06-17,V-056,Germany,Czech Republic,Ghana,0,2,0,0,,,,Czech Republic,Ghana,fjelstul
M-2006-26,WC-2006,2006,group stage,Group E,2006-06-17,V-064,Germany,Italy,United States,1,1,0,0,,,,Italy,United States,fjelstul
M-2006-27,WC-2006,2006,group stage,Group F,2006-06-18,V-068,Germany,Japan,Croatia,0,0,0,0,,,,Japan,Croatia,fjelstul
M-2006-28,WC-2006,2006,group stage,Group F,2006-06-18,V-066,Germany,Brazil,Australia,2,0,0,0,,,,Brazil,Australia,fjelstul
M-2006-29,WC-2006,2006,group stage,Group G,2006-06-18,V-065,Germany,France,South Korea,1,1,0,0,,,,France,South Korea,fjelstul
M-2006-30,WC-2006,2006,group stage,Group G,2006-06-19,V-057,Germany,Togo,Switzerland,0,2,0,0,,,,Togo,Switzerland,fjelstul
M-2006-31,WC-2006,2006,group stage,Group H,2006-06-19,V-062,Germany,Saudi Arabia,Ukraine,0,4,0,0,,,,Saudi Arabia,Ukraine,fjelstul
M-2006-32,WC-2006,2006,group stage,Group H,2006-06-19,V-069,Germany,Spain,Tunisia,3,1,0,0,,,,Spain,Tunisia,fjelstul
M-2006-33,WC-2006,2006,group stage,Group A,2006-06-20,V-063,Germany,Costa Rica,Poland,1,2,0,0,,,,Costa Rica,Poland,fjelstul
M-2006-34,WC-2006,2006,group stage,Group A,2006-06-20,V-055,Germany,Ecuador,Germany,0,3,0,0,,,,Ecuador,Germany,fjelstul
M-2006-35,WC-2006,2006,group stage,Group B,2006-06-20,V-064,Germany,Paraguay,Trinidad and Tobago,2,0,0,0,,,,Paraguay,Trinidad and Tobago,fjelstul
M-2006-36,WC-2006,2006,group stage,Group B,2006-06-20,V-056,Germany,Sweden,England,2,2,0,0,,,,Sweden,England,fjelstul
M-2006-37,WC-2006,2006,group stage,Group D,2006-06-21,V-065,Germany,Iran,Angola,1,1,0,0,,,,Iran,Angola,fjelstul
M-2006-38,WC-2006,2006,group stage,Group D,2006-06-21,V-060,Germany,Portugal,Mexico,2,1,0,0,,,,Portugal,Mexico,fjelstul
M-2006-39,WC-2006,2006,group stage,Group C,2006-06-21,V-066,Germany,Ivory Coast,Serbia,3,2,0,0,,,,Ivory Coast,Serbia and Montenegro,fjelstul
M-2006-40,WC-2006,2006,group stage,Group C,2006-06-21,V-059,Germany,Netherlands,Argentina,0,0,0,0,,,,Netherlands,Argentina,fjelstul
M-2006-41,WC-2006,2006,group stage,Group E,2006-06-22,V-062,Germany,Czech Republic,Italy,0,2,0,0,,,,Czech Republic,Italy,fjelstul
M-2006-42,WC-2006,2006,group stage,Group E,2006-06-22,V-068,Germany,Ghana,United States,2,1,0,0,,,,Ghana,United States,fjelstul
M-2006-43,WC-2006,2006,group stage,Group F,2006-06-22,V-069,Germany,Croatia,Australia,2,2,0,0,,,,Croatia,Australia,fjelstul
M-2006-44,WC-2006,2006,group stage,Group F,2006-06-22,V-057,Germany,Japan,Brazil,1,4,0,0,,,,Japan,Brazil,fjelstul
M-2006-45,WC-2006,2006,group stage,Group H,2006-06-23,V-064,Germany,Saudi Arabia,Spain,0,1,0,0,,,,Saudi Arabia,Spain,fjelstul
M-2006-46,WC-2006,2006,group stage,Group H,2006-06-23,V-055,Germany,Ukraine,Tunisia,1,0,0,0,,,,Ukraine,Tunisia,fjelstul
M-2006-47,WC-2006,2006,group stage,Group G,2006-06-23,V-063,Germany,Switzerland,South Korea,2,0,0,0,,,,Switzerland,South Korea,fjelstul
M-2006-48,WC-2006,2006,group stage,Group G,2006-06-23,V-056,Germany,Togo,France,0,2,0,0,,,,Togo,France,fjelstul
M-2006-49,WC-2006,2006,round of 16,,2006-06-24,V-066,Germany,Germany,Sweden,2,0,0,0,,,,Germany,Sweden,fjelstul
M-2006-50,WC-2006,2006,round of 16,,2006-06-24,V-065,Germany,Argentina,Mexico,2,1,1,0,,,,Argentina,Mexico,fjelstul
M-2006-51,WC-2006,2006,round of 16,,2006-06-25,V-069,Germany,England,Ecuador,1,0,0,0,,,,England,Ecuador,fjelstul
M-2006-52,WC-2006,2006,round of 16,,2006-06-25,V-068,Germany,Portugal,Netherlands,1,0,0,0,,,,Portugal,Netherlands,fjelstul
M-2006-53,WC-2006,2006,round of 16,,2006-06-26,V-064,Germany,Italy,Australia,1,0,0,0,,,,Italy,Australia,fjelstul
M-2006-54,WC-2006,2006,round of 16,,2006-06-26,V-056,Germany,Switzerland,Ukraine,0,0,1,1,0.0,3.0,,Switzerland,Ukraine,fjelstul
M-2006-55,WC-2006,2006,round of 16,,2006-06-27,V-057,Germany,Brazil,Ghana,3,0,0,0,,,,Brazil,Ghana,fjelstul
M-2006-56,WC-2006,2006,round of 16,,2006-06-27,V-063,Germany,Spain,France,1,3,0,0,,,,Spain,France,fjelstul
M-2006-57,WC-2006,2006,quarter-finals,,2006-06-30,V-055,Germany,Germany,Argentina,1,1,1,1,4.0,2.0,,Germany,Argentina,fjelstul
M-2006-58,WC-2006,2006,quarter-finals,,2006-06-30,V-062,Germany,Italy,Ukraine,3,0,0,0,,,,Italy,Ukraine,fjelstul
M-2006-59,WC-2006,2006,quarter-finals,,2006-07-01,V-060,Germany,England,Portugal,0,0,1,1,1.0,3.0,,England,Portugal,fjelstul
M-2006-60,WC-2006,2006,quarter-finals,,2006-07-01,V-059,Germany,Brazil,France,0,1,0,0,,,,Brazil,France,fjelstul
M-2006-61,WC-2006,2006,semi-finals,,2006-07-04,V-057,Germany,Germany,Italy,0,2,1,0,,,,Germany,Italy,fjelstul
M-2006-62,WC-2006,2006,semi-finals,,2006-07-05,V-066,Germany,Portugal,France,0,1,0,0,,,,Portugal,France,fjelstul
M-2006-63,WC-2006,2006,third-place match,,2006-07-08,V-069,Germany,Germany,Portugal,3,1,0,0,,,,Germany,Portugal,fjelstul
M-2006-64,WC-2006,2006,final,,2006-07-09,V-055,Germany,Italy,France,1,1,1,1,5.0,3.0,,Italy,France,fjelstul
M-2010-01,WC-2010,2010,group stage,Group A,2010-06-11,V-135,South Africa,South Africa,Mexico,1,1,0,0,,,,South Africa,Mexico,fjelstul
M-2010-02,WC-2010,2010,group stage,Group A,2010-06-11,V-132,South Africa,Uruguay,France,0,0,0,0,,,,Uruguay,France,fjelstul
M-2010-03,WC-2010,2010,group stage,Group B,2010-06-12,V-138,South Africa,South Korea,Greece,2,0,0,0,,,,South Korea,Greece,fjelstul
M-2010-04,WC-2010,2010,group stage,Group B,2010-06-12,V-134,South Africa,Argentina,Nigeria,1,0,0,0,,,,Argentina,Nigeria,fjelstul
M-2010-05,WC-2010,2010,group stage,Group C,2010-06-12,V-140,South Africa,England,United States,1,1,0,0,,,,England,United States,fjelstul
M-2010-06,WC-2010,2010,group stage,Group C,2010-06-13,V-137,South Africa,Algeria,Slovenia,0,1,0,0,,,,Algeria,Slovenia,fjelstul
M-2010-07,WC-2010,2010,group stage,Group D,2010-06-13,V-139,South Africa,Serbia,Ghana,0,1,0,0,,,,Serbia,Ghana,fjelstul
M-2010-08,WC-2010,2010,group stage,Group D,2010-06-13,V-133,South Africa,Germany,Australia,4,0,0,0,,,,Germany,Australia,fjelstul
M-2010-09,WC-2010,2010,group stage,Group E,2010-06-14,V-135,South Africa,Netherlands,Denmark,2,0,0,0,,,,Netherlands,Denmark,fjelstul
M-2010-10,WC-2010,2010,group stage,Group E,2010-06-14,V-131,South Africa,Japan,Cameroon,1,0,0,0,,,,Japan,Cameroon,fjelstul
M-2010-11,WC-2010,2010,group stage,Group F,2010-06-14,V-132,South Africa,Italy,Paraguay,1,1,0,0,,,,Italy,Paraguay,fjelstul
M-2010-12,WC-2010,2010,group stage,Group F,2010-06-15,V-140,South Africa,New Zealand,Slovakia,1,1,0,0,,,,New Zealand,Slovakia,fjelstul
M-2010-13,WC-2010,2010,group stage,Group G,2010-06-15,V-138,South Africa,Ivory Coast,Portugal,0,0,0,0,,,,Ivory Coast,Portugal,fjelstul
M-2010-14,WC-2010,2010,group stage,Group G,2010-06-15,V-134,South Africa,Brazil,North Korea,2,1,0,0,,,,Brazil,North Korea,fjelstul
M-2010-15,WC-2010,2010,group stage,Group H,2010-06-16,V-136,South Africa,Honduras,Chile,0,1,0,0,,,,Honduras,Chile,fjelstul
M-2010-16,WC-2010,2010,group stage,Group H,2010-06-16,V-133,South Africa,Spain,Switzerland,0,1,0,0,,,,Spain,Switzerland,fjelstul
M-2010-17,WC-2010,2010,group stage,Group A,2010-06-16,V-139,South Africa,South Africa,Uruguay,0,3,0,0,,,,South Africa,Uruguay,fjelstul
M-2010-18,WC-2010,2010,group stage,Group B,2010-06-17,V-135,South Africa,Argentina,South Korea,4,1,0,0,,,,Argentina,South Korea,fjelstul
M-2010-19,WC-2010,2010,group stage,Group B,2010-06-17,V-131,South Africa,Greece,Nigeria,2,1,0,0,,,,Greece,Nigeria,fjelstul
M-2010-20,WC-2010,2010,group stage,Group A,2010-06-17,V-137,South Africa,France,Mexico,0,2,0,0,,,,France,Mexico,fjelstul
M-2010-21,WC-2010,2010,group stage,Group D,2010-06-18,V-138,South Africa,Germany,Serbia,0,1,0,0,,,,Germany,Serbia,fjelstul
M-2010-22,WC-2010,2010,group stage,Group C,2010-06-18,V-134,South Africa,Slovenia,United States,2,2,0,0,,,,Slovenia,United States,fjelstul
M-2010-23,WC-2010,2010,group stage,Group C,2010-06-18,V-132,South Africa,England,Algeria,0,0,0,0,,,,England,Algeria,fjelstul
M-2010-24,WC-2010,2010,group stage,Group E,2010-06-19,V-133,South Africa,Netherlands,Japan,1,0,0,0,,,,Netherlands,Japan,fjelstul
M-2010-25,WC-2010,2010,group stage,Group D,2010-06-19,V-140,South Africa,Ghana,Australia,1,1,0,0,,,,Ghana,Australia,fjelstul
M-2010-26,WC-2010,2010,group stage,Group E,2010-06-19,V-139,South Africa,Cameroon,Denmark,1,2,0,0,,,,Cameroon,Denmark,fjelstul
M-2010-27,WC-2010,2010,group stage,Group F,2010-06-20,V-131,South Africa,Slovakia,Paraguay,0,2,0,0,,,,Slovakia,Paraguay,fjelstul
M-2010-28,WC-2010,2010,group stage,Group F,2010-06-20,V-136,South Africa,Italy,New Zealand,1,1,0,0,,,,Italy,New Zealand,fjelstul
M-2010-29,WC-2010,2010,group stage,Group G,2010-06-20,V-135,South Africa,Brazil,Ivory Coast,3,1,0,0,,,,Brazil,Ivory Coast,fjelstul
M-2010-30,WC-2010,2010,group stage,Group G,2010-06-21,V-132,South Africa,Portugal,North Korea,7,0,0,0,,,,Portugal,North Korea,fjelstul
M-2010-31,WC-2010,2010,group stage,Group H,2010-06-21,V-138,South Africa,Chile,Switzerland,1,0,0,0,,,,Chile,Switzerland,fjelstul
M-2010-32,WC-2010,2010,group stage,Group H,2010-06-21,V-134,South Africa,Spain,Honduras,2,0,0,0,,,,Spain,Honduras,fjelstul
M-2010-33,WC-2010,2010,group stage,Group A,2010-06-22,V-131,South Africa,France,South Africa,1,2,0,0,,,,France,South Africa,fjelstul
M-2010-34,WC-2010,2010,group stage,Group A,2010-06-22,V-140,South Africa,Mexico,Uruguay,0,1,0,0,,,,Mexico,Uruguay,fjelstul
M-2010-35,WC-2010,2010,group stage,Group B,2010-06-22,V-137,South Africa,Greece,Argentina,0,2,0,0,,,,Greece,Argentina,fjelstul
M-2010-36,WC-2010,2010,group stage,Group B,2010-06-22,V-133,South Africa,Nigeria,South Korea,2,2,0,0,,,,Nigeria,South Korea,fjelstul
M-2010-37,WC-2010,2010,group stage,Group C,2010-06-23,V-138,South Africa,Slovenia,England,0,1,0,0,,,,Slovenia,England,fjelstul
M-2010-38,WC-2010,2010,group stage,Group C,2010-06-23,V-139,South Africa,United States,Algeria,1,0,0,0,,,,United States,Algeria,fjelstul
M-2010-39,WC-2010,2010,group stage,Group D,2010-06-23,V-136,South Africa,Australia,Serbia,2,1,0,0,,,,Australia,Serbia,fjelstul
M-2010-40,WC-2010,2010,group stage,Group D,2010-06-23,V-135,South Africa,Ghana,Germany,0,1,0,0,,,,Ghana,Germany,fjelstul
M-2010-41,WC-2010,2010,group stage,Group F,2010-06-24,V-137,South Africa,Paraguay,New Zealand,0,0,0,0,,,,Paraguay,New Zealand,fjelstul
M-2010-42,WC-2010,2010,group stage,Group F,2010-06-24,V-134,South Africa,Slovakia,Italy,3,2,0,0,,,,Slovakia,Italy,fjelstul
M-2010-43,WC-2010,2010,group stage,Group E,2010-06-24,V-132,South Africa,Cameroon,Netherlands,1,2,0,0,,,,Cameroon,Netherlands,fjelstul
M-2010-44,WC-2010,2010,group stage,Group E,2010-06-24,V-140,South Africa,Denmark,Japan,1,3,0,0,,,,Denmark,Japan,fjelstul
M-2010-45,WC-2010,2010,group stage,Group G,2010-06-25,V-136,South Africa,North Korea,Ivory Coast,0,3,0,0,,,,North Korea,Ivory Coast,fjelstul
M-2010-46,WC-2010,2010,group stage,Group G,2010-06-25,V-133,South Africa,Portugal,Brazil,0,0,0,0,,,,Portugal,Brazil,fjelstul
M-2010-47,WC-2010,2010,group stage,Group H,2010-06-25,V-139,South Africa,Chile,Spain,1,2,0,0,,,,Chile,Spain,fjelstul
M-2010-48,WC-2010,2010,group stage,Group H,2010-06-25,V-131,South Africa,Switzerland,Honduras,0,0,0,0,,,,Switzerland,Honduras,fjelstul
M-2010-49,WC-2010,2010,round of 16,,2010-06-26,V-138,South Africa,Uruguay,South Korea,2,1,0,0,,,,Uruguay,South Korea,fjelstul
M-2010-50,WC-2010,2010,round of 16,,2010-06-26,V-140,South Africa,United States,Ghana,1,2,1,0,,,,United States,Ghana,fjelstul
M-2010-51,WC-2010,2010,round of 16,,2010-06-27,V-131,South Africa,Germany,England,4,1,0,0,,,,Germany,England,fjelstul
M-2010-52,WC-2010,2010,round of 16,,2010-06-27,V-135,South Africa,Argentina,Mexico,3,1,0,0,,,,Argentina,Mexico,fjelstul
M-2010-53,WC-2010,2010,round of 16,,2010-06-28,V-133,South Africa,Netherlands,Slovakia,2,1,0,0,,,,Netherlands,Slovakia,fjelstul
M-2010-54,WC-2010,2010,round of 16,,2010-06-28,V-134,South Africa,Brazil,Chile,3,0,0,0,,,,Brazil,Chile,fjelstul
M-2010-55,WC-2010,2010,round of 16,,2010-06-29,V-139,South Africa,Paraguay,Japan,0,0,1,1,5.0,3.0,,Paraguay,Japan,fjelstul
M-2010-56,WC-2010,2010,round of 16,,2010-06-29,V-132,South Africa,Spain,Portugal,1,0,0,0,,,,Spain,Portugal,fjelstul
M-2010-57,WC-2010,2010,quarter-finals,,2010-07-02,V-138,South Africa,Netherlands,Brazil,2,1,0,0,,,,Netherlands,Brazil,fjelstul
M-2010-58,WC-2010,2010,quarter-finals,,2010-07-02,V-135,South Africa,Uruguay,Ghana,1,1,1,1,4.0,2.0,,Uruguay,Ghana,fjelstul
M-2010-59,WC-2010,2010,quarter-finals,,2010-07-03,V-132,South Africa,Argentina,Germany,0,4,0,0,,,,Argentina,Germany,fjelstul
M-2010-60,WC-2010,2010,quarter-finals,,2010-07-03,V-134,South Africa,Paraguay,Spain,0,1,0,0,,,,Paraguay,Spain,fjelstul
M-2010-61,WC-2010,2010,semi-finals,,2010-07-06,V-132,South Africa,Uruguay,Netherlands,2,3,0,0,,,,Uruguay,Netherlands,fjelstul
M-2010-62,WC-2010,2010,semi-finals,,2010-07-07,V-133,South Africa,Germany,Spain,0,1,0,0,,,,Germany,Spain,fjelstul
M-2010-63,WC-2010,2010,third-place match,,2010-07-10,V-138,South Africa,Uruguay,Germany,2,3,0,0,,,,Uruguay,Germany,fjelstul
M-2010-64,WC-2010,2010,final,,2010-07-11,V-135,South Africa,Netherlands,Spain,0,1,1,0,,,,Netherlands,Spain,fjelstul
M-2014-01,WC-2014,2014,group stage,Group A,2014-06-12,V-022,Brazil,Brazil,Croatia,3,1,0,0,,,,Brazil,Croatia,fjelstul
M-2014-02,WC-2014,2014,group stage,Group A,2014-06-13,V-015,Brazil,Mexico,Cameroon,1,0,0,0,,,,Mexico,Cameroon,fjelstul
M-2014-03,WC-2014,2014,group stage,Group B,2014-06-13,V-021,Brazil,Spain,Netherlands,1,5,0,0,,,,Spain,Netherlands,fjelstul
M-2014-04,WC-2014,2014,group stage,Group B,2014-06-13,V-010,Brazil,Chile,Australia,3,1,0,0,,,,Chile,Australia,fjelstul
M-2014-05,WC-2014,2014,group stage,Group C,2014-06-14,V-008,Brazil,Colombia,Greece,3,0,0,0,,,,Colombia,Greece,fjelstul
M-2014-06,WC-2014,2014,group stage,Group D,2014-06-14,V-013,Brazil,Uruguay,Costa Rica,1,3,0,0,,,,Uruguay,Costa Rica,fjelstul
M-2014-07,WC-2014,2014,group stage,Group D,2014-06-14,V-014,Brazil,England,Italy,1,2,0,0,,,,England,Italy,fjelstul
M-2014-08,WC-2014,2014,group stage,Group C,2014-06-14,V-018,Brazil,Ivory Coast,Japan,2,1,0,0,,,,Ivory Coast,Japan,fjelstul
M-2014-09,WC-2014,2014,group stage,Group E,2014-06-15,V-009,Brazil,Switzerland,Ecuador,2,1,0,0,,,,Switzerland,Ecuador,fjelstul
M-2014-10,WC-2014,2014,group stage,Group E,2014-06-15,V-016,Brazil,France,Honduras,3,0,0,0,,,,France,Honduras,fjelstul
M-2014-11,WC-2014,2014,group stage,Group F,2014-06-15,V-020,Brazil,Argentina,Bosnia and Herzegovina,2,1,0,0,,,,Argentina,Bosnia and Herzegovina,fjelstul
M-2014-12,WC-2014,2014,group stage,Group G,2014-06-16,V-021,Brazil,Germany,Portugal,4,0,0,0,,,,Germany,Portugal,fjelstul
M-2014-13,WC-2014,2014,group stage,Group F,2014-06-16,V-011,Brazil,Iran,Nigeria,0,0,0,0,,,,Iran,Nigeria,fjelstul
M-2014-14,WC-2014,2014,group stage,Group G,2014-06-16,V-015,Brazil,Ghana,United States,1,2,0,0,,,,Ghana,United States,fjelstul
M-2014-15,WC-2014,2014,group stage,Group H,2014-06-17,V-008,Brazil,Belgium,Algeria,2,1,0,0,,,,Belgium,Algeria,fjelstul
M-2014-16,WC-2014,2014,group stage,Group A,2014-06-17,V-013,Brazil,Brazil,Mexico,0,0,0,0,,,,Brazil,Mexico,fjelstul
M-2014-17,WC-2014,2014,group stage,Group H,2014-06-17,V-010,Brazil,Russia,South Korea,1,1,0,0,,,,Russia,South Korea,fjelstul
M-2014-18,WC-2014,2014,group stage,Group B,2014-06-18,V-016,Brazil,Australia,Netherlands,2,3,0,0,,,,Australia,Netherlands,fjelstul
M-2014-19,WC-2014,2014,group stage,Group B,2014-06-18,V-020,Brazil,Spain,Chile,0,2,0,0,,,,Spain,Chile,fjelstul
M-2014-20,WC-2014,2014,group stage,Group A,2014-06-18,V-014,Brazil,Cameroon,Croatia,0,4,0,0,,,,Cameroon,Croatia,fjelstul
M-2014-21,WC-2014,2014,group stage,Group C,2014-06-19,V-009,Brazil,Colombia,Ivory Coast,2,1,0,0,,,,Colombia,Ivory Coast,fjelstul
M-2014-22,WC-2014,2014,group stage,Group D,2014-06-19,V-022,Brazil,Uruguay,England,2,1,0,0,,,,Uruguay,England,fjelstul
M-2014-23,WC-2014,2014,group stage,Group C,2014-06-19,V-015,Brazil,Japan,Greece,0,0,0,0,,,,Japan,Greece,fjelstul
M-2014-24,WC-2014,2014,group stage,Group D,2014-06-20,V-018,Brazil,Italy,Costa Rica,0,1,0,0,,,,Italy,Costa Rica,fjelstul
M-2014-25,WC-2014,2014,group stage,Group E,2014-06-20,V-021,Brazil,Switzerland,France,2,5,0,0,,,,Switzerland,France,fjelstul
M-2014-26,WC-2014,2014,group stage,Group E,2014-06-20,V-011,Brazil,Honduras,Ecuador,1,2,0,0,,,,Honduras,Ecuador,fjelstul
M-2014-27,WC-2014,2014,group stage,Group F,2014-06-21,V-008,Brazil,Argentina,Iran,1,0,0,0,,,,Argentina,Iran,fjelstul
M-2014-28,WC-2014,2014,group stage,Group G,2014-06-21,V-013,Brazil,Germany,Ghana,2,2,0,0,,,,Germany,Ghana,fjelstul
M-2014-29,WC-2014,2014,group stage,Group F,2014-06-21,V-010,Brazil,Nigeria,Bosnia and Herzegovina,1,0,0,0,,,,Nigeria,Bosnia and Herzegovina,fjelstul
M-2014-30,WC-2014,2014,group stage,Group H,2014-06-22,V-020,Brazil,Belgium,Russia,1,0,0,0,,,,Belgium,Russia,fjelstul
M-2014-31,WC-2014,2014,group stage,Group H,2014-06-22,V-016,Brazil,South Korea,Algeria,2,4,0,0,,,,South Korea,Algeria,fjelstul
M-2014-32,WC-2014,2014,group stage,Group G,2014-06-22,V-014,Brazil,United States,Portugal,2,2,0,0,,,,United States,Portugal,fjelstul
M-2014-33,WC-2014,2014,group stage,Group B,2014-06-23,V-011,Brazil,Australia,Spain,0,3,0,0,,,,Australia,Spain,fjelstul
M-2014-34,WC-2014,2014,group stage,Group B,2014-06-23,V-022,Brazil,Netherlands,Chile,2,0,0,0,,,,Netherlands,Chile,fjelstul
M-2014-35,WC-2014,2014,group stage,Group A,2014-06-23,V-009,Brazil,Cameroon,Brazil,1,4,0,0,,,,Cameroon,Brazil,fjelstul
M-2014-36,WC-2014,2014,group stage,Group A,2014-06-23,V-018,Brazil,Croatia,Mexico,1,3,0,0,,,,Croatia,Mexico,fjelstul
M-2014-37,WC-2014,2014,group stage,Group D,2014-06-24,V-008,Brazil,Costa Rica,England,0,0,0,0,,,,Costa Rica,England,fjelstul
M-2014-38,WC-2014,2014,group stage,Group D,2014-06-24,V-015,Brazil,Italy,Uruguay,0,1,0,0,,,,Italy,Uruguay,fjelstul
M-2014-39,WC-2014,2014,group stage,Group C,2014-06-24,V-010,Brazil,Japan,Colombia,1,4,0,0,,,,Japan,Colombia,fjelstul
M-2014-40,WC-2014,2014,group stage,Group C,2014-06-24,V-013,Brazil,Greece,Ivory Coast,2,1,0,0,,,,Greece,Ivory Coast,fjelstul
M-2014-41,WC-2014,2014,group stage,Group F,2014-06-25,V-021,Brazil,Bosnia and Herzegovina,Iran,3,1,0,0,,,,Bosnia and Herzegovina,Iran,fjelstul
M-2014-42,WC-2014,2014,group stage,Group F,2014-06-25,V-016,Brazil,Nigeria,Argentina,2,3,0,0,,,,Nigeria,Argentina,fjelstul
M-2014-43,WC-2014,2014,group stage,Group E,2014-06-25,V-014,Brazil,Honduras,Switzerland,0,3,0,0,,,,Honduras,Switzerland,fjelstul
M-2014-44,WC-2014,2014,group stage,Group E,2014-06-25,V-020,Brazil,Ecuador,France,0,0,0,0,,,,Ecuador,France,fjelstul
M-2014-45,WC-2014,2014,group stage,Group G,2014-06-26,V-009,Brazil,Portugal,Ghana,2,1,0,0,,,,Portugal,Ghana,fjelstul
M-2014-46,WC-2014,2014,group stage,Group G,2014-06-26,V-018,Brazil,United States,Germany,0,1,0,0,,,,United States,Germany,fjelstul
M-2014-47,WC-2014,2014,group stage,Group H,2014-06-26,V-011,Brazil,Algeria,Russia,1,1,0,0,,,,Algeria,Russia,fjelstul
M-2014-48,WC-2014,2014,group stage,Group H,2014-06-26,V-022,Brazil,South Korea,Belgium,0,1,0,0,,,,South Korea,Belgium,fjelstul
M-2014-49,WC-2014,2014,round of 16,,2014-06-28,V-008,Brazil,Brazil,Chile,1,1,1,1,3.0,2.0,,Brazil,Chile,fjelstul
M-2014-50,WC-2014,2014,round of 16,,2014-06-28,V-020,Brazil,Colombia,Uruguay,2,0,0,0,,,,Colombia,Uruguay,fjelstul
M-2014-51,WC-2014,2014,round of 16,,2014-06-29,V-013,Brazil,Netherlands,Mexico,2,1,0,0,,,,Netherlands,Mexico,fjelstul
M-2014-52,WC-2014,2014,round of 16,,2014-06-29,V-018,Brazil,Costa Rica,Greece,1,1,1,1,5.0,3.0,,Costa Rica,Greece,fjelstul
M-2014-53,WC-2014,2014,round of 16,,2014-06-30,V-009,Brazil,France,Nigeria,2,0,0,0,,,,France,Nigeria,fjelstul
M-2014-54,WC-2014,2014,round of 16,,2014-06-30,V-016,Brazil,Germany,Algeria,2,1,1,0,,,,Germany,Algeria,fjelstul
M-2014-55,WC-2014,2014,round of 16,,2014-07-01,V-022,Brazil,Argentina,Switzerland,1,0,1,0,,,,Argentina,Switzerland,fjelstul
M-2014-56,WC-2014,2014,round of 16,,2014-07-01,V-021,Brazil,Belgium,United States,2,1,1,0,,,,Belgium,United States,fjelstul
M-2014-57,WC-2014,2014,quarter-finals,,2014-07-04,V-020,Brazil,France,Germany,0,1,0,0,,,,France,Germany,fjelstul
M-2014-58,WC-2014,2014,quarter-finals,,2014-07-04,V-013,Brazil,Brazil,Colombia,2,1,0,0,,,,Brazil,Colombia,fjelstul
M-2014-59,WC-2014,2014,quarter-finals,,2014-07-05,V-009,Brazil,Argentina,Belgium,1,0,0,0,,,,Argentina,Belgium,fjelstul
M-2014-60,WC-2014,2014,quarter-finals,,2014-07-05,V-021,Brazil,Netherlands,Costa Rica,0,0,1,1,4.0,3.0,,Netherlands,Costa Rica,fjelstul
M-2014-61,WC-2014,2014,semi-finals,,2014-07-08,V-008,Brazil,Brazil,Germany,1,7,0,0,,,,Brazil,Germany,fjelstul
M-2014-62,WC-2014,2014,semi-finals,,2014-07-09,V-022,Brazil,Netherlands,Argentina,0,0,1,1,2.0,4.0,,Netherlands,Argentina,fjelstul
M-2014-63,WC-2014,2014,third-place match,,2014-07-12,V-009,Brazil,Brazil,Netherlands,0,3,0,0,,,,Brazil,Netherlands,fjelstul
M-2014-64,WC-2014,2014,final,,2014-07-13,V-020,Brazil,Germany,Argentina,1,0,1,0,,,,Germany,Argentina,fjelstul
M-2018-01,WC-2018,2018,group stage,Group A,2018-06-14,V-121,Russia,Russia,Saudi Arabia,5,0,0,0,,,,Russia,Saudi Arabia,fjelstul
M-2018-02,WC-2018,2018,group stage,Group A,2018-06-15,V-130,Russia,Egypt,Uruguay,0,1,0,0,,,,Egypt,Uruguay,fjelstul
M-2018-03,WC-2018,2018,group stage,Group B,2018-06-15,V-125,Russia,Morocco,Iran,0,1,0,0,,,,Morocco,Iran,fjelstul
M-2018-04,WC-2018,2018,group stage,Group B,2018-06-15,V-128,Russia,Portugal,Spain,3,3,0,0,,,,Portugal,Spain,fjelstul
M-2018-05,WC-2018,2018,group stage,Group C,2018-06-16,V-120,Russia,France,Australia,2,1,0,0,,,,France,Australia,fjelstul
M-2018-06,WC-2018,2018,group stage,Group D,2018-06-16,V-122,Russia,Argentina,Iceland,1,1,0,0,,,,Argentina,Iceland,fjelstul
M-2018-07,WC-2018,2018,group stage,Group C,2018-06-16,V-127,Russia,Peru,Denmark,0,1,0,0,,,,Peru,Denmark,fjelstul
M-2018-08,WC-2018,2018,group stage,Group D,2018-06-16,V-119,Russia,Croatia,Nigeria,2,0,0,0,,,,Croatia,Nigeria,fjelstul
M-2018-09,WC-2018,2018,group stage,Group E,2018-06-17,V-126,Russia,Costa Rica,Serbia,0,1,0,0,,,,Costa Rica,Serbia,fjelstul
M-2018-10,WC-2018,2018,group stage,Group F,2018-06-17,V-121,Russia,Germany,Mexico,0,1,0,0,,,,Germany,Mexico,fjelstul
M-2018-11,WC-2018,2018,group stage,Group E,2018-06-17,V-124,Russia,Brazil,Switzerland,1,1,0,0,,,,Brazil,Switzerland,fjelstul
M-2018-12,WC-2018,2018,group stage,Group F,2018-06-18,V-123,Russia,Sweden,South Korea,1,0,0,0,,,,Sweden,South Korea,fjelstul
M-2018-13,WC-2018,2018,group stage,Group G,2018-06-18,V-128,Russia,Belgium,Panama,3,0,0,0,,,,Belgium,Panama,fjelstul
M-2018-14,WC-2018,2018,group stage,Group G,2018-06-18,V-129,Russia,Tunisia,England,1,2,0,0,,,,Tunisia,England,fjelstul
M-2018-15,WC-2018,2018,group stage,Group H,2018-06-19,V-127,Russia,Colombia,Japan,1,2,0,0,,,,Colombia,Japan,fjelstul
M-2018-16,WC-2018,2018,group stage,Group H,2018-06-19,V-122,Russia,Poland,Senegal,1,2,0,0,,,,Poland,Senegal,fjelstul
M-2018-17,WC-2018,2018,group stage,Group A,2018-06-19,V-125,Russia,Russia,Egypt,3,1,0,0,,,,Russia,Egypt,fjelstul
M-2018-18,WC-2018,2018,group stage,Group B,2018-06-20,V-121,Russia,Portugal,Morocco,1,0,0,0,,,,Portugal,Morocco,fjelstul
M-2018-19,WC-2018,2018,group stage,Group A,2018-06-20,V-124,Russia,Uruguay,Saudi Arabia,1,0,0,0,,,,Uruguay,Saudi Arabia,fjelstul
M-2018-20,WC-2018,2018,group stage,Group B,2018-06-20,V-120,Russia,Iran,Spain,0,1,0,0,,,,Iran,Spain,fjelstul
M-2018-21,WC-2018,2018,group stage,Group C,2018-06-21,V-126,Russia,Denmark,Australia,1,1,0,0,,,,Denmark,Australia,fjelstul
M-2018-22,WC-2018,2018,group stage,Group C,2018-06-21,V-130,Russia,France,Peru,1,0,0,0,,,,France,Peru,fjelstul
M-2018-23,WC-2018,2018,group stage,Group D,2018-06-21,V-123,Russia,Argentina,Croatia,0,3,0,0,,,,Argentina,Croatia,fjelstul
M-2018-24,WC-2018,2018,group stage,Group E,2018-06-22,V-125,Russia,Brazil,Costa Rica,2,0,0,0,,,,Brazil,Costa Rica,fjelstul
M-2018-25,WC-2018,2018,group stage,Group D,2018-06-22,V-129,Russia,Nigeria,Iceland,2,0,0,0,,,,Nigeria,Iceland,fjelstul
M-2018-26,WC-2018,2018,group stage,Group E,2018-06-22,V-119,Russia,Serbia,Switzerland,1,2,0,0,,,,Serbia,Switzerland,fjelstul
M-2018-27,WC-2018,2018,group stage,Group G,2018-06-23,V-122,Russia,Belgium,Tunisia,5,2,0,0,,,,Belgium,Tunisia,fjelstul
M-2018-28,WC-2018,2018,group stage,Group F,2018-06-23,V-124,Russia,South Korea,Mexico,1,2,0,0,,,,South Korea,Mexico,fjelstul
M-2018-29,WC-2018,2018,group stage,Group F,2018-06-23,V-128,Russia,Germany,Sweden,2,1,0,0,,,,Germany,Sweden,fjelstul
M-2018-30,WC-2018,2018,group stage,Group G,2018-06-24,V-123,Russia,England,Panama,6,1,0,0,,,,England,Panama,fjelstul
M-2018-31,WC-2018,2018,group stage,Group H,2018-06-24,V-130,Russia,Japan,Senegal,2,2,0,0,,,,Japan,Senegal,fjelstul
M-2018-32,WC-2018,2018,group stage,Group H,2018-06-24,V-120,Russia,Poland,Colombia,0,3,0,0,,,,Poland,Colombia,fjelstul
M-2018-33,WC-2018,2018,group stage,Group A,2018-06-25,V-129,Russia,Saudi Arabia,Egypt,2,1,0,0,,,,Saudi Arabia,Egypt,fjelstul
M-2018-34,WC-2018,2018,group stage,Group A,2018-06-25,V-126,Russia,Uruguay,Russia,3,0,0,0,,,,Uruguay,Russia,fjelstul
M-2018-35,WC-2018,2018,group stage,Group B,2018-06-25,V-119,Russia,Spain,Morocco,2,2,0,0,,,,Spain,Morocco,fjelstul
M-2018-36,WC-2018,2018,group stage,Group B,2018-06-25,V-127,Russia,Iran,Portugal,1,1,0,0,,,,Iran,Portugal,fjelstul
M-2018-37,WC-2018,2018,group stage,Group C,2018-06-26,V-128,Russia,Australia,Peru,0,2,0,0,,,,Australia,Peru,fjelstul
M-2018-38,WC-2018,2018,group stage,Group C,2018-06-26,V-121,Russia,Denmark,France,0,0,0,0,,,,Denmark,France,fjelstul
M-2018-39,WC-2018,2018,group stage,Group D,2018-06-26,V-124,Russia,Iceland,Croatia,1,2,0,0,,,,Iceland,Croatia,fjelstul
M-2018-40,WC-2018,2018,group stage,Group D,2018-06-26,V-125,Russia,Nigeria,Argentina,1,2,0,0,,,,Nigeria,Argentina,fjelstul
M-2018-41,WC-2018,2018,group stage,Group F,2018-06-27,V-120,Russia,South Korea,Germany,2,0,0,0,,,,South Korea,Germany,fjelstul
M-2018-42,WC-2018,2018,group stage,Group F,2018-06-27,V-130,Russia,Mexico,Sweden,0,3,0,0,,,,Mexico,Sweden,fjelstul
M-2018-43,WC-2018,2018,group stage,Group E,2018-06-27,V-122,Russia,Serbia,Brazil,0,2,0,0,,,,Serbia,Brazil,fjelstul
M-2018-44,WC-2018,2018,group stage,Group E,2018-06-27,V-123,Russia,Switzerland,Costa Rica,2,2,0,0,,,,Switzerland,Costa Rica,fjelstul
M-2018-45,WC-2018,2018,group stage,Group H,2018-06-28,V-129,Russia,Japan,Poland,0,1,0,0,,,,Japan,Poland,fjelstul
M-2018-46,WC-2018,2018,group stage,Group H,2018-06-28,V-126,Russia,Senegal,Colombia,0,1,0,0,,,,Senegal,Colombia,fjelstul
M-2018-47,WC-2018,2018,group stage,Group G,2018-06-28,V-119,Russia,England,Belgium,0,1,0,0,,,,England,Belgium,fjelstul
M-2018-48,WC-2018,2018,group stage,Group G,2018-06-28,V-127,Russia,Panama,Tunisia,1,2,0,0,,,,Panama,Tunisia,fjelstul
M-2018-49,WC-2018,2018,round of 16,,2018-06-30,V-120,Russia,France,Argentina,4,3,0,0,,,,France,Argentina,fjelstul
M-2018-50,WC-2018,2018,round of 16,,2018-06-30,V-128,Russia,Uruguay,Portugal,2,1,0,0,,,,Uruguay,Portugal,fjelstul
M-2018-51,WC-2018,2018,round of 16,,2018-07-01,V-121,Russia,Spain,Russia,1,1,1,1,3.0,4.0,,Spain,Russia,fjelstul
M-2018-52,WC-2018,2018,round of 16,,2018-07-01,V-123,Russia,Croatia,Denmark,1,1,1,1,3.0,2.0,,Croatia,Denmark,fjelstul
M-2018-53,WC-2018,2018,round of 16,,2018-07-02,V-126,Russia,Brazil,Mexico,2,0,0,0,,,,Brazil,Mexico,fjelstul
M-2018-54,WC-2018,2018,round of 16,,2018-07-02,V-124,Russia,Belgium,Japan,3,2,0,0,,,,Belgium,Japan,fjelstul
M-2018-55,WC-2018,2018,round of 16,,2018-07-03,V-125,Russia,Sweden,Switzerland,1,0,0,0,,,,Sweden,Switzerland,fjelstul
M-2018-56,WC-2018,2018,round of 16,,2018-07-03,V-122,Russia,Colombia,England,1,1,1,1,3.0,4.0,,Colombia,England,fjelstul
M-2018-57,WC-2018,2018,quarter-finals,,2018-07-06,V-123,Russia,Uruguay,France,0,2,0,0,,,,Uruguay,France,fjelstul
M-2018-58,WC-2018,2018,quarter-finals,,2018-07-06,V-120,Russia,Brazil,Belgium,1,2,0,0,,,,Brazil,Belgium,fjelstul
M-2018-59,WC-2018,2018,quarter-finals,,2018-07-07,V-126,Russia,Sweden,England,0,2,0,0,,,,Sweden,England,fjelstul
M-2018-60,WC-2018,2018,quarter-finals,,2018-07-07,V-128,Russia,Russia,Croatia,2,2,1,1,3.0,4.0,,Russia,Croatia,fjelstul
M-2018-61,WC-2018,2018,semi-finals,,2018-07-10,V-125,Russia,France,Belgium,1,0,0,0,,,,France,Belgium,fjelstul
M-2018-62,WC-2018,2018,semi-finals,,2018-07-11,V-121,Russia,Croatia,England,2,1,1,0,,,,Croatia,England,fjelstul
M-2018-63,WC-2018,2018,third-place match,,2018-07-14,V-125,Russia,Belgium,England,2,0,0,0,,,,Belgium,England,fjelstul
M-2018-64,WC-2018,2018,final,,2018-07-15,V-121,Russia,France,Croatia,4,2,0,0,,,,France,Croatia,fjelstul
M-2022-01,WC-2022,2022,group stage,Group A,2022-11-20,V-111,Qatar,Qatar,Ecuador,0,2,0,0,,,,Qatar,Ecuador,fjelstul
M-2022-02,WC-2022,2022,group stage,Group B,2022-11-21,V-114,Qatar,England,Iran,6,2,0,0,,,,England,Iran,fjelstul
M-2022-03,WC-2022,2022,group stage,Group A,2022-11-21,V-116,Qatar,Senegal,Netherlands,0,2,0,0,,,,Senegal,Netherlands,fjelstul
M-2022-04,WC-2022,2022,group stage,Group B,2022-11-21,V-112,Qatar,United States,Wales,1,1,0,0,,,,United States,Wales,fjelstul
M-2022-05,WC-2022,2022,group stage,Group C,2022-11-22,V-118,Qatar,Argentina,Saudi Arabia,1,2,0,0,,,,Argentina,Saudi Arabia,fjelstul
M-2022-06,WC-2022,2022,group stage,Group D,2022-11-22,V-113,Qatar,Denmark,Tunisia,0,0,0,0,,,,Denmark,Tunisia,fjelstul
M-2022-07,WC-2022,2022,group stage,Group C,2022-11-22,V-117,Qatar,Mexico,Poland,0,0,0,0,,,,Mexico,Poland,fjelstul
M-2022-08,WC-2022,2022,group stage,Group D,2022-11-22,V-115,Qatar,France,Australia,4,1,0,0,,,,France,Australia,fjelstul
M-2022-09,WC-2022,2022,group stage,Group F,2022-11-23,V-111,Qatar,Morocco,Croatia,0,0,0,0,,,,Morocco,Croatia,fjelstul
M-2022-10,WC-2022,2022,group stage,Group E,2022-11-23,V-114,Qatar,Germany,Japan,1,2,0,0,,,,Germany,Japan,fjelstul
M-2022-11,WC-2022,2022,group stage,Group E,2022-11-23,V-116,Qatar,Spain,Costa Rica,7,0,0,0,,,,Spain,Costa Rica,fjelstul
M-2022-12,WC-2022,2022,group stage,Group F,2022-11-23,V-112,Qatar,Belgium,Canada,1,0,0,0,,,,Belgium,Canada,fjelstul
M-2022-13,WC-2022,2022,group stage,Group G,2022-11-24,V-115,Qatar,Switzerland,Cameroon,1,0,0,0,,,,Switzerland,Cameroon,fjelstul
M-2022-14,WC-2022,2022,group stage,Group H,2022-11-24,V-113,Qatar,Uruguay,South Korea,0,0,0,0,,,,Uruguay,South Korea,fjelstul
M-2022-15,WC-2022,2022,group stage,Group H,2022-11-24,V-117,Qatar,Portugal,Ghana,3,2,0,0,,,,Portugal,Ghana,fjelstul
M-2022-16,WC-2022,2022,group stage,Group G,2022-11-24,V-118,Qatar,Brazil,Serbia,2,0,0,0,,,,Brazil,Serbia,fjelstul
M-2022-17,WC-2022,2022,group stage,Group B,2022-11-25,V-112,Qatar,Wales,Iran,0,2,0,0,,,,Wales,Iran,fjelstul
M-2022-18,WC-2022,2022,group stage,Group A,2022-11-25,V-116,Qatar,Qatar,Senegal,1,3,0,0,,,,Qatar,Senegal,fjelstul
M-2022-19,WC-2022,2022,group stage,Group A,2022-11-25,V-114,Qatar,Netherlands,Ecuador,1,1,0,0,,,,Netherlands,Ecuador,fjelstul
M-2022-20,WC-2022,2022,group stage,Group B,2022-11-25,V-111,Qatar,England,United States,0,0,0,0,,,,England,United States,fjelstul
M-2022-21,WC-2022,2022,group stage,Group D,2022-11-26,V-115,Qatar,Tunisia,Australia,0,1,0,0,,,,Tunisia,Australia,fjelstul
M-2022-22,WC-2022,2022,group stage,Group C,2022-11-26,V-113,Qatar,Poland,Saudi Arabia,2,0,0,0,,,,Poland,Saudi Arabia,fjelstul
M-2022-23,WC-2022,2022,group stage,Group D,2022-11-26,V-117,Qatar,France,Denmark,2,1,0,0,,,,France,Denmark,fjelstul
M-2022-24,WC-2022,2022,group stage,Group C,2022-11-26,V-118,Qatar,Argentina,Mexico,2,0,0,0,,,,Argentina,Mexico,fjelstul
M-2022-25,WC-2022,2022,group stage,Group E,2022-11-27,V-112,Qatar,Japan,Costa Rica,0,1,0,0,,,,Japan,Costa Rica,fjelstul
M-2022-26,WC-2022,2022,group stage,Group F,2022-11-27,V-116,Qatar,Belgium,Morocco,0,2,0,0,,,,Belgium,Morocco,fjelstul
M-2022-27,WC-2022,2022,group stage,Group F,2022-11-27,V-114,Qatar,Croatia,Canada,4,1,0,0,,,,Croatia,Canada,fjelstul
M-2022-28,WC-2022,2022,group stage,Group E,2022-11-27,V-111,Qatar,Spain,Germany,1,1,0,0,,,,Spain,Germany,fjelstul
M-2022-29,WC-2022,2022,group stage,Group G,2022-11-28,V-115,Qatar,Cameroon,Serbia,3,3,0,0,,,,Cameroon,Serbia,fjelstul
M-2022-30,WC-2022,2022,group stage,Group H,2022-11-28,V-113,Qatar,South Korea,Ghana,2,3,0,0,,,,South Korea,Ghana,fjelstul
M-2022-31,WC-2022,2022,group stage,Group G,2022-11-28,V-117,Qatar,Brazil,Switzerland,1,0,0,0,,,,Brazil,Switzerland,fjelstul
M-2022-32,WC-2022,2022,group stage,Group H,2022-11-28,V-118,Qatar,Portugal,Uruguay,2,0,0,0,,,,Portugal,Uruguay,fjelstul
M-2022-33,WC-2022,2022,group stage,Group A,2022-11-29,V-114,Qatar,Ecuador,Senegal,1,2,0,0,,,,Ecuador,Senegal,fjelstul
M-2022-34,WC-2022,2022,group stage,Group A,2022-11-29,V-111,Qatar,Netherlands,Qatar,2,0,0,0,,,,Netherlands,Qatar,fjelstul
M-2022-35,WC-2022,2022,group stage,Group B,2022-11-29,V-116,Qatar,Iran,United States,0,1,0,0,,,,Iran,United States,fjelstul
M-2022-36,WC-2022,2022,group stage,Group B,2022-11-29,V-112,Qatar,Wales,England,0,3,0,0,,,,Wales,England,fjelstul
M-2022-37,WC-2022,2022,group stage,Group D,2022-11-30,V-115,Qatar,Australia,Denmark,1,0,0,0,,,,Australia,Denmark,fjelstul
M-2022-38,WC-2022,2022,group stage,Group D,2022-11-30,V-113,Qatar,Tunisia,France,1,0,0,0,,,,Tunisia,France,fjelstul
M-2022-39,WC-2022,2022,group stage,Group C,2022-11-30,V-117,Qatar,Poland,Argentina,0,2,0,0,,,,Poland,Argentina,fjelstul
M-2022-40,WC-2022,2022,group stage,Group C,2022-11-30,V-118,Qatar,Saudi Arabia,Mexico,1,2,0,0,,,,Saudi Arabia,Mexico,fjelstul
M-2022-41,WC-2022,2022,group stage,Group F,2022-12-01,V-116,Qatar,Canada,Morocco,1,2,0,0,,,,Canada,Morocco,fjelstul
M-2022-42,WC-2022,2022,group stage,Group F,2022-12-01,V-112,Qatar,Croatia,Belgium,0,0,0,0,,,,Croatia,Belgium,fjelstul
M-2022-43,WC-2022,2022,group stage,Group E,2022-12-01,V-111,Qatar,Costa Rica,Germany,2,4,0,0,,,,Costa Rica,Germany,fjelstul
M-2022-44,WC-2022,2022,group stage,Group E,2022-12-01,V-114,Qatar,Japan,Spain,2,1,0,0,,,,Japan,Spain,fjelstul
M-2022-45,WC-2022,2022,group stage,Group H,2022-12-02,V-115,Qatar,Ghana,Uruguay,0,2,0,0,,,,Ghana,Uruguay,fjelstul
M-2022-46,WC-2022,2022,group stage,Group H,2022-12-02,V-113,Qatar,South Korea,Portugal,2,1,0,0,,,,South Korea,Portugal,fjelstul
M-2022-47,WC-2022,2022,group stage,Group G,2022-12-02,V-118,Qatar,Cameroon,Brazil,1,0,0,0,,,,Cameroon,Brazil,fjelstul
M-2022-48,WC-2022,2022,group stage,Group G,2022-12-02,V-117,Qatar,Serbia,Switzerland,2,3,0,0,,,,Serbia,Switzerland,fjelstul
M-2022-49,WC-2022,2022,round of 16,,2022-12-03,V-114,Qatar,Netherlands,United States,3,1,0,0,,,,Netherlands,United States,fjelstul
M-2022-50,WC-2022,2022,round of 16,,2022-12-03,V-112,Qatar,Argentina,Australia,2,1,0,0,,,,Argentina,Australia,fjelstul
M-2022-51,WC-2022,2022,round of 16,,2022-12-04,V-116,Qatar,France,Poland,3,1,0,0,,,,France,Poland,fjelstul
M-2022-52,WC-2022,2022,round of 16,,2022-12-04,V-111,Qatar,England,Senegal,3,0,0,0,,,,England,Senegal,fjelstul
M-2022-53,WC-2022,2022,round of 16,,2022-12-05,V-115,Qatar,Japan,Croatia,1,1,1,1,1.0,3.0,,Japan,Croatia,fjelstul
M-2022-54,WC-2022,2022,round of 16,,2022-12-05,V-117,Qatar,Brazil,South Korea,4,1,0,0,,,,Brazil,South Korea,fjelstul
M-2022-55,WC-2022,2022,round of 16,,2022-12-06,V-113,Qatar,Morocco,Spain,0,0,1,1,3.0,0.0,,Morocco,Spain,fjelstul
M-2022-56,WC-2022,2022,round of 16,,2022-12-06,V-118,Qatar,Portugal,Switzerland,6,1,0,0,,,,Portugal,Switzerland,fjelstul
M-2022-57,WC-2022,2022,quarter-finals,,2022-12-09,V-113,Qatar,Croatia,Brazil,1,1,1,1,4.0,2.0,,Croatia,Brazil,fjelstul
M-2022-58,WC-2022,2022,quarter-finals,,2022-12-09,V-118,Qatar,Netherlands,Argentina,2,2,1,1,3.0,4.0,,Netherlands,Argentina,fjelstul
M-2022-59,WC-2022,2022,quarter-finals,,2022-12-10,V-116,Qatar,Morocco,Portugal,1,0,0,0,,,,Morocco,Portugal,fjelstul
M-2022-60,WC-2022,2022,quarter-finals,,2022-12-10,V-111,Qatar,England,France,1,2,0,0,,,,England,France,fjelstul
M-2022-61,WC-2022,2022,semi-finals,,2022-12-13,V-118,Qatar,Argentina,Croatia,3,0,0,0,,,,Argentina,Croatia,fjelstul
M-2022-62,WC-2022,2022,semi-finals,,2022-12-14,V-111,Qatar,France,Morocco,2,0,0,0,,,,France,Morocco,fjelstul
M-2022-63,WC-2022,2022,third-place match,,2022-12-17,V-114,Qatar,Croatia,Morocco,2,1,0,0,,,,Croatia,Morocco,fjelstul
M-2022-64,WC-2022,2022,final,,2022-12-18,V-118,Qatar,Argentina,France,3,3,1,1,4.0,2.0,,Argentina,France,fjelstul
M-2026-001,WC-2026,2026,group stage,Group A,2026-06-11,V-102,Mexico,Mexico,South Africa,2,0,0,0,,,80824.0,Mexico,South Africa,wikipedia
M-2026-002,WC-2026,2026,group stage,Group A,2026-06-11,V-110,Mexico,South Korea,Czech Republic,2,1,0,0,,,44985.0,South Korea,Czech Republic,wikipedia
M-2026-003,WC-2026,2026,group stage,Group B,2026-06-12,V-024,Canada,Canada,Bosnia and Herzegovina,1,1,0,0,,,43002.0,Canada,Bosnia and Herzegovina,wikipedia
M-2026-004,WC-2026,2026,group stage,Group D,2026-06-12,V-195,United States,United States,Paraguay,4,1,0,0,,,70492.0,United States,Paraguay,wikipedia
M-2026-005,WC-2026,2026,group stage,Group B,2026-06-13,V-202,United States,Qatar,Switzerland,1,1,0,0,,,67966.0,Qatar,Switzerland,wikipedia
M-2026-006,WC-2026,2026,group stage,Group C,2026-06-13,V-191,United States,Brazil,Morocco,1,1,0,0,,,80663.0,Brazil,Morocco,wikipedia
M-2026-007,WC-2026,2026,group stage,Group D,2026-06-13,V-025,Canada,Australia,Turkey,2,0,0,0,,,52497.0,Australia,Turkey,wikipedia
M-2026-008,WC-2026,2026,group stage,Group C,2026-06-13,V-193,United States,Haiti,Scotland,0,1,0,0,,,64146.0,Haiti,Scotland,wikipedia
M-2026-009,WC-2026,2026,group stage,Group E,2026-06-14,V-194,United States,Germany,Curaçao,7,1,0,0,,,68021.0,Germany,Curaçao,wikipedia
M-2026-010,WC-2026,2026,group stage,Group F,2026-06-14,V-186,United States,Netherlands,Japan,2,2,0,0,,,69285.0,Netherlands,Japan,wikipedia
M-2026-011,WC-2026,2026,group stage,Group E,2026-06-14,V-200,United States,Ivory Coast,Ecuador,1,0,0,0,,,68274.0,Ivory Coast,Ecuador,wikipedia
M-2026-012,WC-2026,2026,group stage,Group F,2026-06-14,V-099,Mexico,Sweden,Tunisia,5,1,0,0,,,50987.0,Sweden,Tunisia,wikipedia
M-2026-013,WC-2026,2026,group stage,Group G,2026-06-15,V-203,United States,Belgium,Egypt,1,1,0,0,,,66775.0,Belgium,Egypt,wikipedia
M-2026-014,WC-2026,2026,group stage,Group H,2026-06-15,V-187,United States,Spain,Cape Verde,0,0,0,0,,,67640.0,Spain,Cape Verde,wikipedia
M-2026-015,WC-2026,2026,group stage,Group G,2026-06-15,V-195,United States,Iran,New Zealand,2,2,0,0,,,70108.0,Iran,New Zealand,wikipedia
M-2026-016,WC-2026,2026,group stage,Group H,2026-06-15,V-197,United States,Saudi Arabia,Uruguay,1,1,0,0,,,62764.0,Saudi Arabia,Uruguay,wikipedia
M-2026-017,WC-2026,2026,group stage,Group I,2026-06-16,V-191,United States,France,Senegal,3,1,0,0,,,80545.0,France,Senegal,wikipedia
M-2026-018,WC-2026,2026,group stage,Group I,2026-06-16,V-193,United States,Iraq,Norway,1,4,0,0,,,63106.0,Iraq,Norway,wikipedia
M-2026-019,WC-2026,2026,group stage,Group J,2026-06-16,V-196,United States,Argentina,Algeria,3,0,0,0,,,69045.0,Argentina,Algeria,wikipedia
M-2026-020,WC-2026,2026,group stage,Group J,2026-06-16,V-202,United States,Austria,Jordan,3,1,0,0,,,68527.0,Austria,Jordan,wikipedia
M-2026-021,WC-2026,2026,group stage,Group K,2026-06-17,V-194,United States,Portugal,DR Congo,1,1,0,0,,,68777.0,Portugal,DR Congo,wikipedia
M-2026-022,WC-2026,2026,group stage,Group L,2026-06-17,V-186,United States,England,Croatia,4,2,0,0,,,70389.0,England,Croatia,wikipedia
M-2026-023,WC-2026,2026,group stage,Group L,2026-06-17,V-024,Canada,Ghana,Panama,1,0,0,0,,,42942.0,Ghana,Panama,wikipedia
M-2026-024,WC-2026,2026,group stage,Group K,2026-06-17,V-102,Mexico,Uzbekistan,Colombia,1,3,0,0,,,80824.0,Uzbekistan,Colombia,wikipedia
M-2026-025,WC-2026,2026,group stage,Group A,2026-06-18,V-187,United States,Czech Republic,South Africa,1,1,0,0,,,67442.0,Czech Republic,South Africa,wikipedia
M-2026-026,WC-2026,2026,group stage,Group B,2026-06-18,V-195,United States,Switzerland,Bosnia and Herzegovina,4,1,0,0,,,70026.0,Switzerland,Bosnia and Herzegovina,wikipedia
M-2026-027,WC-2026,2026,group stage,Group B,2026-06-18,V-025,Canada,Canada,Qatar,6,0,0,0,,,52497.0,Canada,Qatar,wikipedia
M-2026-028,WC-2026,2026,group stage,Group A,2026-06-18,V-110,Mexico,Mexico,South Korea,1,0,0,0,,,45522.0,Mexico,South Korea,wikipedia
M-2026-029,WC-2026,2026,group stage,Group D,2026-06-19,V-203,United States,United States,Australia,2,0,0,0,,,66925.0,United States,Australia,wikipedia
M-2026-030,WC-2026,2026,group stage,Group C,2026-06-19,V-193,United States,Scotland,Morocco,0,1,0,0,,,64146.0,Scotland,Morocco,wikipedia
M-2026-031,WC-2026,2026,group stage,Group D,2026-06-19,V-202,United States,Turkey,Paraguay,0,1,0,0,,,68827.0,Turkey,Paraguay,wikipedia
M-2026-032,WC-2026,2026,group stage,Group C,2026-06-19,V-200,United States,Brazil,Haiti,3,0,0,0,,,68324.0,Brazil,Haiti,wikipedia
M-2026-033,WC-2026,2026,group stage,Group F,2026-06-20,V-099,Mexico,Tunisia,Japan,0,4,0,0,,,51243.0,Tunisia,Japan,wikipedia
M-2026-034,WC-2026,2026,group stage,Group F,2026-06-20,V-194,United States,Netherlands,Sweden,5,1,0,0,,,68777.0,Netherlands,Sweden,wikipedia
M-2026-035,WC-2026,2026,group stage,Group E,2026-06-20,V-024,Canada,Germany,Ivory Coast,2,1,0,0,,,43036.0,Germany,Ivory Coast,wikipedia
M-2026-036,WC-2026,2026,group stage,Group E,2026-06-20,V-196,United States,Ecuador,Curaçao,0,0,0,0,,,68598.0,Ecuador,Curaçao,wikipedia
M-2026-037,WC-2026,2026,group stage,Group G,2026-06-21,V-195,United States,Belgium,Iran,0,0,0,0,,,70317.0,Belgium,Iran,wikipedia
M-2026-038,WC-2026,2026,group stage,Group H,2026-06-21,V-187,United States,Spain,Saudi Arabia,4,0,0,0,,,68239.0,Spain,Saudi Arabia,wikipedia
M-2026-039,WC-2026,2026,group stage,Group G,2026-06-21,V-025,Canada,New Zealand,Egypt,1,3,0,0,,,52497.0,New Zealand,Egypt,wikipedia
M-2026-040,WC-2026,2026,group stage,Group H,2026-06-21,V-197,United States,Uruguay,Cape Verde,2,2,0,0,,,64003.0,Uruguay,Cape Verde,wikipedia
M-2026-041,WC-2026,2026,group stage,Group J,2026-06-22,V-186,United States,Argentina,Austria,2,0,0,0,,,70649.0,Argentina,Austria,wikipedia
M-2026-042,WC-2026,2026,group stage,Group I,2026-06-22,V-200,United States,France,Iraq,3,0,0,0,,,68324.0,France,Iraq,wikipedia
M-2026-043,WC-2026,2026,group stage,Group I,2026-06-22,V-191,United States,Norway,Senegal,3,2,0,0,,,80663.0,Norway,Senegal,wikipedia
M-2026-044,WC-2026,2026,group stage,Group J,2026-06-22,V-202,United States,Jordan,Algeria,1,2,0,0,,,68371.0,Jordan,Algeria,wikipedia
M-2026-045,WC-2026,2026,group stage,Group K,2026-06-23,V-194,United States,Portugal,Uzbekistan,5,0,0,0,,,68777.0,Portugal,Uzbekistan,wikipedia
M-2026-046,WC-2026,2026,group stage,Group L,2026-06-23,V-193,United States,England,Ghana,0,0,0,0,,,63983.0,England,Ghana,wikipedia
M-2026-047,WC-2026,2026,group stage,Group L,2026-06-23,V-024,Canada,Panama,Croatia,0,1,0,0,,,43036.0,Panama,Croatia,wikipedia
M-2026-048,WC-2026,2026,group stage,Group K,2026-06-23,V-110,Mexico,Colombia,DR Congo,1,0,0,0,,,45358.0,Colombia,DR Congo,wikipedia
M-2026-049,WC-2026,2026,group stage,Group B,2026-06-24,V-203,United States,Bosnia and Herzegovina,Qatar,3,1,0,0,,,66925.0,Bosnia and Herzegovina,Qatar,wikipedia
M-2026-050,WC-2026,2026,group stage,Group B,2026-06-24,V-025,Canada,Switzerland,Canada,2,1,0,0,,,52497.0,Switzerland,Canada,wikipedia
M-2026-051,WC-2026,2026,group stage,Group C,2026-06-24,V-187,United States,Morocco,Haiti,4,2,0,0,,,68239.0,Morocco,Haiti,wikipedia
M-2026-052,WC-2026,2026,group stage,Group C,2026-06-24,V-197,United States,Scotland,Brazil,0,3,0,0,,,64478.0,Scotland,Brazil,wikipedia
M-2026-053,WC-2026,2026,group stage,Group A,2026-06-24,V-102,Mexico,Czech Republic,Mexico,0,3,0,0,,,80824.0,Czech Republic,Mexico,wikipedia
M-2026-054,WC-2026,2026,group stage,Group A,2026-06-24,V-099,Mexico,South Africa,South Korea,1,0,0,0,,,51243.0,South Africa,South Korea,wikipedia
M-2026-055,WC-2026,2026,group stage,Group E,2026-06-25,V-200,United States,Curaçao,Ivory Coast,0,2,0,0,,,68324.0,Curaçao,Ivory Coast,wikipedia
M-2026-056,WC-2026,2026,group stage,Group E,2026-06-25,V-191,United States,Ecuador,Germany,2,1,0,0,,,80663.0,Ecuador,Germany,wikipedia
M-2026-057,WC-2026,2026,group stage,Group F,2026-06-25,V-186,United States,Japan,Sweden,1,1,0,0,,,70137.0,Japan,Sweden,wikipedia
M-2026-058,WC-2026,2026,group stage,Group F,2026-06-25,V-196,United States,Tunisia,Netherlands,1,3,0,0,,,68391.0,Tunisia,Netherlands,wikipedia
M-2026-059,WC-2026,2026,group stage,Group D,2026-06-25,V-202,United States,Paraguay,Australia,0,0,0,0,,,68827.0,Paraguay,Australia,wikipedia
M-2026-060,WC-2026,2026,group stage,Group D,2026-06-25,V-195,United States,Turkey,United States,3,2,0,0,,,70492.0,Turkey,United States,wikipedia
M-2026-061,WC-2026,2026,group stage,Group I,2026-06-26,V-193,United States,Norway,France,1,4,0,0,,,64146.0,Norway,France,wikipedia
M-2026-062,WC-2026,2026,group stage,Group I,2026-06-26,V-024,Canada,Senegal,Iraq,5,0,0,0,,,43036.0,Senegal,Iraq,wikipedia
M-2026-063,WC-2026,2026,group stage,Group H,2026-06-26,V-110,Mexico,Uruguay,Spain,0,1,0,0,,,45065.0,Uruguay,Spain,wikipedia
M-2026-064,WC-2026,2026,group stage,Group H,2026-06-26,V-194,United States,Cape Verde,Saudi Arabia,0,0,0,0,,,68278.0,Cape Verde,Saudi Arabia,wikipedia
M-2026-065,WC-2026,2026,group stage,Group G,2026-06-26,V-203,United States,Egypt,Iran,1,1,0,0,,,66925.0,Egypt,Iran,wikipedia
M-2026-066,WC-2026,2026,group stage,Group G,2026-06-26,V-025,Canada,New Zealand,Belgium,1,5,0,0,,,52497.0,New Zealand,Belgium,wikipedia
M-2026-067,WC-2026,2026,group stage,Group L,2026-06-27,V-200,United States,Croatia,Ghana,2,1,0,0,,,68324.0,Croatia,Ghana,wikipedia
M-2026-068,WC-2026,2026,group stage,Group L,2026-06-27,V-191,United States,Panama,England,0,2,0,0,,,80663.0,Panama,England,wikipedia
M-2026-069,WC-2026,2026,group stage,Group K,2026-06-27,V-197,United States,Colombia,Portugal,0,0,0,0,,,64478.0,Colombia,Portugal,wikipedia
M-2026-070,WC-2026,2026,group stage,Group K,2026-06-27,V-187,United States,DR Congo,Uzbekistan,3,1,0,0,,,68239.0,DR Congo,Uzbekistan,wikipedia
M-2026-071,WC-2026,2026,group stage,Group J,2026-06-27,V-196,United States,Algeria,Austria,3,3,0,0,,,69045.0,Algeria,Austria,wikipedia
M-2026-072,WC-2026,2026,group stage,Group J,2026-06-27,V-186,United States,Jordan,Argentina,1,3,0,0,,,70649.0,Jordan,Argentina,wikipedia
M-2026-073,WC-2026,2026,round of 32,,2026-06-28,V-195,United States,South Africa,Canada,0,1,0,0,,,69237.0,South Africa,Canada,wikipedia
M-2026-074,WC-2026,2026,round of 32,,2026-06-29,V-194,United States,Brazil,Japan,2,1,0,0,,,68777.0,Brazil,Japan,wikipedia
M-2026-075,WC-2026,2026,round of 32,,2026-06-29,V-193,United States,Germany,Paraguay,1,1,1,1,3.0,4.0,63945.0,Germany,Paraguay,wikipedia
M-2026-076,WC-2026,2026,round of 32,,2026-06-29,V-099,Mexico,Netherlands,Morocco,1,1,1,1,2.0,3.0,51243.0,Netherlands,Morocco,wikipedia
M-2026-077,WC-2026,2026,round of 32,,2026-06-30,V-186,United States,Ivory Coast,Norway,1,2,0,0,,,69665.0,Ivory Coast,Norway,wikipedia
M-2026-078,WC-2026,2026,round of 32,,2026-06-30,V-191,United States,France,Sweden,3,0,0,0,,,80663.0,France,Sweden,wikipedia
M-2026-079,WC-2026,2026,round of 32,,2026-06-30,V-102,Mexico,Mexico,Ecuador,2,0,0,0,,,80824.0,Mexico,Ecuador,wikipedia
M-2026-080,WC-2026,2026,round of 32,,2026-07-01,V-187,United States,England,DR Congo,2,1,0,0,,,68239.0,England,DR Congo,wikipedia
M-2026-081,WC-2026,2026,round of 32,,2026-07-01,V-203,United States,Belgium,Senegal,3,2,1,0,,,66925.0,Belgium,Senegal,wikipedia
M-2026-082,WC-2026,2026,round of 32,,2026-07-01,V-202,United States,United States,Bosnia and Herzegovina,2,0,0,0,,,68827.0,United States,Bosnia and Herzegovina,wikipedia
M-2026-083,WC-2026,2026,round of 32,,2026-07-02,V-195,United States,Spain,Austria,3,0,0,0,,,70492.0,Spain,Austria,wikipedia
M-2026-084,WC-2026,2026,round of 32,,2026-07-02,V-024,Canada,Portugal,Croatia,2,1,0,0,,,43036.0,Portugal,Croatia,wikipedia
M-2026-085,WC-2026,2026,round of 32,,2026-07-02,V-025,Canada,Switzerland,Algeria,2,0,0,0,,,52497.0,Switzerland,Algeria,wikipedia
M-2026-086,WC-2026,2026,round of 32,,2026-07-03,V-186,United States,Australia,Egypt,1,1,1,1,2.0,4.0,70244.0,Australia,Egypt,wikipedia
M-2026-087,WC-2026,2026,round of 32,,2026-07-03,V-197,United States,Argentina,Cape Verde,3,2,1,0,,,64478.0,Argentina,Cape Verde,wikipedia
M-2026-088,WC-2026,2026,round of 32,,2026-07-03,V-196,United States,Colombia,Ghana,1,0,0,0,,,69045.0,Colombia,Ghana,wikipedia
M-2026-089,WC-2026,2026,round of 16,,2026-07-04,V-194,United States,Canada,Morocco,0,3,0,0,,,68777.0,Canada,Morocco,wikipedia
M-2026-090,WC-2026,2026,round of 16,,2026-07-04,V-200,United States,Paraguay,France,0,1,0,0,,,68324.0,Paraguay,France,wikipedia
M-2026-091,WC-2026,2026,round of 16,,2026-07-05,V-191,United States,Brazil,Norway,1,2,0,0,,,80663.0,Brazil,Norway,wikipedia
M-2026-092,WC-2026,2026,round of 16,,2026-07-05,V-102,Mexico,Mexico,England,2,3,0,0,,,80824.0,Mexico,England,wikipedia
M-2026-093,WC-2026,2026,round of 16,,2026-07-06,V-186,United States,Portugal,Spain,0,1,0,0,,,70649.0,Portugal,Spain,wikipedia
M-2026-094,WC-2026,2026,round of 16,,2026-07-06,V-203,United States,United States,Belgium,1,4,0,0,,,66925.0,United States,Belgium,wikipedia
M-2026-095,WC-2026,2026,round of 16,,2026-07-07,V-187,United States,Argentina,Egypt,3,2,0,0,,,68239.0,Argentina,Egypt,wikipedia
M-2026-096,WC-2026,2026,round of 16,,2026-07-07,V-025,Canada,Switzerland,Colombia,0,0,1,1,4.0,3.0,52497.0,Switzerland,Colombia,wikipedia
M-2026-097,WC-2026,2026,quarter-finals,,2026-07-09,V-193,United States,France,Morocco,2,0,0,0,,,63811.0,France,Morocco,wikipedia
M-2026-098,WC-2026,2026,quarter-finals,,2026-07-10,V-195,United States,Spain,Belgium,2,1,0,0,,,70492.0,Spain,Belgium,wikipedia
M-2026-099,WC-2026,2026,quarter-finals,,2026-07-11,V-197,United States,Norway,England,1,2,1,0,,,64478.0,Norway,England,wikipedia
M-2026-100,WC-2026,2026,quarter-finals,,2026-07-11,V-196,United States,Argentina,Switzerland,3,1,1,0,,,69045.0,Argentina,Switzerland,wikipedia
M-2026-101,WC-2026,2026,semi-finals,,2026-07-14,V-186,United States,France,Spain,0,2,0,0,,,70176.0,France,Spain,wikipedia
M-2026-102,WC-2026,2026,semi-finals,,2026-07-15,V-187,United States,England,Argentina,1,2,0,0,,,68239.0,England,Argentina,wikipedia
M-2026-103,WC-2026,2026,third-place match,,2026-07-18,V-197,United States,France,England,4,6,0,0,,,64478.0,France,England,wikipedia
M-2026-104,WC-2026,2026,final,,2026-07-19,V-191,United States,Spain,Argentina,1,0,1,0,,,80663.0,Spain,Argentina,wikipedia
