tournament_id,tournament_name,competition,year,match_id,stage_name,stage,group_name,match_date,stadium_name,city_name,country_name,home_team_raw,away_team_raw,home_team,away_team,home_team_score,away_team_score,extra_time,penalty_shootout,home_team_score_penalties,away_team_score_penalties,attendance,source
WC-1930,1930 FIFA Men's World Cup,mens,1930,M-1930-01,group stage,group stage,Group 1,1930-07-13,Estadio Pocitos,Montevideo,Uruguay,France,Mexico,France,Mexico,4,1,0,0,0.0,0.0,,fjelstul
WC-1930,1930 FIFA Men's World Cup,mens,1930,M-1930-02,group stage,group stage,Group 4,1930-07-13,Estadio Gran Parque Central,Montevideo,Uruguay,United States,Belgium,United States,Belgium,3,0,0,0,0.0,0.0,,fjelstul
WC-1930,1930 FIFA Men's World Cup,mens,1930,M-1930-03,group stage,group stage,Group 2,1930-07-14,Estadio Gran Parque Central,Montevideo,Uruguay,Yugoslavia,Brazil,Serbia,Brazil,2,1,0,0,0.0,0.0,,fjelstul
WC-1930,1930 FIFA Men's World Cup,mens,1930,M-1930-04,group stage,group stage,Group 3,1930-07-14,Estadio Pocitos,Montevideo,Uruguay,Romania,Peru,Romania,Peru,3,1,0,0,0.0,0.0,,fjelstul
WC-1930,1930 FIFA Men's World Cup,mens,1930,M-1930-05,group stage,group stage,Group 1,1930-07-15,Estadio Gran Parque Central,Montevideo,Uruguay,Argentina,France,Argentina,France,1,0,0,0,0.0,0.0,,fjelstul
WC-1930,1930 FIFA Men's World Cup,mens,1930,M-1930-06,group stage,group stage,Group 1,1930-07-16,Estadio Gran Parque Central,Montevideo,Uruguay,Chile,Mexico,Chile,Mexico,3,0,0,0,0.0,0.0,,fjelstul
WC-1930,1930 FIFA Men's World Cup,mens,1930,M-1930-07,group stage,group stage,Group 2,1930-07-17,Estadio Gran Parque Central,Montevideo,Uruguay,Yugoslavia,Bolivia,Serbia,Bolivia,4,0,0,0,0.0,0.0,,fjelstul
WC-1930,1930 FIFA Men's World Cup,mens,1930,M-1930-08,group stage,group stage,Group 4,1930-07-17,Estadio Gran Parque Central,Montevideo,Uruguay,United States,Paraguay,United States,Paraguay,3,0,0,0,0.0,0.0,,fjelstul
WC-1930,1930 FIFA Men's World Cup,mens,1930,M-1930-09,group stage,group stage,Group 3,1930-07-18,Estadio Centenario,Montevideo,Uruguay,Uruguay,Peru,Uruguay,Peru,1,0,0,0,0.0,0.0,,fjelstul
WC-1930,1930 FIFA Men's World Cup,mens,1930,M-1930-10,group stage,group stage,Group 1,1930-07-19,Estadio Centenario,Montevideo,Uruguay,Chile,France,Chile,France,1,0,0,0,0.0,0.0,,fjelstul
WC-1930,1930 FIFA Men's World Cup,mens,1930,M-1930-11,group stage,group stage,Group 1,1930-07-19,Estadio Centenario,Montevideo,Uruguay,Argentina,Mexico,Argentina,Mexico,6,3,0,0,0.0,0.0,,fjelstul
WC-1930,1930 FIFA Men's World Cup,mens,1930,M-1930-12,group stage,group stage,Group 2,1930-07-20,Estadio Centenario,Montevideo,Uruguay,Brazil,Bolivia,Brazil,Bolivia,4,0,0,0,0.0,0.0,,fjelstul
WC-1930,1930 FIFA Men's World Cup,mens,1930,M-1930-13,group stage,group stage,Group 4,1930-07-20,Estadio Centenario,Montevideo,Uruguay,Paraguay,Belgium,Paraguay,Belgium,1,0,0,0,0.0,0.0,,fjelstul
WC-1930,1930 FIFA Men's World Cup,mens,1930,M-1930-14,group stage,group stage,Group 3,1930-07-21,Estadio Centenario,Montevideo,Uruguay,Uruguay,Romania,Uruguay,Romania,4,0,0,0,0.0,0.0,,fjelstul
WC-1930,1930 FIFA Men's World Cup,mens,1930,M-1930-15,group stage,group stage,Group 1,1930-07-22,Estadio Centenario,Montevideo,Uruguay,Argentina,Chile,Argentina,Chile,3,1,0,0,0.0,0.0,,fjelstul
WC-1930,1930 FIFA Men's World Cup,mens,1930,M-1930-16,semi-finals,semi-finals,not applicable,1930-07-26,Estadio Centenario,Montevideo,Uruguay,Argentina,United States,Argentina,United States,6,1,0,0,0.0,0.0,,fjelstul
WC-1930,1930 FIFA Men's World Cup,mens,1930,M-1930-17,semi-finals,semi-finals,not applicable,1930-07-27,Estadio Centenario,Montevideo,Uruguay,Uruguay,Yugoslavia,Uruguay,Serbia,6,1,0,0,0.0,0.0,,fjelstul
WC-1930,1930 FIFA Men's World Cup,mens,1930,M-1930-18,final,final,not applicable,1930-07-30,Estadio Centenario,Montevideo,Uruguay,Uruguay,Argentina,Uruguay,Argentina,4,2,0,0,0.0,0.0,,fjelstul
WC-1934,1934 FIFA Men's World Cup,mens,1934,M-1934-01,round of 16,round of 16,not applicable,1934-05-27,Stadio Benito Mussolini,Turin,Italy,Austria,France,Austria,France,3,2,1,0,0.0,0.0,,fjelstul
WC-1934,1934 FIFA Men's World Cup,mens,1934,M-1934-02,round of 16,round of 16,not applicable,1934-05-27,Stadio Littorio,Trieste,Italy,Czechoslovakia,Romania,Czech Republic,Romania,2,1,0,0,0.0,0.0,,fjelstul
WC-1934,1934 FIFA Men's World Cup,mens,1934,M-1934-03,round of 16,round of 16,not applicable,1934-05-27,Stadio Giovanni Berta,Florence,Italy,Germany,Belgium,Germany,Belgium,5,2,0,0,0.0,0.0,,fjelstul
WC-1934,1934 FIFA Men's World Cup,mens,1934,M-1934-04,round of 16,round of 16,not applicable,1934-05-27,Stadio Giorgio Ascarelli,Naples,Italy,Hungary,Egypt,Hungary,Egypt,4,2,0,0,0.0,0.0,,fjelstul
WC-1934,1934 FIFA Men's World Cup,mens,1934,M-1934-05,round of 16,round of 16,not applicable,1934-05-27,Stadio Nazionale PNF,Rome,Italy,Italy,United States,Italy,United States,7,1,0,0,0.0,0.0,,fjelstul
WC-1934,1934 FIFA Men's World Cup,mens,1934,M-1934-06,round of 16,round of 16,not applicable,1934-05-27,Stadio Luigi Ferraris,Genoa,Italy,Spain,Brazil,Spain,Brazil,3,1,0,0,0.0,0.0,,fjelstul
WC-1934,1934 FIFA Men's World Cup,mens,1934,M-1934-07,round of 16,round of 16,not applicable,1934-05-27,Stadio Renato Dall'Ara,Bologna,Italy,Sweden,Argentina,Sweden,Argentina,3,2,0,0,0.0,0.0,,fjelstul
WC-1934,1934 FIFA Men's World Cup,mens,1934,M-1934-08,round of 16,round of 16,not applicable,1934-05-27,San Siro,Milan,Italy,Switzerland,Netherlands,Switzerland,Netherlands,3,2,0,0,0.0,0.0,,fjelstul
WC-1934,1934 FIFA Men's World Cup,mens,1934,M-1934-09,quarter-finals,quarter-finals,not applicable,1934-05-31,Stadio Renato Dall'Ara,Bologna,Italy,Austria,Hungary,Austria,Hungary,2,1,0,0,0.0,0.0,,fjelstul
WC-1934,1934 FIFA Men's World Cup,mens,1934,M-1934-10,quarter-finals,quarter-finals,not applicable,1934-05-31,Stadio Benito Mussolini,Turin,Italy,Czechoslovakia,Switzerland,Czech Republic,Switzerland,3,2,0,0,0.0,0.0,,fjelstul
WC-1934,1934 FIFA Men's World Cup,mens,1934,M-1934-11,quarter-finals,quarter-finals,not applicable,1934-05-31,San Siro,Milan,Italy,Germany,Sweden,Germany,Sweden,2,1,0,0,0.0,0.0,,fjelstul
WC-1934,1934 FIFA Men's World Cup,mens,1934,M-1934-12,quarter-finals,quarter-finals,not applicable,1934-05-31,Stadio Giovanni Berta,Florence,Italy,Italy,Spain,Italy,Spain,1,1,1,0,0.0,0.0,,fjelstul
WC-1934,1934 FIFA Men's World Cup,mens,1934,M-1934-13,quarter-finals,quarter-finals,not applicable,1934-06-01,Stadio Giovanni Berta,Florence,Italy,Italy,Spain,Italy,Spain,1,0,0,0,0.0,0.0,,fjelstul
WC-1934,1934 FIFA Men's World Cup,mens,1934,M-1934-14,semi-finals,semi-finals,not applicable,1934-06-03,Stadio Nazionale PNF,Rome,Italy,Czechoslovakia,Germany,Czech Republic,Germany,3,1,0,0,0.0,0.0,,fjelstul
WC-1934,1934 FIFA Men's World Cup,mens,1934,M-1934-15,semi-finals,semi-finals,not applicable,1934-06-03,San Siro,Milan,Italy,Italy,Austria,Italy,Austria,1,0,0,0,0.0,0.0,,fjelstul
WC-1934,1934 FIFA Men's World Cup,mens,1934,M-1934-16,third-place match,third-place match,not applicable,1934-06-07,Stadio Giorgio Ascarelli,Naples,Italy,Germany,Austria,Germany,Austria,3,2,0,0,0.0,0.0,,fjelstul
WC-1934,1934 FIFA Men's World Cup,mens,1934,M-1934-17,final,final,not applicable,1934-06-10,Stadio Nazionale PNF,Rome,Italy,Italy,Czechoslovakia,Italy,Czech Republic,2,1,1,0,0.0,0.0,,fjelstul
WC-1938,1938 FIFA Men's World Cup,mens,1938,M-1938-01,round of 16,round of 16,not applicable,1938-06-04,Parc des Princes,Paris,France,Switzerland,Germany,Switzerland,Germany,1,1,1,0,0.0,0.0,,fjelstul
WC-1938,1938 FIFA Men's World Cup,mens,1938,M-1938-02,round of 16,round of 16,not applicable,1938-06-05,Stade du T.O.E.C.,Toulouse,France,Cuba,Romania,Cuba,Romania,3,3,1,0,0.0,0.0,,fjelstul
WC-1938,1938 FIFA Men's World Cup,mens,1938,M-1938-03,round of 16,round of 16,not applicable,1938-06-05,Stade Olympique de Colombes,Paris,France,France,Belgium,France,Belgium,3,1,0,0,0.0,0.0,,fjelstul
WC-1938,1938 FIFA Men's World Cup,mens,1938,M-1938-04,round of 16,round of 16,not applicable,1938-06-05,Vélodrome Municipal,Reims,France,Hungary,Dutch East Indies,Hungary,Indonesia,6,0,0,0,0.0,0.0,,fjelstul
WC-1938,1938 FIFA Men's World Cup,mens,1938,M-1938-05,round of 16,round of 16,not applicable,1938-06-05,Stade Vélodrome,Marseille,France,Italy,Norway,Italy,Norway,2,1,1,0,0.0,0.0,,fjelstul
WC-1938,1938 FIFA Men's World Cup,mens,1938,M-1938-06,round of 16,round of 16,not applicable,1938-06-05,Stade de la Meinau,Strasbourg,France,Brazil,Poland,Brazil,Poland,6,5,1,0,0.0,0.0,,fjelstul
WC-1938,1938 FIFA Men's World Cup,mens,1938,M-1938-07,round of 16,round of 16,not applicable,1938-06-05,Stade Jules Deschaseaux,Le Havre,France,Czechoslovakia,Netherlands,Czech Republic,Netherlands,3,0,1,0,0.0,0.0,,fjelstul
WC-1938,1938 FIFA Men's World Cup,mens,1938,M-1938-08,round of 16,round of 16,not applicable,1938-06-09,Stade du T.O.E.C.,Toulouse,France,Cuba,Romania,Cuba,Romania,2,1,0,0,0.0,0.0,,fjelstul
WC-1938,1938 FIFA Men's World Cup,mens,1938,M-1938-09,round of 16,round of 16,not applicable,1938-06-09,Parc des Princes,Paris,France,Switzerland,Germany,Switzerland,Germany,4,2,0,0,0.0,0.0,,fjelstul
WC-1938,1938 FIFA Men's World Cup,mens,1938,M-1938-10,quarter-finals,quarter-finals,not applicable,1938-06-12,Stade du Parc Lescure,Bordeaux,France,Brazil,Czechoslovakia,Brazil,Czech Republic,1,1,1,0,0.0,0.0,,fjelstul
WC-1938,1938 FIFA Men's World Cup,mens,1938,M-1938-11,quarter-finals,quarter-finals,not applicable,1938-06-12,Stade Victor Boucquey,Lille,France,Hungary,Switzerland,Hungary,Switzerland,2,0,0,0,0.0,0.0,,fjelstul
WC-1938,1938 FIFA Men's World Cup,mens,1938,M-1938-12,quarter-finals,quarter-finals,not applicable,1938-06-12,Stade Olympique de Colombes,Paris,France,Italy,France,Italy,France,3,1,0,0,0.0,0.0,,fjelstul
WC-1938,1938 FIFA Men's World Cup,mens,1938,M-1938-13,quarter-finals,quarter-finals,not applicable,1938-06-12,Stade du Fort Carré,Antibes,France,Sweden,Cuba,Sweden,Cuba,8,0,0,0,0.0,0.0,,fjelstul
WC-1938,1938 FIFA Men's World Cup,mens,1938,M-1938-14,quarter-finals,quarter-finals,not applicable,1938-06-14,Stade du Parc Lescure,Bordeaux,France,Brazil,Czechoslovakia,Brazil,Czech Republic,2,1,0,0,0.0,0.0,,fjelstul
WC-1938,1938 FIFA Men's World Cup,mens,1938,M-1938-15,semi-finals,semi-finals,not applicable,1938-06-16,Parc des Princes,Paris,France,Hungary,Sweden,Hungary,Sweden,5,1,0,0,0.0,0.0,,fjelstul
WC-1938,1938 FIFA Men's World Cup,mens,1938,M-1938-16,semi-finals,semi-finals,not applicable,1938-06-16,Stade Vélodrome,Marseille,France,Italy,Brazil,Italy,Brazil,2,1,0,0,0.0,0.0,,fjelstul
WC-1938,1938 FIFA Men's World Cup,mens,1938,M-1938-17,third-place match,third-place match,not applicable,1938-06-19,Stade du Parc Lescure,Bordeaux,France,Brazil,Sweden,Brazil,Sweden,4,2,0,0,0.0,0.0,,fjelstul
WC-1938,1938 FIFA Men's World Cup,mens,1938,M-1938-18,final,final,not applicable,1938-06-19,Stade Olympique de Colombes,Paris,France,Italy,Hungary,Italy,Hungary,4,2,0,0,0.0,0.0,,fjelstul
WC-1950,1950 FIFA Men's World Cup,mens,1950,M-1950-01,group stage,group stage,Group 1,1950-06-24,Estádio do Maracanã,Rio de Janeiro,Brazil,Brazil,Mexico,Brazil,Mexico,4,0,0,0,0.0,0.0,,fjelstul
WC-1950,1950 FIFA Men's World Cup,mens,1950,M-1950-02,group stage,group stage,Group 1,1950-06-25,Estádio Independência,Belo Horizonte,Brazil,Yugoslavia,Switzerland,Serbia,Switzerland,3,0,0,0,0.0,0.0,,fjelstul
WC-1950,1950 FIFA Men's World Cup,mens,1950,M-1950-03,group stage,group stage,Group 2,1950-06-25,Estádio do Maracanã,Rio de Janeiro,Brazil,England,Chile,England,Chile,2,0,0,0,0.0,0.0,,fjelstul
WC-1950,1950 FIFA Men's World Cup,mens,1950,M-1950-04,group stage,group stage,Group 2,1950-06-25,Estádio Vila Capanema,Curitiba,Brazil,Spain,United States,Spain,United States,3,1,0,0,0.0,0.0,,fjelstul
WC-1950,1950 FIFA Men's World Cup,mens,1950,M-1950-05,group stage,group stage,Group 3,1950-06-25,Estádio do Pacaembu,São Paulo,Brazil,Sweden,Italy,Sweden,Italy,3,2,0,0,0.0,0.0,,fjelstul
WC-1950,1950 FIFA Men's World Cup,mens,1950,M-1950-06,group stage,group stage,Group 1,1950-06-28,Estádio do Pacaembu,São Paulo,Brazil,Brazil,Switzerland,Brazil,Switzerland,2,2,0,0,0.0,0.0,,fjelstul
WC-1950,1950 FIFA Men's World Cup,mens,1950,M-1950-07,group stage,group stage,Group 1,1950-06-28,Estádio dos Eucaliptos,Porto Alegre,Brazil,Yugoslavia,Mexico,Serbia,Mexico,4,1,0,0,0.0,0.0,,fjelstul
WC-1950,1950 FIFA Men's World Cup,mens,1950,M-1950-08,group stage,group stage,Group 2,1950-06-29,Estádio do Maracanã,Rio de Janeiro,Brazil,Spain,Chile,Spain,Chile,2,0,0,0,0.0,0.0,,fjelstul
WC-1950,1950 FIFA Men's World Cup,mens,1950,M-1950-09,group stage,group stage,Group 2,1950-06-29,Estádio Independência,Belo Horizonte,Brazil,United States,England,United States,England,1,0,0,0,0.0,0.0,,fjelstul
WC-1950,1950 FIFA Men's World Cup,mens,1950,M-1950-10,group stage,group stage,Group 3,1950-06-29,Estádio Vila Capanema,Curitiba,Brazil,Sweden,Paraguay,Sweden,Paraguay,2,2,0,0,0.0,0.0,,fjelstul
WC-1950,1950 FIFA Men's World Cup,mens,1950,M-1950-11,group stage,group stage,Group 1,1950-07-01,Estádio do Maracanã,Rio de Janeiro,Brazil,Brazil,Yugoslavia,Brazil,Serbia,2,0,0,0,0.0,0.0,,fjelstul
WC-1950,1950 FIFA Men's World Cup,mens,1950,M-1950-12,group stage,group stage,Group 2,1950-07-02,Estádio Ilha do Retiro,Recife,Brazil,Chile,United States,Chile,United States,5,2,0,0,0.0,0.0,,fjelstul
WC-1950,1950 FIFA Men's World Cup,mens,1950,M-1950-13,group stage,group stage,Group 2,1950-07-02,Estádio do Maracanã,Rio de Janeiro,Brazil,Spain,England,Spain,England,1,0,0,0,0.0,0.0,,fjelstul
WC-1950,1950 FIFA Men's World Cup,mens,1950,M-1950-14,group stage,group stage,Group 3,1950-07-02,Estádio do Pacaembu,São Paulo,Brazil,Italy,Paraguay,Italy,Paraguay,2,0,0,0,0.0,0.0,,fjelstul
WC-1950,1950 FIFA Men's World Cup,mens,1950,M-1950-15,group stage,group stage,Group 4,1950-07-02,Estádio Independência,Belo Horizonte,Brazil,Uruguay,Bolivia,Uruguay,Bolivia,8,0,0,0,0.0,0.0,,fjelstul
WC-1950,1950 FIFA Men's World Cup,mens,1950,M-1950-16,group stage,group stage,Group 1,1950-07-02,Estádio dos Eucaliptos,Porto Alegre,Brazil,Switzerland,Mexico,Switzerland,Mexico,2,1,0,0,0.0,0.0,,fjelstul
WC-1950,1950 FIFA Men's World Cup,mens,1950,M-1950-17,final round,final round,not applicable,1950-07-09,Estádio do Maracanã,Rio de Janeiro,Brazil,Brazil,Sweden,Brazil,Sweden,7,1,0,0,0.0,0.0,,fjelstul
WC-1950,1950 FIFA Men's World Cup,mens,1950,M-1950-18,final round,final round,not applicable,1950-07-09,Estádio do Pacaembu,São Paulo,Brazil,Uruguay,Spain,Uruguay,Spain,2,2,0,0,0.0,0.0,,fjelstul
WC-1950,1950 FIFA Men's World Cup,mens,1950,M-1950-19,final round,final round,not applicable,1950-07-13,Estádio do Maracanã,Rio de Janeiro,Brazil,Brazil,Spain,Brazil,Spain,6,1,0,0,0.0,0.0,,fjelstul
WC-1950,1950 FIFA Men's World Cup,mens,1950,M-1950-20,final round,final round,not applicable,1950-07-13,Estádio do Pacaembu,São Paulo,Brazil,Uruguay,Sweden,Uruguay,Sweden,3,2,0,0,0.0,0.0,,fjelstul
WC-1950,1950 FIFA Men's World Cup,mens,1950,M-1950-21,final round,final round,not applicable,1950-07-16,Estádio do Pacaembu,São Paulo,Brazil,Sweden,Spain,Sweden,Spain,3,1,0,0,0.0,0.0,,fjelstul
WC-1950,1950 FIFA Men's World Cup,mens,1950,M-1950-22,final round,final round,not applicable,1950-07-16,Estádio do Maracanã,Rio de Janeiro,Brazil,Uruguay,Brazil,Uruguay,Brazil,2,1,0,0,0.0,0.0,,fjelstul
WC-1954,1954 FIFA Men's World Cup,mens,1954,M-1954-01,group stage,group stage,Group 1,1954-06-16,Charmilles Stadium,Geneva,Switzerland,Brazil,Mexico,Brazil,Mexico,5,0,0,0,0.0,0.0,,fjelstul
WC-1954,1954 FIFA Men's World Cup,mens,1954,M-1954-02,group stage,group stage,Group 1,1954-06-16,Stade Olympique de la Pontaise,Lausanne,Switzerland,Yugoslavia,France,Serbia,France,1,0,0,0,0.0,0.0,,fjelstul
WC-1954,1954 FIFA Men's World Cup,mens,1954,M-1954-03,group stage,group stage,Group 3,1954-06-16,Hardturm Stadium,Zürich,Switzerland,Austria,Scotland,Austria,Scotland,1,0,0,0,0.0,0.0,,fjelstul
WC-1954,1954 FIFA Men's World Cup,mens,1954,M-1954-04,group stage,group stage,Group 3,1954-06-16,Wankdorf Stadium,Bern,Switzerland,Uruguay,Czechoslovakia,Uruguay,Czech Republic,2,0,0,0,0.0,0.0,,fjelstul
WC-1954,1954 FIFA Men's World Cup,mens,1954,M-1954-05,group stage,group stage,Group 4,1954-06-17,Stade Olympique de la Pontaise,Lausanne,Switzerland,Switzerland,Italy,Switzerland,Italy,2,1,0,0,0.0,0.0,,fjelstul
WC-1954,1954 FIFA Men's World Cup,mens,1954,M-1954-06,group stage,group stage,Group 2,1954-06-17,Hardturm Stadium,Zürich,Switzerland,Hungary,South Korea,Hungary,South Korea,9,0,0,0,0.0,0.0,,fjelstul
WC-1954,1954 FIFA Men's World Cup,mens,1954,M-1954-07,group stage,group stage,Group 2,1954-06-17,Wankdorf Stadium,Bern,Switzerland,West Germany,Turkey,Germany,Turkey,4,1,0,0,0.0,0.0,,fjelstul
WC-1954,1954 FIFA Men's World Cup,mens,1954,M-1954-08,group stage,group stage,Group 4,1954-06-17,St. Jakob Stadium,Basel,Switzerland,England,Belgium,England,Belgium,4,4,1,0,0.0,0.0,,fjelstul
WC-1954,1954 FIFA Men's World Cup,mens,1954,M-1954-09,group stage,group stage,Group 3,1954-06-19,St. Jakob Stadium,Basel,Switzerland,Uruguay,Scotland,Uruguay,Scotland,7,0,0,0,0.0,0.0,,fjelstul
WC-1954,1954 FIFA Men's World Cup,mens,1954,M-1954-10,group stage,group stage,Group 1,1954-06-19,Stade Olympique de la Pontaise,Lausanne,Switzerland,Brazil,Yugoslavia,Brazil,Serbia,1,1,1,0,0.0,0.0,,fjelstul
WC-1954,1954 FIFA Men's World Cup,mens,1954,M-1954-11,group stage,group stage,Group 3,1954-06-19,Hardturm Stadium,Zürich,Switzerland,Austria,Czechoslovakia,Austria,Czech Republic,5,0,0,0,0.0,0.0,,fjelstul
WC-1954,1954 FIFA Men's World Cup,mens,1954,M-1954-12,group stage,group stage,Group 1,1954-06-19,Charmilles Stadium,Geneva,Switzerland,France,Mexico,France,Mexico,3,2,0,0,0.0,0.0,,fjelstul
WC-1954,1954 FIFA Men's World Cup,mens,1954,M-1954-13,group stage,group stage,Group 2,1954-06-20,St. Jakob Stadium,Basel,Switzerland,Hungary,West Germany,Hungary,Germany,8,3,0,0,0.0,0.0,,fjelstul
WC-1954,1954 FIFA Men's World Cup,mens,1954,M-1954-14,group stage,group stage,Group 2,1954-06-20,Charmilles Stadium,Geneva,Switzerland,Turkey,South Korea,Turkey,South Korea,7,0,0,0,0.0,0.0,,fjelstul
WC-1954,1954 FIFA Men's World Cup,mens,1954,M-1954-15,group stage,group stage,Group 4,1954-06-20,Cornaredo Stadium,Lugano,Switzerland,Italy,Belgium,Italy,Belgium,4,1,0,0,0.0,0.0,,fjelstul
WC-1954,1954 FIFA Men's World Cup,mens,1954,M-1954-16,group stage,group stage,Group 4,1954-06-20,Wankdorf Stadium,Bern,Switzerland,England,Switzerland,England,Switzerland,2,0,0,0,0.0,0.0,,fjelstul
WC-1954,1954 FIFA Men's World Cup,mens,1954,M-1954-17,group stage,group stage,Group 2,1954-06-23,Hardturm Stadium,Zürich,Switzerland,West Germany,Turkey,Germany,Turkey,7,2,0,0,0.0,0.0,,fjelstul
WC-1954,1954 FIFA Men's World Cup,mens,1954,M-1954-18,group stage,group stage,Group 4,1954-06-23,St. Jakob Stadium,Basel,Switzerland,Switzerland,Italy,Switzerland,Italy,4,1,0,0,0.0,0.0,,fjelstul
WC-1954,1954 FIFA Men's World Cup,mens,1954,M-1954-19,quarter-finals,quarter-finals,not applicable,1954-06-26,Stade Olympique de la Pontaise,Lausanne,Switzerland,Austria,Switzerland,Austria,Switzerland,7,5,0,0,0.0,0.0,,fjelstul
WC-1954,1954 FIFA Men's World Cup,mens,1954,M-1954-20,quarter-finals,quarter-finals,not applicable,1954-06-26,St. Jakob Stadium,Basel,Switzerland,Uruguay,England,Uruguay,England,4,2,0,0,0.0,0.0,,fjelstul
WC-1954,1954 FIFA Men's World Cup,mens,1954,M-1954-21,quarter-finals,quarter-finals,not applicable,1954-06-27,Wankdorf Stadium,Bern,Switzerland,Hungary,Brazil,Hungary,Brazil,4,2,0,0,0.0,0.0,,fjelstul
WC-1954,1954 FIFA Men's World Cup,mens,1954,M-1954-22,quarter-finals,quarter-finals,not applicable,1954-06-27,Charmilles Stadium,Geneva,Switzerland,West Germany,Yugoslavia,Germany,Serbia,2,0,0,0,0.0,0.0,,fjelstul
WC-1954,1954 FIFA Men's World Cup,mens,1954,M-1954-23,semi-finals,semi-finals,not applicable,1954-06-30,Stade Olympique de la Pontaise,Lausanne,Switzerland,Hungary,Uruguay,Hungary,Uruguay,4,2,1,0,0.0,0.0,,fjelstul
WC-1954,1954 FIFA Men's World Cup,mens,1954,M-1954-24,semi-finals,semi-finals,not applicable,1954-06-30,St. Jakob Stadium,Basel,Switzerland,West Germany,Austria,Germany,Austria,6,1,0,0,0.0,0.0,,fjelstul
WC-1954,1954 FIFA Men's World Cup,mens,1954,M-1954-25,third-place match,third-place match,not applicable,1954-07-03,Hardturm Stadium,Zürich,Switzerland,Austria,Uruguay,Austria,Uruguay,3,1,0,0,0.0,0.0,,fjelstul
WC-1954,1954 FIFA Men's World Cup,mens,1954,M-1954-26,final,final,not applicable,1954-07-04,Wankdorf Stadium,Bern,Switzerland,West Germany,Hungary,Germany,Hungary,3,2,0,0,0.0,0.0,,fjelstul
WC-1958,1958 FIFA Men's World Cup,mens,1958,M-1958-01,group stage,group stage,Group 3,1958-06-08,Råsunda Stadium,Solna,Sweden,Sweden,Mexico,Sweden,Mexico,3,0,0,0,0.0,0.0,,fjelstul
WC-1958,1958 FIFA Men's World Cup,mens,1958,M-1958-02,group stage,group stage,Group 1,1958-06-08,Malmö Stadion,Malmö,Sweden,Argentina,West Germany,Argentina,Germany,1,3,0,0,0.0,0.0,,fjelstul
WC-1958,1958 FIFA Men's World Cup,mens,1958,M-1958-03,group stage,group stage,Group 1,1958-06-08,Örjans Vall,Halmstad,Sweden,Northern Ireland,Czechoslovakia,Northern Ireland,Czech Republic,1,0,0,0,0.0,0.0,,fjelstul
WC-1958,1958 FIFA Men's World Cup,mens,1958,M-1958-04,group stage,group stage,Group 2,1958-06-08,Idrottsparken,Norrköping,Sweden,France,Paraguay,France,Paraguay,7,3,0,0,0.0,0.0,,fjelstul
WC-1958,1958 FIFA Men's World Cup,mens,1958,M-1958-05,group stage,group stage,Group 2,1958-06-08,Arosvallen,Västerås,Sweden,Yugoslavia,Scotland,Serbia,Scotland,1,1,0,0,0.0,0.0,,fjelstul
WC-1958,1958 FIFA Men's World Cup,mens,1958,M-1958-06,group stage,group stage,Group 3,1958-06-08,Jernvallen,Sandviken,Sweden,Hungary,Wales,Hungary,Wales,1,1,0,0,0.0,0.0,,fjelstul
WC-1958,1958 FIFA Men's World Cup,mens,1958,M-1958-07,group stage,group stage,Group 4,1958-06-08,Rimnersvallen,Uddevalla,Sweden,Brazil,Austria,Brazil,Austria,3,0,0,0,0.0,0.0,,fjelstul
WC-1958,1958 FIFA Men's World Cup,mens,1958,M-1958-08,group stage,group stage,Group 4,1958-06-08,Ullevi,Gothenburg,Sweden,Soviet Union,England,Russia,England,2,2,0,0,0.0,0.0,,fjelstul
WC-1958,1958 FIFA Men's World Cup,mens,1958,M-1958-09,group stage,group stage,Group 1,1958-06-11,Örjans Vall,Halmstad,Sweden,Argentina,Northern Ireland,Argentina,Northern Ireland,3,1,0,0,0.0,0.0,,fjelstul
WC-1958,1958 FIFA Men's World Cup,mens,1958,M-1958-10,group stage,group stage,Group 1,1958-06-11,Olympia,Helsingborg,Sweden,West Germany,Czechoslovakia,Germany,Czech Republic,2,2,0,0,0.0,0.0,,fjelstul
WC-1958,1958 FIFA Men's World Cup,mens,1958,M-1958-11,group stage,group stage,Group 2,1958-06-11,Idrottsparken,Norrköping,Sweden,Paraguay,Scotland,Paraguay,Scotland,3,2,0,0,0.0,0.0,,fjelstul
WC-1958,1958 FIFA Men's World Cup,mens,1958,M-1958-12,group stage,group stage,Group 2,1958-06-11,Arosvallen,Västerås,Sweden,Yugoslavia,France,Serbia,France,3,2,0,0,0.0,0.0,,fjelstul
WC-1958,1958 FIFA Men's World Cup,mens,1958,M-1958-13,group stage,group stage,Group 3,1958-06-11,Råsunda Stadium,Solna,Sweden,Mexico,Wales,Mexico,Wales,1,1,0,0,0.0,0.0,,fjelstul
WC-1958,1958 FIFA Men's World Cup,mens,1958,M-1958-14,group stage,group stage,Group 4,1958-06-11,Ullevi,Gothenburg,Sweden,Brazil,England,Brazil,England,0,0,0,0,0.0,0.0,,fjelstul
WC-1958,1958 FIFA Men's World Cup,mens,1958,M-1958-15,group stage,group stage,Group 4,1958-06-11,Ryavallen,Borås,Sweden,Soviet Union,Austria,Russia,Austria,2,0,0,0,0.0,0.0,,fjelstul
WC-1958,1958 FIFA Men's World Cup,mens,1958,M-1958-16,group stage,group stage,Group 3,1958-06-12,Råsunda Stadium,Solna,Sweden,Sweden,Hungary,Sweden,Hungary,2,1,0,0,0.0,0.0,,fjelstul
WC-1958,1958 FIFA Men's World Cup,mens,1958,M-1958-17,group stage,group stage,Group 3,1958-06-15,Råsunda Stadium,Solna,Sweden,Sweden,Wales,Sweden,Wales,0,0,0,0,0.0,0.0,,fjelstul
WC-1958,1958 FIFA Men's World Cup,mens,1958,M-1958-18,group stage,group stage,Group 1,1958-06-15,Olympia,Helsingborg,Sweden,Czechoslovakia,Argentina,Czech Republic,Argentina,6,1,0,0,0.0,0.0,,fjelstul
WC-1958,1958 FIFA Men's World Cup,mens,1958,M-1958-19,group stage,group stage,Group 1,1958-06-15,Malmö Stadion,Malmö,Sweden,West Germany,Northern Ireland,Germany,Northern Ireland,2,2,0,0,0.0,0.0,,fjelstul
WC-1958,1958 FIFA Men's World Cup,mens,1958,M-1958-20,group stage,group stage,Group 2,1958-06-15,Eyravallen,Örebro,Sweden,France,Scotland,France,Scotland,2,1,0,0,0.0,0.0,,fjelstul
WC-1958,1958 FIFA Men's World Cup,mens,1958,M-1958-21,group stage,group stage,Group 2,1958-06-15,Tunavallen,Eskilstuna,Sweden,Paraguay,Yugoslavia,Paraguay,Serbia,3,3,0,0,0.0,0.0,,fjelstul
WC-1958,1958 FIFA Men's World Cup,mens,1958,M-1958-22,group stage,group stage,Group 3,1958-06-15,Jernvallen,Sandviken,Sweden,Hungary,Mexico,Hungary,Mexico,4,0,0,0,0.0,0.0,,fjelstul
WC-1958,1958 FIFA Men's World Cup,mens,1958,M-1958-23,group stage,group stage,Group 4,1958-06-15,Ullevi,Gothenburg,Sweden,Brazil,Soviet Union,Brazil,Russia,2,0,0,0,0.0,0.0,,fjelstul
WC-1958,1958 FIFA Men's World Cup,mens,1958,M-1958-24,group stage,group stage,Group 4,1958-06-15,Ryavallen,Borås,Sweden,England,Austria,England,Austria,2,2,0,0,0.0,0.0,,fjelstul
WC-1958,1958 FIFA Men's World Cup,mens,1958,M-1958-25,group stage,group stage,Group 1,1958-06-17,Malmö Stadion,Malmö,Sweden,Northern Ireland,Czechoslovakia,Northern Ireland,Czech Republic,2,1,1,0,0.0,0.0,,fjelstul
WC-1958,1958 FIFA Men's World Cup,mens,1958,M-1958-26,group stage,group stage,Group 3,1958-06-17,Råsunda Stadium,Solna,Sweden,Wales,Hungary,Wales,Hungary,2,1,0,0,0.0,0.0,,fjelstul
WC-1958,1958 FIFA Men's World Cup,mens,1958,M-1958-27,group stage,group stage,Group 4,1958-06-17,Ullevi,Gothenburg,Sweden,Soviet Union,England,Russia,England,1,0,0,0,0.0,0.0,,fjelstul
WC-1958,1958 FIFA Men's World Cup,mens,1958,M-1958-28,quarter-finals,quarter-finals,not applicable,1958-06-19,Ullevi,Gothenburg,Sweden,Brazil,Wales,Brazil,Wales,1,0,0,0,0.0,0.0,,fjelstul
WC-1958,1958 FIFA Men's World Cup,mens,1958,M-1958-29,quarter-finals,quarter-finals,not applicable,1958-06-19,Idrottsparken,Norrköping,Sweden,France,Northern Ireland,France,Northern Ireland,4,0,0,0,0.0,0.0,,fjelstul
WC-1958,1958 FIFA Men's World Cup,mens,1958,M-1958-30,quarter-finals,quarter-finals,not applicable,1958-06-19,Råsunda Stadium,Solna,Sweden,Sweden,Soviet Union,Sweden,Russia,2,0,0,0,0.0,0.0,,fjelstul
WC-1958,1958 FIFA Men's World Cup,mens,1958,M-1958-31,quarter-finals,quarter-finals,not applicable,1958-06-19,Malmö Stadion,Malmö,Sweden,West Germany,Yugoslavia,Germany,Serbia,1,0,0,0,0.0,0.0,,fjelstul
WC-1958,1958 FIFA Men's World Cup,mens,1958,M-1958-32,semi-finals,semi-finals,not applicable,1958-06-24,Råsunda Stadium,Solna,Sweden,Brazil,France,Brazil,France,5,2,0,0,0.0,0.0,,fjelstul
WC-1958,1958 FIFA Men's World Cup,mens,1958,M-1958-33,semi-finals,semi-finals,not applicable,1958-06-24,Ullevi,Gothenburg,Sweden,Sweden,West Germany,Sweden,Germany,3,1,0,0,0.0,0.0,,fjelstul
WC-1958,1958 FIFA Men's World Cup,mens,1958,M-1958-34,third-place match,third-place match,not applicable,1958-06-28,Ullevi,Gothenburg,Sweden,France,West Germany,France,Germany,6,3,0,0,0.0,0.0,,fjelstul
WC-1958,1958 FIFA Men's World Cup,mens,1958,M-1958-35,final,final,not applicable,1958-06-29,Råsunda Stadium,Solna,Sweden,Brazil,Sweden,Brazil,Sweden,5,2,0,0,0.0,0.0,,fjelstul
WC-1962,1962 FIFA Men's World Cup,mens,1962,M-1962-01,group stage,group stage,Group 1,1962-05-30,Estadio Carlos Dittborn,Arica,Chile,Uruguay,Colombia,Uruguay,Colombia,2,1,0,0,0.0,0.0,,fjelstul
WC-1962,1962 FIFA Men's World Cup,mens,1962,M-1962-02,group stage,group stage,Group 2,1962-05-30,Estadio Nacional,Santiago,Chile,Chile,Switzerland,Chile,Switzerland,3,1,0,0,0.0,0.0,,fjelstul
WC-1962,1962 FIFA Men's World Cup,mens,1962,M-1962-03,group stage,group stage,Group 3,1962-05-30,Estadio Sausalito,Viña del Mar,Chile,Brazil,Mexico,Brazil,Mexico,2,0,0,0,0.0,0.0,,fjelstul
WC-1962,1962 FIFA Men's World Cup,mens,1962,M-1962-04,group stage,group stage,Group 4,1962-05-30,Estadio El Teniente,Rancagua,Chile,Argentina,Bulgaria,Argentina,Bulgaria,1,0,0,0,0.0,0.0,,fjelstul
WC-1962,1962 FIFA Men's World Cup,mens,1962,M-1962-05,group stage,group stage,Group 1,1962-05-31,Estadio Carlos Dittborn,Arica,Chile,Soviet Union,Yugoslavia,Russia,Serbia,2,0,0,0,0.0,0.0,,fjelstul
WC-1962,1962 FIFA Men's World Cup,mens,1962,M-1962-06,group stage,group stage,Group 2,1962-05-31,Estadio Nacional,Santiago,Chile,West Germany,Italy,Germany,Italy,0,0,0,0,0.0,0.0,,fjelstul
WC-1962,1962 FIFA Men's World Cup,mens,1962,M-1962-07,group stage,group stage,Group 3,1962-05-31,Estadio Sausalito,Viña del Mar,Chile,Czechoslovakia,Spain,Czech Republic,Spain,1,0,0,0,0.0,0.0,,fjelstul
WC-1962,1962 FIFA Men's World Cup,mens,1962,M-1962-08,group stage,group stage,Group 4,1962-05-31,Estadio El Teniente,Rancagua,Chile,Hungary,England,Hungary,England,2,1,0,0,0.0,0.0,,fjelstul
WC-1962,1962 FIFA Men's World Cup,mens,1962,M-1962-09,group stage,group stage,Group 1,1962-06-02,Estadio Carlos Dittborn,Arica,Chile,Yugoslavia,Uruguay,Serbia,Uruguay,3,1,0,0,0.0,0.0,,fjelstul
WC-1962,1962 FIFA Men's World Cup,mens,1962,M-1962-10,group stage,group stage,Group 2,1962-06-02,Estadio Nacional,Santiago,Chile,Chile,Italy,Chile,Italy,2,0,0,0,0.0,0.0,,fjelstul
WC-1962,1962 FIFA Men's World Cup,mens,1962,M-1962-11,group stage,group stage,Group 3,1962-06-02,Estadio Sausalito,Viña del Mar,Chile,Brazil,Czechoslovakia,Brazil,Czech Republic,0,0,0,0,0.0,0.0,,fjelstul
WC-1962,1962 FIFA Men's World Cup,mens,1962,M-1962-12,group stage,group stage,Group 4,1962-06-02,Estadio El Teniente,Rancagua,Chile,England,Argentina,England,Argentina,3,1,0,0,0.0,0.0,,fjelstul
WC-1962,1962 FIFA Men's World Cup,mens,1962,M-1962-13,group stage,group stage,Group 1,1962-06-03,Estadio Carlos Dittborn,Arica,Chile,Soviet Union,Colombia,Russia,Colombia,4,4,0,0,0.0,0.0,,fjelstul
WC-1962,1962 FIFA Men's World Cup,mens,1962,M-1962-14,group stage,group stage,Group 2,1962-06-03,Estadio Nacional,Santiago,Chile,West Germany,Switzerland,Germany,Switzerland,2,1,0,0,0.0,0.0,,fjelstul
WC-1962,1962 FIFA Men's World Cup,mens,1962,M-1962-15,group stage,group stage,Group 3,1962-06-03,Estadio Sausalito,Viña del Mar,Chile,Spain,Mexico,Spain,Mexico,1,0,0,0,0.0,0.0,,fjelstul
WC-1962,1962 FIFA Men's World Cup,mens,1962,M-1962-16,group stage,group stage,Group 4,1962-06-03,Estadio El Teniente,Rancagua,Chile,Hungary,Bulgaria,Hungary,Bulgaria,6,1,0,0,0.0,0.0,,fjelstul
WC-1962,1962 FIFA Men's World Cup,mens,1962,M-1962-17,group stage,group stage,Group 1,1962-06-06,Estadio Carlos Dittborn,Arica,Chile,Soviet Union,Uruguay,Russia,Uruguay,2,1,0,0,0.0,0.0,,fjelstul
WC-1962,1962 FIFA Men's World Cup,mens,1962,M-1962-18,group stage,group stage,Group 2,1962-06-06,Estadio Nacional,Santiago,Chile,West Germany,Chile,Germany,Chile,2,0,0,0,0.0,0.0,,fjelstul
WC-1962,1962 FIFA Men's World Cup,mens,1962,M-1962-19,group stage,group stage,Group 3,1962-06-06,Estadio Sausalito,Viña del Mar,Chile,Brazil,Spain,Brazil,Spain,2,1,0,0,0.0,0.0,,fjelstul
WC-1962,1962 FIFA Men's World Cup,mens,1962,M-1962-20,group stage,group stage,Group 4,1962-06-06,Estadio El Teniente,Rancagua,Chile,Hungary,Argentina,Hungary,Argentina,0,0,0,0,0.0,0.0,,fjelstul
WC-1962,1962 FIFA Men's World Cup,mens,1962,M-1962-21,group stage,group stage,Group 1,1962-06-07,Estadio Carlos Dittborn,Arica,Chile,Yugoslavia,Colombia,Serbia,Colombia,5,0,0,0,0.0,0.0,,fjelstul
WC-1962,1962 FIFA Men's World Cup,mens,1962,M-1962-22,group stage,group stage,Group 2,1962-06-07,Estadio Nacional,Santiago,Chile,Italy,Switzerland,Italy,Switzerland,3,0,0,0,0.0,0.0,,fjelstul
WC-1962,1962 FIFA Men's World Cup,mens,1962,M-1962-23,group stage,group stage,Group 3,1962-06-07,Estadio Sausalito,Viña del Mar,Chile,Mexico,Czechoslovakia,Mexico,Czech Republic,3,1,0,0,0.0,0.0,,fjelstul
WC-1962,1962 FIFA Men's World Cup,mens,1962,M-1962-24,group stage,group stage,Group 4,1962-06-07,Estadio El Teniente,Rancagua,Chile,England,Bulgaria,England,Bulgaria,0,0,0,0,0.0,0.0,,fjelstul
WC-1962,1962 FIFA Men's World Cup,mens,1962,M-1962-25,quarter-finals,quarter-finals,not applicable,1962-06-10,Estadio Sausalito,Viña del Mar,Chile,Brazil,England,Brazil,England,3,1,0,0,0.0,0.0,,fjelstul
WC-1962,1962 FIFA Men's World Cup,mens,1962,M-1962-26,quarter-finals,quarter-finals,not applicable,1962-06-10,Estadio Carlos Dittborn,Arica,Chile,Chile,Soviet Union,Chile,Russia,2,1,0,0,0.0,0.0,,fjelstul
WC-1962,1962 FIFA Men's World Cup,mens,1962,M-1962-27,quarter-finals,quarter-finals,not applicable,1962-06-10,Estadio El Teniente,Rancagua,Chile,Czechoslovakia,Hungary,Czech Republic,Hungary,1,0,0,0,0.0,0.0,,fjelstul
WC-1962,1962 FIFA Men's World Cup,mens,1962,M-1962-28,quarter-finals,quarter-finals,not applicable,1962-06-10,Estadio Nacional,Santiago,Chile,Yugoslavia,West Germany,Serbia,Germany,1,0,0,0,0.0,0.0,,fjelstul
WC-1962,1962 FIFA Men's World Cup,mens,1962,M-1962-29,semi-finals,semi-finals,not applicable,1962-06-13,Estadio Nacional,Santiago,Chile,Brazil,Chile,Brazil,Chile,4,2,0,0,0.0,0.0,,fjelstul
WC-1962,1962 FIFA Men's World Cup,mens,1962,M-1962-30,semi-finals,semi-finals,not applicable,1962-06-13,Estadio Sausalito,Viña del Mar,Chile,Czechoslovakia,Yugoslavia,Czech Republic,Serbia,3,1,0,0,0.0,0.0,,fjelstul
WC-1962,1962 FIFA Men's World Cup,mens,1962,M-1962-31,third-place match,third-place match,not applicable,1962-06-16,Estadio Nacional,Santiago,Chile,Chile,Yugoslavia,Chile,Serbia,1,0,0,0,0.0,0.0,,fjelstul
WC-1962,1962 FIFA Men's World Cup,mens,1962,M-1962-32,final,final,not applicable,1962-06-17,Estadio Nacional,Santiago,Chile,Brazil,Czechoslovakia,Brazil,Czech Republic,3,1,0,0,0.0,0.0,,fjelstul
WC-1966,1966 FIFA Men's World Cup,mens,1966,M-1966-01,group stage,group stage,Group 1,1966-07-11,Wembley Stadium,London,England,England,Uruguay,England,Uruguay,0,0,0,0,0.0,0.0,,fjelstul
WC-1966,1966 FIFA Men's World Cup,mens,1966,M-1966-02,group stage,group stage,Group 2,1966-07-12,Hillsborough Stadium,Sheffield,England,West Germany,Switzerland,Germany,Switzerland,5,0,0,0,0.0,0.0,,fjelstul
WC-1966,1966 FIFA Men's World Cup,mens,1966,M-1966-03,group stage,group stage,Group 3,1966-07-12,Goodison Park,Liverpool,England,Brazil,Bulgaria,Brazil,Bulgaria,2,0,0,0,0.0,0.0,,fjelstul
WC-1966,1966 FIFA Men's World Cup,mens,1966,M-1966-04,group stage,group stage,Group 4,1966-07-12,Ayresome Park,Middlesbrough,England,Soviet Union,North Korea,Russia,North Korea,3,0,0,0,0.0,0.0,,fjelstul
WC-1966,1966 FIFA Men's World Cup,mens,1966,M-1966-05,group stage,group stage,Group 1,1966-07-13,Wembley Stadium,London,England,France,Mexico,France,Mexico,1,1,0,0,0.0,0.0,,fjelstul
WC-1966,1966 FIFA Men's World Cup,mens,1966,M-1966-06,group stage,group stage,Group 2,1966-07-13,Villa Park,Birmingham,England,Argentina,Spain,Argentina,Spain,2,1,0,0,0.0,0.0,,fjelstul
WC-1966,1966 FIFA Men's World Cup,mens,1966,M-1966-07,group stage,group stage,Group 3,1966-07-13,Old Trafford,Manchester,England,Portugal,Hungary,Portugal,Hungary,3,1,0,0,0.0,0.0,,fjelstul
WC-1966,1966 FIFA Men's World Cup,mens,1966,M-1966-08,group stage,group stage,Group 4,1966-07-13,Roker Park,Sunderland,England,Italy,Chile,Italy,Chile,2,0,0,0,0.0,0.0,,fjelstul
WC-1966,1966 FIFA Men's World Cup,mens,1966,M-1966-09,group stage,group stage,Group 1,1966-07-15,White City Stadium,London,England,Uruguay,France,Uruguay,France,2,1,0,0,0.0,0.0,,fjelstul
WC-1966,1966 FIFA Men's World Cup,mens,1966,M-1966-10,group stage,group stage,Group 2,1966-07-15,Hillsborough Stadium,Sheffield,England,Spain,Switzerland,Spain,Switzerland,2,1,0,0,0.0,0.0,,fjelstul
WC-1966,1966 FIFA Men's World Cup,mens,1966,M-1966-11,group stage,group stage,Group 3,1966-07-15,Goodison Park,Liverpool,England,Hungary,Brazil,Hungary,Brazil,3,1,0,0,0.0,0.0,,fjelstul
WC-1966,1966 FIFA Men's World Cup,mens,1966,M-1966-12,group stage,group stage,Group 4,1966-07-15,Ayresome Park,Middlesbrough,England,Chile,North Korea,Chile,North Korea,1,1,0,0,0.0,0.0,,fjelstul
WC-1966,1966 FIFA Men's World Cup,mens,1966,M-1966-13,group stage,group stage,Group 2,1966-07-16,Villa Park,Birmingham,England,Argentina,West Germany,Argentina,Germany,0,0,0,0,0.0,0.0,,fjelstul
WC-1966,1966 FIFA Men's World Cup,mens,1966,M-1966-14,group stage,group stage,Group 3,1966-07-16,Old Trafford,Manchester,England,Portugal,Bulgaria,Portugal,Bulgaria,3,0,0,0,0.0,0.0,,fjelstul
WC-1966,1966 FIFA Men's World Cup,mens,1966,M-1966-15,group stage,group stage,Group 4,1966-07-16,Roker Park,Sunderland,England,Soviet Union,Italy,Russia,Italy,1,0,0,0,0.0,0.0,,fjelstul
WC-1966,1966 FIFA Men's World Cup,mens,1966,M-1966-16,group stage,group stage,Group 1,1966-07-16,Wembley Stadium,London,England,England,Mexico,England,Mexico,2,0,0,0,0.0,0.0,,fjelstul
WC-1966,1966 FIFA Men's World Cup,mens,1966,M-1966-17,group stage,group stage,Group 1,1966-07-19,Wembley Stadium,London,England,Mexico,Uruguay,Mexico,Uruguay,0,0,0,0,0.0,0.0,,fjelstul
WC-1966,1966 FIFA Men's World Cup,mens,1966,M-1966-18,group stage,group stage,Group 2,1966-07-19,Hillsborough Stadium,Sheffield,England,Argentina,Switzerland,Argentina,Switzerland,2,0,0,0,0.0,0.0,,fjelstul
WC-1966,1966 FIFA Men's World Cup,mens,1966,M-1966-19,group stage,group stage,Group 3,1966-07-19,Goodison Park,Liverpool,England,Portugal,Brazil,Portugal,Brazil,3,1,0,0,0.0,0.0,,fjelstul
WC-1966,1966 FIFA Men's World Cup,mens,1966,M-1966-20,group stage,group stage,Group 4,1966-07-19,Ayresome Park,Middlesbrough,England,North Korea,Italy,North Korea,Italy,1,0,0,0,0.0,0.0,,fjelstul
WC-1966,1966 FIFA Men's World Cup,mens,1966,M-1966-21,group stage,group stage,Group 1,1966-07-20,Wembley Stadium,London,England,England,France,England,France,2,0,0,0,0.0,0.0,,fjelstul
WC-1966,1966 FIFA Men's World Cup,mens,1966,M-1966-22,group stage,group stage,Group 2,1966-07-20,Villa Park,Birmingham,England,West Germany,Spain,Germany,Spain,2,1,0,0,0.0,0.0,,fjelstul
WC-1966,1966 FIFA Men's World Cup,mens,1966,M-1966-23,group stage,group stage,Group 3,1966-07-20,Old Trafford,Manchester,England,Hungary,Bulgaria,Hungary,Bulgaria,3,1,0,0,0.0,0.0,,fjelstul
WC-1966,1966 FIFA Men's World Cup,mens,1966,M-1966-24,group stage,group stage,Group 4,1966-07-20,Roker Park,Sunderland,England,Soviet Union,Chile,Russia,Chile,2,1,0,0,0.0,0.0,,fjelstul
WC-1966,1966 FIFA Men's World Cup,mens,1966,M-1966-25,quarter-finals,quarter-finals,not applicable,1966-07-23,Wembley Stadium,London,England,England,Argentina,England,Argentina,1,0,0,0,0.0,0.0,,fjelstul
WC-1966,1966 FIFA Men's World Cup,mens,1966,M-1966-26,quarter-finals,quarter-finals,not applicable,1966-07-23,Goodison Park,Liverpool,England,Portugal,North Korea,Portugal,North Korea,5,3,0,0,0.0,0.0,,fjelstul
WC-1966,1966 FIFA Men's World Cup,mens,1966,M-1966-27,quarter-finals,quarter-finals,not applicable,1966-07-23,Roker Park,Sunderland,England,Soviet Union,Hungary,Russia,Hungary,2,1,0,0,0.0,0.0,,fjelstul
WC-1966,1966 FIFA Men's World Cup,mens,1966,M-1966-28,quarter-finals,quarter-finals,not applicable,1966-07-23,Hillsborough Stadium,Sheffield,England,West Germany,Uruguay,Germany,Uruguay,4,0,0,0,0.0,0.0,,fjelstul
WC-1966,1966 FIFA Men's World Cup,mens,1966,M-1966-29,semi-finals,semi-finals,not applicable,1966-07-25,Goodison Park,Liverpool,England,West Germany,Soviet Union,Germany,Russia,2,1,0,0,0.0,0.0,,fjelstul
WC-1966,1966 FIFA Men's World Cup,mens,1966,M-1966-30,semi-finals,semi-finals,not applicable,1966-07-26,Wembley Stadium,London,England,England,Portugal,England,Portugal,2,1,0,0,0.0,0.0,,fjelstul
WC-1966,1966 FIFA Men's World Cup,mens,1966,M-1966-31,third-place match,third-place match,not applicable,1966-07-28,Wembley Stadium,London,England,Portugal,Soviet Union,Portugal,Russia,2,1,0,0,0.0,0.0,,fjelstul
WC-1966,1966 FIFA Men's World Cup,mens,1966,M-1966-32,final,final,not applicable,1966-07-30,Wembley Stadium,London,England,England,West Germany,England,Germany,4,2,1,0,0.0,0.0,,fjelstul
WC-1970,1970 FIFA Men's World Cup,mens,1970,M-1970-01,group stage,group stage,Group 1,1970-05-31,Estadio Azteca,Mexico City,Mexico,Mexico,Soviet Union,Mexico,Russia,0,0,0,0,0.0,0.0,,fjelstul
WC-1970,1970 FIFA Men's World Cup,mens,1970,M-1970-02,group stage,group stage,Group 2,1970-06-02,Estadio Cuauhtémoc,Puebla,Mexico,Uruguay,Israel,Uruguay,Israel,2,0,0,0,0.0,0.0,,fjelstul
WC-1970,1970 FIFA Men's World Cup,mens,1970,M-1970-03,group stage,group stage,Group 3,1970-06-02,Estadio Jalisco,Guadalajara,Mexico,England,Romania,England,Romania,1,0,0,0,0.0,0.0,,fjelstul
WC-1970,1970 FIFA Men's World Cup,mens,1970,M-1970-04,group stage,group stage,Group 4,1970-06-02,Estadio Nou Camp,León,Mexico,Peru,Bulgaria,Peru,Bulgaria,3,2,0,0,0.0,0.0,,fjelstul
WC-1970,1970 FIFA Men's World Cup,mens,1970,M-1970-05,group stage,group stage,Group 1,1970-06-03,Estadio Azteca,Mexico City,Mexico,Belgium,El Salvador,Belgium,El Salvador,3,0,0,0,0.0,0.0,,fjelstul
WC-1970,1970 FIFA Men's World Cup,mens,1970,M-1970-06,group stage,group stage,Group 2,1970-06-03,La Bombonera,Toluca,Mexico,Italy,Sweden,Italy,Sweden,1,0,0,0,0.0,0.0,,fjelstul
WC-1970,1970 FIFA Men's World Cup,mens,1970,M-1970-07,group stage,group stage,Group 3,1970-06-03,Estadio Jalisco,Guadalajara,Mexico,Brazil,Czechoslovakia,Brazil,Czech Republic,4,1,0,0,0.0,0.0,,fjelstul
WC-1970,1970 FIFA Men's World Cup,mens,1970,M-1970-08,group stage,group stage,Group 4,1970-06-03,Estadio Nou Camp,León,Mexico,West Germany,Morocco,Germany,Morocco,2,1,0,0,0.0,0.0,,fjelstul
WC-1970,1970 FIFA Men's World Cup,mens,1970,M-1970-09,group stage,group stage,Group 1,1970-06-06,Estadio Azteca,Mexico City,Mexico,Soviet Union,Belgium,Russia,Belgium,4,1,0,0,0.0,0.0,,fjelstul
WC-1970,1970 FIFA Men's World Cup,mens,1970,M-1970-10,group stage,group stage,Group 2,1970-06-06,Estadio Cuauhtémoc,Puebla,Mexico,Uruguay,Italy,Uruguay,Italy,0,0,0,0,0.0,0.0,,fjelstul
WC-1970,1970 FIFA Men's World Cup,mens,1970,M-1970-11,group stage,group stage,Group 3,1970-06-06,Estadio Jalisco,Guadalajara,Mexico,Romania,Czechoslovakia,Romania,Czech Republic,2,1,0,0,0.0,0.0,,fjelstul
WC-1970,1970 FIFA Men's World Cup,mens,1970,M-1970-12,group stage,group stage,Group 4,1970-06-06,Estadio Nou Camp,León,Mexico,Peru,Morocco,Peru,Morocco,3,0,0,0,0.0,0.0,,fjelstul
WC-1970,1970 FIFA Men's World Cup,mens,1970,M-1970-13,group stage,group stage,Group 1,1970-06-07,Estadio Azteca,Mexico City,Mexico,Mexico,El Salvador,Mexico,El Salvador,4,0,0,0,0.0,0.0,,fjelstul
WC-1970,1970 FIFA Men's World Cup,mens,1970,M-1970-14,group stage,group stage,Group 2,1970-06-07,La Bombonera,Toluca,Mexico,Sweden,Israel,Sweden,Israel,1,1,0,0,0.0,0.0,,fjelstul
WC-1970,1970 FIFA Men's World Cup,mens,1970,M-1970-15,group stage,group stage,Group 3,1970-06-07,Estadio Jalisco,Guadalajara,Mexico,Brazil,England,Brazil,England,1,0,0,0,0.0,0.0,,fjelstul
WC-1970,1970 FIFA Men's World Cup,mens,1970,M-1970-16,group stage,group stage,Group 4,1970-06-07,Estadio Nou Camp,León,Mexico,West Germany,Bulgaria,Germany,Bulgaria,5,2,0,0,0.0,0.0,,fjelstul
WC-1970,1970 FIFA Men's World Cup,mens,1970,M-1970-17,group stage,group stage,Group 1,1970-06-10,Estadio Azteca,Mexico City,Mexico,Soviet Union,El Salvador,Russia,El Salvador,2,0,0,0,0.0,0.0,,fjelstul
WC-1970,1970 FIFA Men's World Cup,mens,1970,M-1970-18,group stage,group stage,Group 2,1970-06-10,Estadio Cuauhtémoc,Puebla,Mexico,Sweden,Uruguay,Sweden,Uruguay,1,0,0,0,0.0,0.0,,fjelstul
WC-1970,1970 FIFA Men's World Cup,mens,1970,M-1970-19,group stage,group stage,Group 3,1970-06-10,Estadio Jalisco,Guadalajara,Mexico,Brazil,Romania,Brazil,Romania,3,2,0,0,0.0,0.0,,fjelstul
WC-1970,1970 FIFA Men's World Cup,mens,1970,M-1970-20,group stage,group stage,Group 4,1970-06-10,Estadio Nou Camp,León,Mexico,West Germany,Peru,Germany,Peru,3,1,0,0,0.0,0.0,,fjelstul
WC-1970,1970 FIFA Men's World Cup,mens,1970,M-1970-21,group stage,group stage,Group 1,1970-06-11,Estadio Azteca,Mexico City,Mexico,Mexico,Belgium,Mexico,Belgium,1,0,0,0,0.0,0.0,,fjelstul
WC-1970,1970 FIFA Men's World Cup,mens,1970,M-1970-22,group stage,group stage,Group 2,1970-06-11,La Bombonera,Toluca,Mexico,Italy,Israel,Italy,Israel,0,0,0,0,0.0,0.0,,fjelstul
WC-1970,1970 FIFA Men's World Cup,mens,1970,M-1970-23,group stage,group stage,Group 3,1970-06-11,Estadio Jalisco,Guadalajara,Mexico,England,Czechoslovakia,England,Czech Republic,1,0,0,0,0.0,0.0,,fjelstul
WC-1970,1970 FIFA Men's World Cup,mens,1970,M-1970-24,group stage,group stage,Group 4,1970-06-11,Estadio Nou Camp,León,Mexico,Bulgaria,Morocco,Bulgaria,Morocco,1,1,0,0,0.0,0.0,,fjelstul
WC-1970,1970 FIFA Men's World Cup,mens,1970,M-1970-25,quarter-finals,quarter-finals,not applicable,1970-06-14,Estadio Jalisco,Guadalajara,Mexico,Brazil,Peru,Brazil,Peru,4,2,0,0,0.0,0.0,,fjelstul
WC-1970,1970 FIFA Men's World Cup,mens,1970,M-1970-26,quarter-finals,quarter-finals,not applicable,1970-06-14,La Bombonera,Toluca,Mexico,Italy,Mexico,Italy,Mexico,4,1,0,0,0.0,0.0,,fjelstul
WC-1970,1970 FIFA Men's World Cup,mens,1970,M-1970-27,quarter-finals,quarter-finals,not applicable,1970-06-14,Estadio Azteca,Mexico City,Mexico,Soviet Union,Uruguay,Russia,Uruguay,0,1,1,0,0.0,0.0,,fjelstul
WC-1970,1970 FIFA Men's World Cup,mens,1970,M-1970-28,quarter-finals,quarter-finals,not applicable,1970-06-14,Estadio Nou Camp,León,Mexico,West Germany,England,Germany,England,3,2,1,0,0.0,0.0,,fjelstul
WC-1970,1970 FIFA Men's World Cup,mens,1970,M-1970-29,semi-finals,semi-finals,not applicable,1970-06-17,Estadio Jalisco,Guadalajara,Mexico,Brazil,Uruguay,Brazil,Uruguay,3,1,0,0,0.0,0.0,,fjelstul
WC-1970,1970 FIFA Men's World Cup,mens,1970,M-1970-30,semi-finals,semi-finals,not applicable,1970-06-17,Estadio Azteca,Mexico City,Mexico,Italy,West Germany,Italy,Germany,4,3,1,0,0.0,0.0,,fjelstul
WC-1970,1970 FIFA Men's World Cup,mens,1970,M-1970-31,third-place match,third-place match,not applicable,1970-06-20,Estadio Azteca,Mexico City,Mexico,West Germany,Uruguay,Germany,Uruguay,1,0,0,0,0.0,0.0,,fjelstul
WC-1970,1970 FIFA Men's World Cup,mens,1970,M-1970-32,final,final,not applicable,1970-06-21,Estadio Azteca,Mexico City,Mexico,Brazil,Italy,Brazil,Italy,4,1,0,0,0.0,0.0,,fjelstul
WC-1974,1974 FIFA Men's World Cup,mens,1974,M-1974-01,group stage,group stage,Group 2,1974-06-13,Waldstadion,Frankfurt,Germany,Brazil,Yugoslavia,Brazil,Serbia,0,0,0,0,0.0,0.0,,fjelstul
WC-1974,1974 FIFA Men's World Cup,mens,1974,M-1974-02,group stage,group stage,Group 1,1974-06-14,Olympiastadion,Berlin,Germany,West Germany,Chile,Germany,Chile,1,0,0,0,0.0,0.0,,fjelstul
WC-1974,1974 FIFA Men's World Cup,mens,1974,M-1974-03,group stage,group stage,Group 1,1974-06-14,Volksparkstadion,Hamburg,Germany,East Germany,Australia,Germany,Australia,2,0,0,0,0.0,0.0,,fjelstul
WC-1974,1974 FIFA Men's World Cup,mens,1974,M-1974-04,group stage,group stage,Group 2,1974-06-14,Westfalenstadion,Dortmund,Germany,Zaire,Scotland,DR Congo,Scotland,0,2,0,0,0.0,0.0,,fjelstul
WC-1974,1974 FIFA Men's World Cup,mens,1974,M-1974-05,group stage,group stage,Group 3,1974-06-15,Rheinstadion,Düsseldorf,Germany,Sweden,Bulgaria,Sweden,Bulgaria,0,0,0,0,0.0,0.0,,fjelstul
WC-1974,1974 FIFA Men's World Cup,mens,1974,M-1974-06,group stage,group stage,Group 3,1974-06-15,Niedersachsenstadion,Hanover,Germany,Uruguay,Netherlands,Uruguay,Netherlands,0,2,0,0,0.0,0.0,,fjelstul
WC-1974,1974 FIFA Men's World Cup,mens,1974,M-1974-07,group stage,group stage,Group 4,1974-06-15,Olympiastadion,Munich,Germany,Italy,Haiti,Italy,Haiti,3,1,0,0,0.0,0.0,,fjelstul
WC-1974,1974 FIFA Men's World Cup,mens,1974,M-1974-08,group stage,group stage,Group 4,1974-06-15,Neckarstadion,Stuttgart,Germany,Poland,Argentina,Poland,Argentina,3,2,0,0,0.0,0.0,,fjelstul
WC-1974,1974 FIFA Men's World Cup,mens,1974,M-1974-09,group stage,group stage,Group 1,1974-06-18,Volksparkstadion,Hamburg,Germany,Australia,West Germany,Australia,Germany,0,3,0,0,0.0,0.0,,fjelstul
WC-1974,1974 FIFA Men's World Cup,mens,1974,M-1974-10,group stage,group stage,Group 1,1974-06-18,Olympiastadion,Berlin,Germany,Chile,East Germany,Chile,Germany,1,1,0,0,0.0,0.0,,fjelstul
WC-1974,1974 FIFA Men's World Cup,mens,1974,M-1974-11,group stage,group stage,Group 2,1974-06-18,Waldstadion,Frankfurt,Germany,Scotland,Brazil,Scotland,Brazil,0,0,0,0,0.0,0.0,,fjelstul
WC-1974,1974 FIFA Men's World Cup,mens,1974,M-1974-12,group stage,group stage,Group 2,1974-06-18,Parkstadion,Gelsenkirchen,Germany,Yugoslavia,Zaire,Serbia,DR Congo,9,0,0,0,0.0,0.0,,fjelstul
WC-1974,1974 FIFA Men's World Cup,mens,1974,M-1974-13,group stage,group stage,Group 3,1974-06-19,Niedersachsenstadion,Hanover,Germany,Bulgaria,Uruguay,Bulgaria,Uruguay,1,1,0,0,0.0,0.0,,fjelstul
WC-1974,1974 FIFA Men's World Cup,mens,1974,M-1974-14,group stage,group stage,Group 3,1974-06-19,Westfalenstadion,Dortmund,Germany,Netherlands,Sweden,Netherlands,Sweden,0,0,0,0,0.0,0.0,,fjelstul
WC-1974,1974 FIFA Men's World Cup,mens,1974,M-1974-15,group stage,group stage,Group 4,1974-06-19,Neckarstadion,Stuttgart,Germany,Argentina,Italy,Argentina,Italy,1,1,0,0,0.0,0.0,,fjelstul
WC-1974,1974 FIFA Men's World Cup,mens,1974,M-1974-16,group stage,group stage,Group 4,1974-06-19,Olympiastadion,Munich,Germany,Haiti,Poland,Haiti,Poland,0,7,0,0,0.0,0.0,,fjelstul
WC-1974,1974 FIFA Men's World Cup,mens,1974,M-1974-17,group stage,group stage,Group 1,1974-06-22,Olympiastadion,Berlin,Germany,Australia,Chile,Australia,Chile,0,0,0,0,0.0,0.0,,fjelstul
WC-1974,1974 FIFA Men's World Cup,mens,1974,M-1974-18,group stage,group stage,Group 2,1974-06-22,Waldstadion,Frankfurt,Germany,Scotland,Yugoslavia,Scotland,Serbia,1,1,0,0,0.0,0.0,,fjelstul
WC-1974,1974 FIFA Men's World Cup,mens,1974,M-1974-19,group stage,group stage,Group 2,1974-06-22,Parkstadion,Gelsenkirchen,Germany,Zaire,Brazil,DR Congo,Brazil,0,3,0,0,0.0,0.0,,fjelstul
WC-1974,1974 FIFA Men's World Cup,mens,1974,M-1974-20,group stage,group stage,Group 1,1974-06-22,Volksparkstadion,Hamburg,Germany,East Germany,West Germany,Germany,Germany,1,0,0,0,0.0,0.0,,fjelstul
WC-1974,1974 FIFA Men's World Cup,mens,1974,M-1974-21,group stage,group stage,Group 3,1974-06-23,Westfalenstadion,Dortmund,Germany,Bulgaria,Netherlands,Bulgaria,Netherlands,1,4,0,0,0.0,0.0,,fjelstul
WC-1974,1974 FIFA Men's World Cup,mens,1974,M-1974-22,group stage,group stage,Group 3,1974-06-23,Rheinstadion,Düsseldorf,Germany,Sweden,Uruguay,Sweden,Uruguay,3,0,0,0,0.0,0.0,,fjelstul
WC-1974,1974 FIFA Men's World Cup,mens,1974,M-1974-23,group stage,group stage,Group 4,1974-06-23,Olympiastadion,Munich,Germany,Argentina,Haiti,Argentina,Haiti,4,1,0,0,0.0,0.0,,fjelstul
WC-1974,1974 FIFA Men's World Cup,mens,1974,M-1974-24,group stage,group stage,Group 4,1974-06-23,Neckarstadion,Stuttgart,Germany,Poland,Italy,Poland,Italy,2,1,0,0,0.0,0.0,,fjelstul
WC-1974,1974 FIFA Men's World Cup,mens,1974,M-1974-25,second group stage,second group stage,Group B,1974-06-26,Rheinstadion,Düsseldorf,Germany,Yugoslavia,West Germany,Serbia,Germany,0,2,0,0,0.0,0.0,,fjelstul
WC-1974,1974 FIFA Men's World Cup,mens,1974,M-1974-26,second group stage,second group stage,Group A,1974-06-26,Niedersachsenstadion,Hanover,Germany,Brazil,East Germany,Brazil,Germany,1,0,0,0,0.0,0.0,,fjelstul
WC-1974,1974 FIFA Men's World Cup,mens,1974,M-1974-27,second group stage,second group stage,Group A,1974-06-26,Parkstadion,Gelsenkirchen,Germany,Netherlands,Argentina,Netherlands,Argentina,4,0,0,0,0.0,0.0,,fjelstul
WC-1974,1974 FIFA Men's World Cup,mens,1974,M-1974-28,second group stage,second group stage,Group B,1974-06-26,Neckarstadion,Stuttgart,Germany,Sweden,Poland,Sweden,Poland,0,1,0,0,0.0,0.0,,fjelstul
WC-1974,1974 FIFA Men's World Cup,mens,1974,M-1974-29,second group stage,second group stage,Group A,1974-06-30,Niedersachsenstadion,Hanover,Germany,Argentina,Brazil,Argentina,Brazil,1,2,0,0,0.0,0.0,,fjelstul
WC-1974,1974 FIFA Men's World Cup,mens,1974,M-1974-30,second group stage,second group stage,Group A,1974-06-30,Parkstadion,Gelsenkirchen,Germany,East Germany,Netherlands,Germany,Netherlands,0,2,0,0,0.0,0.0,,fjelstul
WC-1974,1974 FIFA Men's World Cup,mens,1974,M-1974-31,second group stage,second group stage,Group B,1974-06-30,Waldstadion,Frankfurt,Germany,Poland,Yugoslavia,Poland,Serbia,2,1,0,0,0.0,0.0,,fjelstul
WC-1974,1974 FIFA Men's World Cup,mens,1974,M-1974-32,second group stage,second group stage,Group B,1974-06-30,Rheinstadion,Düsseldorf,Germany,West Germany,Sweden,Germany,Sweden,4,2,0,0,0.0,0.0,,fjelstul
WC-1974,1974 FIFA Men's World Cup,mens,1974,M-1974-33,second group stage,second group stage,Group B,1974-07-03,Waldstadion,Frankfurt,Germany,Poland,West Germany,Poland,Germany,0,1,0,0,0.0,0.0,,fjelstul
WC-1974,1974 FIFA Men's World Cup,mens,1974,M-1974-34,second group stage,second group stage,Group A,1974-07-03,Parkstadion,Gelsenkirchen,Germany,Argentina,East Germany,Argentina,Germany,1,1,0,0,0.0,0.0,,fjelstul
WC-1974,1974 FIFA Men's World Cup,mens,1974,M-1974-35,second group stage,second group stage,Group A,1974-07-03,Westfalenstadion,Dortmund,Germany,Netherlands,Brazil,Netherlands,Brazil,2,0,0,0,0.0,0.0,,fjelstul
WC-1974,1974 FIFA Men's World Cup,mens,1974,M-1974-36,second group stage,second group stage,Group B,1974-07-03,Rheinstadion,Düsseldorf,Germany,Sweden,Yugoslavia,Sweden,Serbia,2,1,0,0,0.0,0.0,,fjelstul
WC-1974,1974 FIFA Men's World Cup,mens,1974,M-1974-37,third-place match,third-place match,not applicable,1974-07-06,Olympiastadion,Munich,Germany,Brazil,Poland,Brazil,Poland,0,1,0,0,0.0,0.0,,fjelstul
WC-1974,1974 FIFA Men's World Cup,mens,1974,M-1974-38,final,final,not applicable,1974-07-07,Olympiastadion,Munich,Germany,Netherlands,West Germany,Netherlands,Germany,1,2,0,0,0.0,0.0,,fjelstul
WC-1978,1978 FIFA Men's World Cup,mens,1978,M-1978-01,group stage,group stage,Group 2,1978-06-01,Estadio Monumental,Buenos Aires,Argentina,West Germany,Poland,Germany,Poland,0,0,0,0,0.0,0.0,,fjelstul
WC-1978,1978 FIFA Men's World Cup,mens,1978,M-1978-02,group stage,group stage,Group 1,1978-06-02,Estadio José María Minella,Mar del Plata,Argentina,Italy,France,Italy,France,2,1,0,0,0.0,0.0,,fjelstul
WC-1978,1978 FIFA Men's World Cup,mens,1978,M-1978-03,group stage,group stage,Group 2,1978-06-02,Estadio Gigante de Arroyito,Rosario,Argentina,Tunisia,Mexico,Tunisia,Mexico,3,1,0,0,0.0,0.0,,fjelstul
WC-1978,1978 FIFA Men's World Cup,mens,1978,M-1978-04,group stage,group stage,Group 1,1978-06-02,Estadio Monumental,Buenos Aires,Argentina,Argentina,Hungary,Argentina,Hungary,2,1,0,0,0.0,0.0,,fjelstul
WC-1978,1978 FIFA Men's World Cup,mens,1978,M-1978-05,group stage,group stage,Group 3,1978-06-03,Estadio José Amalfitani,Buenos Aires,Argentina,Austria,Spain,Austria,Spain,2,1,0,0,0.0,0.0,,fjelstul
WC-1978,1978 FIFA Men's World Cup,mens,1978,M-1978-06,group stage,group stage,Group 3,1978-06-03,Estadio José María Minella,Mar del Plata,Argentina,Brazil,Sweden,Brazil,Sweden,1,1,0,0,0.0,0.0,,fjelstul
WC-1978,1978 FIFA Men's World Cup,mens,1978,M-1978-07,group stage,group stage,Group 4,1978-06-03,Estadio Ciudad de Mendoza,Mendoza,Argentina,Netherlands,Iran,Netherlands,Iran,3,0,0,0,0.0,0.0,,fjelstul
WC-1978,1978 FIFA Men's World Cup,mens,1978,M-1978-08,group stage,group stage,Group 4,1978-06-03,Estadio Chateau Carreras,Córdoba,Argentina,Peru,Scotland,Peru,Scotland,3,1,0,0,0.0,0.0,,fjelstul
WC-1978,1978 FIFA Men's World Cup,mens,1978,M-1978-09,group stage,group stage,Group 1,1978-06-06,Estadio José María Minella,Mar del Plata,Argentina,Italy,Hungary,Italy,Hungary,3,1,0,0,0.0,0.0,,fjelstul
WC-1978,1978 FIFA Men's World Cup,mens,1978,M-1978-10,group stage,group stage,Group 2,1978-06-06,Estadio Gigante de Arroyito,Rosario,Argentina,Poland,Tunisia,Poland,Tunisia,1,0,0,0,0.0,0.0,,fjelstul
WC-1978,1978 FIFA Men's World Cup,mens,1978,M-1978-11,group stage,group stage,Group 2,1978-06-06,Estadio Chateau Carreras,Córdoba,Argentina,West Germany,Mexico,Germany,Mexico,6,0,0,0,0.0,0.0,,fjelstul
WC-1978,1978 FIFA Men's World Cup,mens,1978,M-1978-12,group stage,group stage,Group 1,1978-06-06,Estadio Monumental,Buenos Aires,Argentina,Argentina,France,Argentina,France,2,1,0,0,0.0,0.0,,fjelstul
WC-1978,1978 FIFA Men's World Cup,mens,1978,M-1978-13,group stage,group stage,Group 3,1978-06-07,Estadio José Amalfitani,Buenos Aires,Argentina,Austria,Sweden,Austria,Sweden,1,0,0,0,0.0,0.0,,fjelstul
WC-1978,1978 FIFA Men's World Cup,mens,1978,M-1978-14,group stage,group stage,Group 3,1978-06-07,Estadio José María Minella,Mar del Plata,Argentina,Brazil,Spain,Brazil,Spain,0,0,0,0,0.0,0.0,,fjelstul
WC-1978,1978 FIFA Men's World Cup,mens,1978,M-1978-15,group stage,group stage,Group 4,1978-06-07,Estadio Ciudad de Mendoza,Mendoza,Argentina,Netherlands,Peru,Netherlands,Peru,0,0,0,0,0.0,0.0,,fjelstul
WC-1978,1978 FIFA Men's World Cup,mens,1978,M-1978-16,group stage,group stage,Group 4,1978-06-07,Estadio Chateau Carreras,Córdoba,Argentina,Scotland,Iran,Scotland,Iran,1,1,0,0,0.0,0.0,,fjelstul
WC-1978,1978 FIFA Men's World Cup,mens,1978,M-1978-17,group stage,group stage,Group 1,1978-06-10,Estadio José María Minella,Mar del Plata,Argentina,France,Hungary,France,Hungary,3,1,0,0,0.0,0.0,,fjelstul
WC-1978,1978 FIFA Men's World Cup,mens,1978,M-1978-18,group stage,group stage,Group 2,1978-06-10,Estadio Gigante de Arroyito,Rosario,Argentina,Poland,Mexico,Poland,Mexico,3,1,0,0,0.0,0.0,,fjelstul
WC-1978,1978 FIFA Men's World Cup,mens,1978,M-1978-19,group stage,group stage,Group 2,1978-06-10,Estadio Chateau Carreras,Córdoba,Argentina,West Germany,Tunisia,Germany,Tunisia,0,0,0,0,0.0,0.0,,fjelstul
WC-1978,1978 FIFA Men's World Cup,mens,1978,M-1978-20,group stage,group stage,Group 1,1978-06-10,Estadio Monumental,Buenos Aires,Argentina,Argentina,Italy,Argentina,Italy,0,1,0,0,0.0,0.0,,fjelstul
WC-1978,1978 FIFA Men's World Cup,mens,1978,M-1978-21,group stage,group stage,Group 3,1978-06-11,Estadio José María Minella,Mar del Plata,Argentina,Brazil,Austria,Brazil,Austria,1,0,0,0,0.0,0.0,,fjelstul
WC-1978,1978 FIFA Men's World Cup,mens,1978,M-1978-22,group stage,group stage,Group 3,1978-06-11,Estadio José Amalfitani,Buenos Aires,Argentina,Spain,Sweden,Spain,Sweden,1,0,0,0,0.0,0.0,,fjelstul
WC-1978,1978 FIFA Men's World Cup,mens,1978,M-1978-23,group stage,group stage,Group 4,1978-06-11,Estadio Chateau Carreras,Córdoba,Argentina,Peru,Iran,Peru,Iran,4,1,0,0,0.0,0.0,,fjelstul
WC-1978,1978 FIFA Men's World Cup,mens,1978,M-1978-24,group stage,group stage,Group 4,1978-06-11,Estadio Ciudad de Mendoza,Mendoza,Argentina,Scotland,Netherlands,Scotland,Netherlands,3,2,0,0,0.0,0.0,,fjelstul
WC-1978,1978 FIFA Men's World Cup,mens,1978,M-1978-25,second group stage,second group stage,Group A,1978-06-14,Estadio Chateau Carreras,Córdoba,Argentina,Austria,Netherlands,Austria,Netherlands,1,5,0,0,0.0,0.0,,fjelstul
WC-1978,1978 FIFA Men's World Cup,mens,1978,M-1978-26,second group stage,second group stage,Group A,1978-06-14,Estadio Monumental,Buenos Aires,Argentina,Italy,West Germany,Italy,Germany,0,0,0,0,0.0,0.0,,fjelstul
WC-1978,1978 FIFA Men's World Cup,mens,1978,M-1978-27,second group stage,second group stage,Group B,1978-06-14,Estadio Ciudad de Mendoza,Mendoza,Argentina,Brazil,Peru,Brazil,Peru,3,0,0,0,0.0,0.0,,fjelstul
WC-1978,1978 FIFA Men's World Cup,mens,1978,M-1978-28,second group stage,second group stage,Group B,1978-06-14,Estadio Gigante de Arroyito,Rosario,Argentina,Argentina,Poland,Argentina,Poland,2,0,0,0,0.0,0.0,,fjelstul
WC-1978,1978 FIFA Men's World Cup,mens,1978,M-1978-29,second group stage,second group stage,Group B,1978-06-18,Estadio Ciudad de Mendoza,Mendoza,Argentina,Peru,Poland,Peru,Poland,0,1,0,0,0.0,0.0,,fjelstul
WC-1978,1978 FIFA Men's World Cup,mens,1978,M-1978-30,second group stage,second group stage,Group A,1978-06-18,Estadio Monumental,Buenos Aires,Argentina,Italy,Austria,Italy,Austria,1,0,0,0,0.0,0.0,,fjelstul
WC-1978,1978 FIFA Men's World Cup,mens,1978,M-1978-31,second group stage,second group stage,Group A,1978-06-18,Estadio Chateau Carreras,Córdoba,Argentina,Netherlands,West Germany,Netherlands,Germany,2,2,0,0,0.0,0.0,,fjelstul
WC-1978,1978 FIFA Men's World Cup,mens,1978,M-1978-32,second group stage,second group stage,Group B,1978-06-18,Estadio Gigante de Arroyito,Rosario,Argentina,Argentina,Brazil,Argentina,Brazil,0,0,0,0,0.0,0.0,,fjelstul
WC-1978,1978 FIFA Men's World Cup,mens,1978,M-1978-33,second group stage,second group stage,Group A,1978-06-21,Estadio Chateau Carreras,Córdoba,Argentina,Austria,West Germany,Austria,Germany,3,2,0,0,0.0,0.0,,fjelstul
WC-1978,1978 FIFA Men's World Cup,mens,1978,M-1978-34,second group stage,second group stage,Group A,1978-06-21,Estadio Monumental,Buenos Aires,Argentina,Italy,Netherlands,Italy,Netherlands,1,2,0,0,0.0,0.0,,fjelstul
WC-1978,1978 FIFA Men's World Cup,mens,1978,M-1978-35,second group stage,second group stage,Group B,1978-06-21,Estadio Ciudad de Mendoza,Mendoza,Argentina,Brazil,Poland,Brazil,Poland,3,1,0,0,0.0,0.0,,fjelstul
WC-1978,1978 FIFA Men's World Cup,mens,1978,M-1978-36,second group stage,second group stage,Group B,1978-06-21,Estadio Gigante de Arroyito,Rosario,Argentina,Argentina,Peru,Argentina,Peru,6,0,0,0,0.0,0.0,,fjelstul
WC-1978,1978 FIFA Men's World Cup,mens,1978,M-1978-37,third-place match,third-place match,not applicable,1978-06-24,Estadio Monumental,Buenos Aires,Argentina,Brazil,Italy,Brazil,Italy,2,1,0,0,0.0,0.0,,fjelstul
WC-1978,1978 FIFA Men's World Cup,mens,1978,M-1978-38,final,final,not applicable,1978-06-25,Estadio Monumental,Buenos Aires,Argentina,Argentina,Netherlands,Argentina,Netherlands,3,1,1,0,0.0,0.0,,fjelstul
WC-1982,1982 FIFA Men's World Cup,mens,1982,M-1982-01,group stage,group stage,Group 3,1982-06-13,Camp Nou,Barcelona,Spain,Argentina,Belgium,Argentina,Belgium,0,1,0,0,0.0,0.0,,fjelstul
WC-1982,1982 FIFA Men's World Cup,mens,1982,M-1982-02,group stage,group stage,Group 1,1982-06-14,Balaídos,Vigo,Spain,Italy,Poland,Italy,Poland,0,0,0,0,0.0,0.0,,fjelstul
WC-1982,1982 FIFA Men's World Cup,mens,1982,M-1982-03,group stage,group stage,Group 6,1982-06-14,Estadio Ramón Sánchez Pizjuán,Seville,Spain,Brazil,Soviet Union,Brazil,Russia,2,1,0,0,0.0,0.0,,fjelstul
WC-1982,1982 FIFA Men's World Cup,mens,1982,M-1982-04,group stage,group stage,Group 1,1982-06-15,Estadio Riazor,A Coruña,Spain,Peru,Cameroon,Peru,Cameroon,0,0,0,0,0.0,0.0,,fjelstul
WC-1982,1982 FIFA Men's World Cup,mens,1982,M-1982-05,group stage,group stage,Group 3,1982-06-15,Nuevo Estadio,Elche,Spain,Hungary,El Salvador,Hungary,El Salvador,10,1,0,0,0.0,0.0,,fjelstul
WC-1982,1982 FIFA Men's World Cup,mens,1982,M-1982-06,group stage,group stage,Group 6,1982-06-15,Estadio La Rosaleda,Málaga,Spain,Scotland,New Zealand,Scotland,New Zealand,5,2,0,0,0.0,0.0,,fjelstul
WC-1982,1982 FIFA Men's World Cup,mens,1982,M-1982-07,group stage,group stage,Group 2,1982-06-16,Estadio El Molinón,Gijón,Spain,West Germany,Algeria,Germany,Algeria,1,2,0,0,0.0,0.0,,fjelstul
WC-1982,1982 FIFA Men's World Cup,mens,1982,M-1982-08,group stage,group stage,Group 4,1982-06-16,Estadio San Mamés,Bilbao,Spain,England,France,England,France,3,1,0,0,0.0,0.0,,fjelstul
WC-1982,1982 FIFA Men's World Cup,mens,1982,M-1982-09,group stage,group stage,Group 5,1982-06-16,Estadio Luis Casanova,Valencia,Spain,Spain,Honduras,Spain,Honduras,1,1,0,0,0.0,0.0,,fjelstul
WC-1982,1982 FIFA Men's World Cup,mens,1982,M-1982-10,group stage,group stage,Group 2,1982-06-17,Estadio Carlos Tartiere,Oviedo,Spain,Chile,Austria,Chile,Austria,0,1,0,0,0.0,0.0,,fjelstul
WC-1982,1982 FIFA Men's World Cup,mens,1982,M-1982-11,group stage,group stage,Group 4,1982-06-17,Estadio José Zorrilla,Valladolid,Spain,Czechoslovakia,Kuwait,Czech Republic,Kuwait,1,1,0,0,0.0,0.0,,fjelstul
WC-1982,1982 FIFA Men's World Cup,mens,1982,M-1982-12,group stage,group stage,Group 5,1982-06-17,Estadio La Romareda,Zaragoza,Spain,Yugoslavia,Northern Ireland,Serbia,Northern Ireland,0,0,0,0,0.0,0.0,,fjelstul
WC-1982,1982 FIFA Men's World Cup,mens,1982,M-1982-13,group stage,group stage,Group 1,1982-06-18,Balaídos,Vigo,Spain,Italy,Peru,Italy,Peru,1,1,0,0,0.0,0.0,,fjelstul
WC-1982,1982 FIFA Men's World Cup,mens,1982,M-1982-14,group stage,group stage,Group 3,1982-06-18,Estadio José Rico Pérez,Alicante,Spain,Argentina,Hungary,Argentina,Hungary,4,1,0,0,0.0,0.0,,fjelstul
WC-1982,1982 FIFA Men's World Cup,mens,1982,M-1982-15,group stage,group stage,Group 6,1982-06-18,Estadio Benito Villamarín,Seville,Spain,Brazil,Scotland,Brazil,Scotland,4,1,0,0,0.0,0.0,,fjelstul
WC-1982,1982 FIFA Men's World Cup,mens,1982,M-1982-16,group stage,group stage,Group 1,1982-06-19,Estadio Riazor,A Coruña,Spain,Poland,Cameroon,Poland,Cameroon,0,0,0,0,0.0,0.0,,fjelstul
WC-1982,1982 FIFA Men's World Cup,mens,1982,M-1982-17,group stage,group stage,Group 3,1982-06-19,Nuevo Estadio,Elche,Spain,Belgium,El Salvador,Belgium,El Salvador,1,0,0,0,0.0,0.0,,fjelstul
WC-1982,1982 FIFA Men's World Cup,mens,1982,M-1982-18,group stage,group stage,Group 6,1982-06-19,Estadio La Rosaleda,Málaga,Spain,Soviet Union,New Zealand,Russia,New Zealand,3,0,0,0,0.0,0.0,,fjelstul
WC-1982,1982 FIFA Men's World Cup,mens,1982,M-1982-19,group stage,group stage,Group 2,1982-06-20,Estadio El Molinón,Gijón,Spain,West Germany,Chile,Germany,Chile,4,1,0,0,0.0,0.0,,fjelstul
WC-1982,1982 FIFA Men's World Cup,mens,1982,M-1982-20,group stage,group stage,Group 4,1982-06-20,Estadio San Mamés,Bilbao,Spain,England,Czechoslovakia,England,Czech Republic,2,0,0,0,0.0,0.0,,fjelstul
WC-1982,1982 FIFA Men's World Cup,mens,1982,M-1982-21,group stage,group stage,Group 5,1982-06-20,Estadio Luis Casanova,Valencia,Spain,Spain,Yugoslavia,Spain,Serbia,2,1,0,0,0.0,0.0,,fjelstul
WC-1982,1982 FIFA Men's World Cup,mens,1982,M-1982-22,group stage,group stage,Group 2,1982-06-21,Estadio Carlos Tartiere,Oviedo,Spain,Algeria,Austria,Algeria,Austria,0,2,0,0,0.0,0.0,,fjelstul
WC-1982,1982 FIFA Men's World Cup,mens,1982,M-1982-23,group stage,group stage,Group 4,1982-06-21,Estadio José Zorrilla,Valladolid,Spain,France,Kuwait,France,Kuwait,4,1,0,0,0.0,0.0,,fjelstul
WC-1982,1982 FIFA Men's World Cup,mens,1982,M-1982-24,group stage,group stage,Group 5,1982-06-21,Estadio La Romareda,Zaragoza,Spain,Honduras,Northern Ireland,Honduras,Northern Ireland,1,1,0,0,0.0,0.0,,fjelstul
WC-1982,1982 FIFA Men's World Cup,mens,1982,M-1982-25,group stage,group stage,Group 1,1982-06-22,Estadio Riazor,A Coruña,Spain,Poland,Peru,Poland,Peru,5,1,0,0,0.0,0.0,,fjelstul
WC-1982,1982 FIFA Men's World Cup,mens,1982,M-1982-26,group stage,group stage,Group 3,1982-06-22,Nuevo Estadio,Elche,Spain,Belgium,Hungary,Belgium,Hungary,1,1,0,0,0.0,0.0,,fjelstul
WC-1982,1982 FIFA Men's World Cup,mens,1982,M-1982-27,group stage,group stage,Group 6,1982-06-22,Estadio La Rosaleda,Málaga,Spain,Soviet Union,Scotland,Russia,Scotland,2,2,0,0,0.0,0.0,,fjelstul
WC-1982,1982 FIFA Men's World Cup,mens,1982,M-1982-28,group stage,group stage,Group 1,1982-06-23,Balaídos,Vigo,Spain,Italy,Cameroon,Italy,Cameroon,1,1,0,0,0.0,0.0,,fjelstul
WC-1982,1982 FIFA Men's World Cup,mens,1982,M-1982-29,group stage,group stage,Group 3,1982-06-23,Estadio José Rico Pérez,Alicante,Spain,Argentina,El Salvador,Argentina,El Salvador,2,0,0,0,0.0,0.0,,fjelstul
WC-1982,1982 FIFA Men's World Cup,mens,1982,M-1982-30,group stage,group stage,Group 6,1982-06-23,Estadio Benito Villamarín,Seville,Spain,Brazil,New Zealand,Brazil,New Zealand,4,0,0,0,0.0,0.0,,fjelstul
WC-1982,1982 FIFA Men's World Cup,mens,1982,M-1982-31,group stage,group stage,Group 2,1982-06-24,Estadio Carlos Tartiere,Oviedo,Spain,Algeria,Chile,Algeria,Chile,3,2,0,0,0.0,0.0,,fjelstul
WC-1982,1982 FIFA Men's World Cup,mens,1982,M-1982-32,group stage,group stage,Group 4,1982-06-24,Estadio José Zorrilla,Valladolid,Spain,France,Czechoslovakia,France,Czech Republic,1,1,0,0,0.0,0.0,,fjelstul
WC-1982,1982 FIFA Men's World Cup,mens,1982,M-1982-33,group stage,group stage,Group 5,1982-06-24,Estadio La Romareda,Zaragoza,Spain,Honduras,Yugoslavia,Honduras,Serbia,0,1,0,0,0.0,0.0,,fjelstul
WC-1982,1982 FIFA Men's World Cup,mens,1982,M-1982-34,group stage,group stage,Group 2,1982-06-25,Estadio El Molinón,Gijón,Spain,West Germany,Austria,Germany,Austria,1,0,0,0,0.0,0.0,,fjelstul
WC-1982,1982 FIFA Men's World Cup,mens,1982,M-1982-35,group stage,group stage,Group 4,1982-06-25,Estadio San Mamés,Bilbao,Spain,England,Kuwait,England,Kuwait,1,0,0,0,0.0,0.0,,fjelstul
WC-1982,1982 FIFA Men's World Cup,mens,1982,M-1982-36,group stage,group stage,Group 5,1982-06-25,Estadio Luis Casanova,Valencia,Spain,Spain,Northern Ireland,Spain,Northern Ireland,0,1,0,0,0.0,0.0,,fjelstul
WC-1982,1982 FIFA Men's World Cup,mens,1982,M-1982-37,second group stage,second group stage,Group 4,1982-06-28,Vicente Calderón,Madrid,Spain,Austria,France,Austria,France,0,1,0,0,0.0,0.0,,fjelstul
WC-1982,1982 FIFA Men's World Cup,mens,1982,M-1982-38,second group stage,second group stage,Group 1,1982-06-28,Camp Nou,Barcelona,Spain,Poland,Belgium,Poland,Belgium,3,0,0,0,0.0,0.0,,fjelstul
WC-1982,1982 FIFA Men's World Cup,mens,1982,M-1982-39,second group stage,second group stage,Group 3,1982-06-29,Estadi de Sarrià,Barcelona,Spain,Italy,Argentina,Italy,Argentina,2,1,0,0,0.0,0.0,,fjelstul
WC-1982,1982 FIFA Men's World Cup,mens,1982,M-1982-40,second group stage,second group stage,Group 2,1982-06-29,Estadio Santiago Bernabéu,Madrid,Spain,West Germany,England,Germany,England,0,0,0,0,0.0,0.0,,fjelstul
WC-1982,1982 FIFA Men's World Cup,mens,1982,M-1982-41,second group stage,second group stage,Group 4,1982-07-01,Vicente Calderón,Madrid,Spain,Austria,Northern Ireland,Austria,Northern Ireland,2,2,0,0,0.0,0.0,,fjelstul
WC-1982,1982 FIFA Men's World Cup,mens,1982,M-1982-42,second group stage,second group stage,Group 1,1982-07-01,Camp Nou,Barcelona,Spain,Belgium,Soviet Union,Belgium,Russia,0,1,0,0,0.0,0.0,,fjelstul
WC-1982,1982 FIFA Men's World Cup,mens,1982,M-1982-43,second group stage,second group stage,Group 3,1982-07-02,Estadi de Sarrià,Barcelona,Spain,Argentina,Brazil,Argentina,Brazil,1,3,0,0,0.0,0.0,,fjelstul
WC-1982,1982 FIFA Men's World Cup,mens,1982,M-1982-44,second group stage,second group stage,Group 2,1982-07-02,Estadio Santiago Bernabéu,Madrid,Spain,West Germany,Spain,Germany,Spain,2,1,0,0,0.0,0.0,,fjelstul
WC-1982,1982 FIFA Men's World Cup,mens,1982,M-1982-45,second group stage,second group stage,Group 4,1982-07-04,Vicente Calderón,Madrid,Spain,France,Northern Ireland,France,Northern Ireland,4,1,0,0,0.0,0.0,,fjelstul
WC-1982,1982 FIFA Men's World Cup,mens,1982,M-1982-46,second group stage,second group stage,Group 1,1982-07-04,Camp Nou,Barcelona,Spain,Soviet Union,Poland,Russia,Poland,0,0,0,0,0.0,0.0,,fjelstul
WC-1982,1982 FIFA Men's World Cup,mens,1982,M-1982-47,second group stage,second group stage,Group 3,1982-07-05,Estadi de Sarrià,Barcelona,Spain,Italy,Brazil,Italy,Brazil,3,2,0,0,0.0,0.0,,fjelstul
WC-1982,1982 FIFA Men's World Cup,mens,1982,M-1982-48,second group stage,second group stage,Group 2,1982-07-05,Estadio Santiago Bernabéu,Madrid,Spain,Spain,England,Spain,England,0,0,0,0,0.0,0.0,,fjelstul
WC-1982,1982 FIFA Men's World Cup,mens,1982,M-1982-49,semi-finals,semi-finals,not applicable,1982-07-08,Camp Nou,Barcelona,Spain,Poland,Italy,Poland,Italy,0,2,0,0,0.0,0.0,,fjelstul
WC-1982,1982 FIFA Men's World Cup,mens,1982,M-1982-50,semi-finals,semi-finals,not applicable,1982-07-08,Estadio Ramón Sánchez Pizjuán,Seville,Spain,West Germany,France,Germany,France,3,3,1,1,5.0,4.0,,fjelstul
WC-1982,1982 FIFA Men's World Cup,mens,1982,M-1982-51,third-place match,third-place match,not applicable,1982-07-10,Estadio José Rico Pérez,Alicante,Spain,Poland,France,Poland,France,3,2,0,0,0.0,0.0,,fjelstul
WC-1982,1982 FIFA Men's World Cup,mens,1982,M-1982-52,final,final,not applicable,1982-07-11,Estadio Santiago Bernabéu,Madrid,Spain,Italy,West Germany,Italy,Germany,3,1,0,0,0.0,0.0,,fjelstul
WC-1986,1986 FIFA Men's World Cup,mens,1986,M-1986-01,group stage,group stage,Group A,1986-05-31,Estadio Azteca,Mexico City,Mexico,Bulgaria,Italy,Bulgaria,Italy,1,1,0,0,0.0,0.0,,fjelstul
WC-1986,1986 FIFA Men's World Cup,mens,1986,M-1986-02,group stage,group stage,Group D,1986-06-01,Estadio Jalisco,Guadalajara,Mexico,Spain,Brazil,Spain,Brazil,0,1,0,0,0.0,0.0,,fjelstul
WC-1986,1986 FIFA Men's World Cup,mens,1986,M-1986-03,group stage,group stage,Group C,1986-06-01,Estadio Nou Camp,León,Mexico,Canada,France,Canada,France,0,1,0,0,0.0,0.0,,fjelstul
WC-1986,1986 FIFA Men's World Cup,mens,1986,M-1986-04,group stage,group stage,Group A,1986-06-02,Estadio Olímpico Universitario,Mexico City,Mexico,Argentina,South Korea,Argentina,South Korea,3,1,0,0,0.0,0.0,,fjelstul
WC-1986,1986 FIFA Men's World Cup,mens,1986,M-1986-05,group stage,group stage,Group C,1986-06-02,Estadio Sergio León Chavez,Irapuato,Mexico,Soviet Union,Hungary,Russia,Hungary,6,0,0,0,0.0,0.0,,fjelstul
WC-1986,1986 FIFA Men's World Cup,mens,1986,M-1986-06,group stage,group stage,Group F,1986-06-02,Estadio Universitario,Monterrey,Mexico,Morocco,Poland,Morocco,Poland,0,0,0,0,0.0,0.0,,fjelstul
WC-1986,1986 FIFA Men's World Cup,mens,1986,M-1986-07,group stage,group stage,Group B,1986-06-03,Estadio Azteca,Mexico City,Mexico,Belgium,Mexico,Belgium,Mexico,1,2,0,0,0.0,0.0,,fjelstul
WC-1986,1986 FIFA Men's World Cup,mens,1986,M-1986-08,group stage,group stage,Group D,1986-06-03,Estadio Tres de Marzo,Guadalajara,Mexico,Algeria,Northern Ireland,Algeria,Northern Ireland,1,1,0,0,0.0,0.0,,fjelstul
WC-1986,1986 FIFA Men's World Cup,mens,1986,M-1986-09,group stage,group stage,Group F,1986-06-03,Estadio Tecnológico,Monterrey,Mexico,Portugal,England,Portugal,England,1,0,0,0,0.0,0.0,,fjelstul
WC-1986,1986 FIFA Men's World Cup,mens,1986,M-1986-10,group stage,group stage,Group B,1986-06-04,La Bombonera,Toluca,Mexico,Paraguay,Iraq,Paraguay,Iraq,1,0,0,0,0.0,0.0,,fjelstul
WC-1986,1986 FIFA Men's World Cup,mens,1986,M-1986-11,group stage,group stage,Group E,1986-06-04,Estadio La Corregidora,Querétaro,Mexico,Uruguay,West Germany,Uruguay,Germany,1,1,0,0,0.0,0.0,,fjelstul
WC-1986,1986 FIFA Men's World Cup,mens,1986,M-1986-12,group stage,group stage,Group E,1986-06-04,Estadio Neza 86,Nezahualcóyotl,Mexico,Scotland,Denmark,Scotland,Denmark,0,1,0,0,0.0,0.0,,fjelstul
WC-1986,1986 FIFA Men's World Cup,mens,1986,M-1986-13,group stage,group stage,Group A,1986-06-05,Estadio Cuauhtémoc,Puebla,Mexico,Italy,Argentina,Italy,Argentina,1,1,0,0,0.0,0.0,,fjelstul
WC-1986,1986 FIFA Men's World Cup,mens,1986,M-1986-14,group stage,group stage,Group C,1986-06-05,Estadio Nou Camp,León,Mexico,France,Soviet Union,France,Russia,1,1,0,0,0.0,0.0,,fjelstul
WC-1986,1986 FIFA Men's World Cup,mens,1986,M-1986-15,group stage,group stage,Group A,1986-06-05,Estadio Olímpico Universitario,Mexico City,Mexico,South Korea,Bulgaria,South Korea,Bulgaria,1,1,0,0,0.0,0.0,,fjelstul
WC-1986,1986 FIFA Men's World Cup,mens,1986,M-1986-16,group stage,group stage,Group C,1986-06-06,Estadio Sergio León Chavez,Irapuato,Mexico,Hungary,Canada,Hungary,Canada,2,0,0,0,0.0,0.0,,fjelstul
WC-1986,1986 FIFA Men's World Cup,mens,1986,M-1986-17,group stage,group stage,Group D,1986-06-06,Estadio Jalisco,Guadalajara,Mexico,Brazil,Algeria,Brazil,Algeria,1,0,0,0,0.0,0.0,,fjelstul
WC-1986,1986 FIFA Men's World Cup,mens,1986,M-1986-18,group stage,group stage,Group F,1986-06-06,Estadio Tecnológico,Monterrey,Mexico,England,Morocco,England,Morocco,0,0,0,0,0.0,0.0,,fjelstul
WC-1986,1986 FIFA Men's World Cup,mens,1986,M-1986-19,group stage,group stage,Group B,1986-06-07,Estadio Azteca,Mexico City,Mexico,Mexico,Paraguay,Mexico,Paraguay,1,1,0,0,0.0,0.0,,fjelstul
WC-1986,1986 FIFA Men's World Cup,mens,1986,M-1986-20,group stage,group stage,Group D,1986-06-07,Estadio Tres de Marzo,Guadalajara,Mexico,Northern Ireland,Spain,Northern Ireland,Spain,1,2,0,0,0.0,0.0,,fjelstul
WC-1986,1986 FIFA Men's World Cup,mens,1986,M-1986-21,group stage,group stage,Group F,1986-06-07,Estadio Universitario,Monterrey,Mexico,Poland,Portugal,Poland,Portugal,1,0,0,0,0.0,0.0,,fjelstul
WC-1986,1986 FIFA Men's World Cup,mens,1986,M-1986-22,group stage,group stage,Group B,1986-06-08,La Bombonera,Toluca,Mexico,Iraq,Belgium,Iraq,Belgium,1,2,0,0,0.0,0.0,,fjelstul
WC-1986,1986 FIFA Men's World Cup,mens,1986,M-1986-23,group stage,group stage,Group E,1986-06-08,Estadio La Corregidora,Querétaro,Mexico,West Germany,Scotland,Germany,Scotland,2,1,0,0,0.0,0.0,,fjelstul
WC-1986,1986 FIFA Men's World Cup,mens,1986,M-1986-24,group stage,group stage,Group E,1986-06-08,Estadio Neza 86,Nezahualcóyotl,Mexico,Denmark,Uruguay,Denmark,Uruguay,6,1,0,0,0.0,0.0,,fjelstul
WC-1986,1986 FIFA Men's World Cup,mens,1986,M-1986-25,group stage,group stage,Group C,1986-06-09,Estadio Nou Camp,León,Mexico,Hungary,France,Hungary,France,0,3,0,0,0.0,0.0,,fjelstul
WC-1986,1986 FIFA Men's World Cup,mens,1986,M-1986-26,group stage,group stage,Group C,1986-06-09,Estadio Sergio León Chavez,Irapuato,Mexico,Soviet Union,Canada,Russia,Canada,2,0,0,0,0.0,0.0,,fjelstul
WC-1986,1986 FIFA Men's World Cup,mens,1986,M-1986-27,group stage,group stage,Group A,1986-06-10,Estadio Olímpico Universitario,Mexico City,Mexico,Argentina,Bulgaria,Argentina,Bulgaria,2,0,0,0,0.0,0.0,,fjelstul
WC-1986,1986 FIFA Men's World Cup,mens,1986,M-1986-28,group stage,group stage,Group A,1986-06-10,Estadio Cuauhtémoc,Puebla,Mexico,South Korea,Italy,South Korea,Italy,2,3,0,0,0.0,0.0,,fjelstul
WC-1986,1986 FIFA Men's World Cup,mens,1986,M-1986-29,group stage,group stage,Group B,1986-06-11,Estadio Azteca,Mexico City,Mexico,Iraq,Mexico,Iraq,Mexico,0,1,0,0,0.0,0.0,,fjelstul
WC-1986,1986 FIFA Men's World Cup,mens,1986,M-1986-30,group stage,group stage,Group B,1986-06-11,La Bombonera,Toluca,Mexico,Paraguay,Belgium,Paraguay,Belgium,2,2,0,0,0.0,0.0,,fjelstul
WC-1986,1986 FIFA Men's World Cup,mens,1986,M-1986-31,group stage,group stage,Group F,1986-06-11,Estadio Universitario,Monterrey,Mexico,England,Poland,England,Poland,3,0,0,0,0.0,0.0,,fjelstul
WC-1986,1986 FIFA Men's World Cup,mens,1986,M-1986-32,group stage,group stage,Group F,1986-06-11,Estadio Tres de Marzo,Guadalajara,Mexico,Portugal,Morocco,Portugal,Morocco,1,3,0,0,0.0,0.0,,fjelstul
WC-1986,1986 FIFA Men's World Cup,mens,1986,M-1986-33,group stage,group stage,Group D,1986-06-12,Estadio Tecnológico,Monterrey,Mexico,Algeria,Spain,Algeria,Spain,0,3,0,0,0.0,0.0,,fjelstul
WC-1986,1986 FIFA Men's World Cup,mens,1986,M-1986-34,group stage,group stage,Group D,1986-06-12,Estadio Jalisco,Guadalajara,Mexico,Northern Ireland,Brazil,Northern Ireland,Brazil,0,3,0,0,0.0,0.0,,fjelstul
WC-1986,1986 FIFA Men's World Cup,mens,1986,M-1986-35,group stage,group stage,Group E,1986-06-13,Estadio La Corregidora,Querétaro,Mexico,Denmark,West Germany,Denmark,Germany,2,0,0,0,0.0,0.0,,fjelstul
WC-1986,1986 FIFA Men's World Cup,mens,1986,M-1986-36,group stage,group stage,Group E,1986-06-13,Estadio Neza 86,Nezahualcóyotl,Mexico,Scotland,Uruguay,Scotland,Uruguay,0,0,0,0,0.0,0.0,,fjelstul
WC-1986,1986 FIFA Men's World Cup,mens,1986,M-1986-37,round of 16,round of 16,not applicable,1986-06-15,Estadio Azteca,Mexico City,Mexico,Mexico,Bulgaria,Mexico,Bulgaria,2,0,0,0,0.0,0.0,,fjelstul
WC-1986,1986 FIFA Men's World Cup,mens,1986,M-1986-38,round of 16,round of 16,not applicable,1986-06-15,Estadio Nou Camp,León,Mexico,Soviet Union,Belgium,Russia,Belgium,3,4,1,0,0.0,0.0,,fjelstul
WC-1986,1986 FIFA Men's World Cup,mens,1986,M-1986-39,round of 16,round of 16,not applicable,1986-06-16,Estadio Jalisco,Guadalajara,Mexico,Brazil,Poland,Brazil,Poland,4,0,0,0,0.0,0.0,,fjelstul
WC-1986,1986 FIFA Men's World Cup,mens,1986,M-1986-40,round of 16,round of 16,not applicable,1986-06-16,Estadio Cuauhtémoc,Puebla,Mexico,Argentina,Uruguay,Argentina,Uruguay,1,0,0,0,0.0,0.0,,fjelstul
WC-1986,1986 FIFA Men's World Cup,mens,1986,M-1986-41,round of 16,round of 16,not applicable,1986-06-17,Estadio Olímpico Universitario,Mexico City,Mexico,Italy,France,Italy,France,0,2,0,0,0.0,0.0,,fjelstul
WC-1986,1986 FIFA Men's World Cup,mens,1986,M-1986-42,round of 16,round of 16,not applicable,1986-06-17,Estadio Universitario,Monterrey,Mexico,Morocco,West Germany,Morocco,Germany,0,1,0,0,0.0,0.0,,fjelstul
WC-1986,1986 FIFA Men's World Cup,mens,1986,M-1986-43,round of 16,round of 16,not applicable,1986-06-18,Estadio Azteca,Mexico City,Mexico,England,Paraguay,England,Paraguay,3,0,0,0,0.0,0.0,,fjelstul
WC-1986,1986 FIFA Men's World Cup,mens,1986,M-1986-44,round of 16,round of 16,not applicable,1986-06-18,Estadio La Corregidora,Querétaro,Mexico,Denmark,Spain,Denmark,Spain,1,5,0,0,0.0,0.0,,fjelstul
WC-1986,1986 FIFA Men's World Cup,mens,1986,M-1986-45,quarter-finals,quarter-finals,not applicable,1986-06-21,Estadio Jalisco,Guadalajara,Mexico,Brazil,France,Brazil,France,1,1,1,1,3.0,4.0,,fjelstul
WC-1986,1986 FIFA Men's World Cup,mens,1986,M-1986-46,quarter-finals,quarter-finals,not applicable,1986-06-21,Estadio Universitario,Monterrey,Mexico,West Germany,Mexico,Germany,Mexico,0,0,1,1,4.0,1.0,,fjelstul
WC-1986,1986 FIFA Men's World Cup,mens,1986,M-1986-47,quarter-finals,quarter-finals,not applicable,1986-06-22,Estadio Azteca,Mexico City,Mexico,Argentina,England,Argentina,England,2,1,0,0,0.0,0.0,,fjelstul
WC-1986,1986 FIFA Men's World Cup,mens,1986,M-1986-48,quarter-finals,quarter-finals,not applicable,1986-06-22,Estadio Cuauhtémoc,Puebla,Mexico,Spain,Belgium,Spain,Belgium,1,1,1,1,4.0,5.0,,fjelstul
WC-1986,1986 FIFA Men's World Cup,mens,1986,M-1986-49,semi-finals,semi-finals,not applicable,1986-06-25,Estadio Jalisco,Guadalajara,Mexico,France,West Germany,France,Germany,0,2,0,0,0.0,0.0,,fjelstul
WC-1986,1986 FIFA Men's World Cup,mens,1986,M-1986-50,semi-finals,semi-finals,not applicable,1986-06-25,Estadio Azteca,Mexico City,Mexico,Argentina,Belgium,Argentina,Belgium,2,0,0,0,0.0,0.0,,fjelstul
WC-1986,1986 FIFA Men's World Cup,mens,1986,M-1986-51,third-place match,third-place match,not applicable,1986-06-28,Estadio Cuauhtémoc,Puebla,Mexico,Belgium,France,Belgium,France,2,4,1,0,0.0,0.0,,fjelstul
WC-1986,1986 FIFA Men's World Cup,mens,1986,M-1986-52,final,final,not applicable,1986-06-29,Estadio Azteca,Mexico City,Mexico,Argentina,West Germany,Argentina,Germany,3,2,0,0,0.0,0.0,,fjelstul
WC-1990,1990 FIFA Men's World Cup,mens,1990,M-1990-01,group stage,group stage,Group B,1990-06-08,San Siro,Milan,Italy,Argentina,Cameroon,Argentina,Cameroon,0,1,0,0,0.0,0.0,,fjelstul
WC-1990,1990 FIFA Men's World Cup,mens,1990,M-1990-02,group stage,group stage,Group B,1990-06-09,Stadio San Nicola,Bari,Italy,Soviet Union,Romania,Russia,Romania,0,2,0,0,0.0,0.0,,fjelstul
WC-1990,1990 FIFA Men's World Cup,mens,1990,M-1990-03,group stage,group stage,Group D,1990-06-09,Stadio Renato Dall'Ara,Bologna,Italy,United Arab Emirates,Colombia,United Arab Emirates,Colombia,0,2,0,0,0.0,0.0,,fjelstul
WC-1990,1990 FIFA Men's World Cup,mens,1990,M-1990-04,group stage,group stage,Group A,1990-06-09,Stadio Olimpico,Rome,Italy,Italy,Austria,Italy,Austria,1,0,0,0,0.0,0.0,,fjelstul
WC-1990,1990 FIFA Men's World Cup,mens,1990,M-1990-05,group stage,group stage,Group A,1990-06-10,Stadio Comunale,Florence,Italy,United States,Czechoslovakia,United States,Czech Republic,1,5,0,0,0.0,0.0,,fjelstul
WC-1990,1990 FIFA Men's World Cup,mens,1990,M-1990-06,group stage,group stage,Group C,1990-06-10,Stadio delle Alpi,Turin,Italy,Brazil,Sweden,Brazil,Sweden,2,1,0,0,0.0,0.0,,fjelstul
WC-1990,1990 FIFA Men's World Cup,mens,1990,M-1990-07,group stage,group stage,Group D,1990-06-10,San Siro,Milan,Italy,West Germany,Yugoslavia,Germany,Serbia,4,1,0,0,0.0,0.0,,fjelstul
WC-1990,1990 FIFA Men's World Cup,mens,1990,M-1990-08,group stage,group stage,Group C,1990-06-11,Stadio Luigi Ferraris,Genoa,Italy,Costa Rica,Scotland,Costa Rica,Scotland,1,0,0,0,0.0,0.0,,fjelstul
WC-1990,1990 FIFA Men's World Cup,mens,1990,M-1990-09,group stage,group stage,Group F,1990-06-11,Stadio Sant'Elia,Cagliari,Italy,England,Republic of Ireland,England,Republic of Ireland,1,1,0,0,0.0,0.0,,fjelstul
WC-1990,1990 FIFA Men's World Cup,mens,1990,M-1990-10,group stage,group stage,Group E,1990-06-12,Stadio Marc'Antonio Bentegodi,Verona,Italy,Belgium,South Korea,Belgium,South Korea,2,0,0,0,0.0,0.0,,fjelstul
WC-1990,1990 FIFA Men's World Cup,mens,1990,M-1990-11,group stage,group stage,Group F,1990-06-12,Stadio La Favorita,Palermo,Italy,Netherlands,Egypt,Netherlands,Egypt,1,1,0,0,0.0,0.0,,fjelstul
WC-1990,1990 FIFA Men's World Cup,mens,1990,M-1990-12,group stage,group stage,Group E,1990-06-13,Stadio Friuli,Udine,Italy,Uruguay,Spain,Uruguay,Spain,0,0,0,0,0.0,0.0,,fjelstul
WC-1990,1990 FIFA Men's World Cup,mens,1990,M-1990-13,group stage,group stage,Group B,1990-06-13,Stadio San Paolo,Naples,Italy,Argentina,Soviet Union,Argentina,Russia,2,0,0,0,0.0,0.0,,fjelstul
WC-1990,1990 FIFA Men's World Cup,mens,1990,M-1990-14,group stage,group stage,Group B,1990-06-14,Stadio San Nicola,Bari,Italy,Cameroon,Romania,Cameroon,Romania,2,1,0,0,0.0,0.0,,fjelstul
WC-1990,1990 FIFA Men's World Cup,mens,1990,M-1990-15,group stage,group stage,Group D,1990-06-14,Stadio Renato Dall'Ara,Bologna,Italy,Yugoslavia,Colombia,Serbia,Colombia,1,0,0,0,0.0,0.0,,fjelstul
WC-1990,1990 FIFA Men's World Cup,mens,1990,M-1990-16,group stage,group stage,Group A,1990-06-14,Stadio Olimpico,Rome,Italy,Italy,United States,Italy,United States,1,0,0,0,0.0,0.0,,fjelstul
WC-1990,1990 FIFA Men's World Cup,mens,1990,M-1990-17,group stage,group stage,Group A,1990-06-15,Stadio Comunale,Florence,Italy,Austria,Czechoslovakia,Austria,Czech Republic,0,1,0,0,0.0,0.0,,fjelstul
WC-1990,1990 FIFA Men's World Cup,mens,1990,M-1990-18,group stage,group stage,Group D,1990-06-15,San Siro,Milan,Italy,West Germany,United Arab Emirates,Germany,United Arab Emirates,5,1,0,0,0.0,0.0,,fjelstul
WC-1990,1990 FIFA Men's World Cup,mens,1990,M-1990-19,group stage,group stage,Group C,1990-06-16,Stadio delle Alpi,Turin,Italy,Brazil,Costa Rica,Brazil,Costa Rica,1,0,0,0,0.0,0.0,,fjelstul
WC-1990,1990 FIFA Men's World Cup,mens,1990,M-1990-20,group stage,group stage,Group C,1990-06-16,Stadio Luigi Ferraris,Genoa,Italy,Sweden,Scotland,Sweden,Scotland,1,2,0,0,0.0,0.0,,fjelstul
WC-1990,1990 FIFA Men's World Cup,mens,1990,M-1990-21,group stage,group stage,Group F,1990-06-16,Stadio Sant'Elia,Cagliari,Italy,England,Netherlands,England,Netherlands,0,0,0,0,0.0,0.0,,fjelstul
WC-1990,1990 FIFA Men's World Cup,mens,1990,M-1990-22,group stage,group stage,Group F,1990-06-17,Stadio La Favorita,Palermo,Italy,Republic of Ireland,Egypt,Republic of Ireland,Egypt,0,0,0,0,0.0,0.0,,fjelstul
WC-1990,1990 FIFA Men's World Cup,mens,1990,M-1990-23,group stage,group stage,Group E,1990-06-17,Stadio Marc'Antonio Bentegodi,Verona,Italy,Belgium,Uruguay,Belgium,Uruguay,3,1,0,0,0.0,0.0,,fjelstul
WC-1990,1990 FIFA Men's World Cup,mens,1990,M-1990-24,group stage,group stage,Group E,1990-06-17,Stadio Friuli,Udine,Italy,South Korea,Spain,South Korea,Spain,1,3,0,0,0.0,0.0,,fjelstul
WC-1990,1990 FIFA Men's World Cup,mens,1990,M-1990-25,group stage,group stage,Group B,1990-06-18,Stadio San Paolo,Naples,Italy,Argentina,Romania,Argentina,Romania,1,1,0,0,0.0,0.0,,fjelstul
WC-1990,1990 FIFA Men's World Cup,mens,1990,M-1990-26,group stage,group stage,Group B,1990-06-18,Stadio San Nicola,Bari,Italy,Cameroon,Soviet Union,Cameroon,Russia,0,4,0,0,0.0,0.0,,fjelstul
WC-1990,1990 FIFA Men's World Cup,mens,1990,M-1990-27,group stage,group stage,Group D,1990-06-19,San Siro,Milan,Italy,West Germany,Colombia,Germany,Colombia,1,1,0,0,0.0,0.0,,fjelstul
WC-1990,1990 FIFA Men's World Cup,mens,1990,M-1990-28,group stage,group stage,Group D,1990-06-19,Stadio Renato Dall'Ara,Bologna,Italy,Yugoslavia,United Arab Emirates,Serbia,United Arab Emirates,4,1,0,0,0.0,0.0,,fjelstul
WC-1990,1990 FIFA Men's World Cup,mens,1990,M-1990-29,group stage,group stage,Group A,1990-06-19,Stadio Comunale,Florence,Italy,Austria,United States,Austria,United States,2,1,0,0,0.0,0.0,,fjelstul
WC-1990,1990 FIFA Men's World Cup,mens,1990,M-1990-30,group stage,group stage,Group A,1990-06-19,Stadio Olimpico,Rome,Italy,Italy,Czechoslovakia,Italy,Czech Republic,2,0,0,0,0.0,0.0,,fjelstul
WC-1990,1990 FIFA Men's World Cup,mens,1990,M-1990-31,group stage,group stage,Group C,1990-06-20,Stadio delle Alpi,Turin,Italy,Brazil,Scotland,Brazil,Scotland,1,0,0,0,0.0,0.0,,fjelstul
WC-1990,1990 FIFA Men's World Cup,mens,1990,M-1990-32,group stage,group stage,Group C,1990-06-20,Stadio Luigi Ferraris,Genoa,Italy,Sweden,Costa Rica,Sweden,Costa Rica,1,2,0,0,0.0,0.0,,fjelstul
WC-1990,1990 FIFA Men's World Cup,mens,1990,M-1990-33,group stage,group stage,Group E,1990-06-21,Stadio Marc'Antonio Bentegodi,Verona,Italy,Belgium,Spain,Belgium,Spain,1,2,0,0,0.0,0.0,,fjelstul
WC-1990,1990 FIFA Men's World Cup,mens,1990,M-1990-34,group stage,group stage,Group E,1990-06-21,Stadio Friuli,Udine,Italy,South Korea,Uruguay,South Korea,Uruguay,0,1,0,0,0.0,0.0,,fjelstul
WC-1990,1990 FIFA Men's World Cup,mens,1990,M-1990-35,group stage,group stage,Group F,1990-06-21,Stadio Sant'Elia,Cagliari,Italy,England,Egypt,England,Egypt,1,0,0,0,0.0,0.0,,fjelstul
WC-1990,1990 FIFA Men's World Cup,mens,1990,M-1990-36,group stage,group stage,Group F,1990-06-21,Stadio La Favorita,Palermo,Italy,Republic of Ireland,Netherlands,Republic of Ireland,Netherlands,1,1,0,0,0.0,0.0,,fjelstul
WC-1990,1990 FIFA Men's World Cup,mens,1990,M-1990-37,round of 16,round of 16,not applicable,1990-06-23,Stadio San Paolo,Naples,Italy,Cameroon,Colombia,Cameroon,Colombia,2,1,1,0,0.0,0.0,,fjelstul
WC-1990,1990 FIFA Men's World Cup,mens,1990,M-1990-38,round of 16,round of 16,not applicable,1990-06-23,Stadio San Nicola,Bari,Italy,Czechoslovakia,Costa Rica,Czech Republic,Costa Rica,4,1,0,0,0.0,0.0,,fjelstul
WC-1990,1990 FIFA Men's World Cup,mens,1990,M-1990-39,round of 16,round of 16,not applicable,1990-06-24,Stadio delle Alpi,Turin,Italy,Brazil,Argentina,Brazil,Argentina,0,1,0,0,0.0,0.0,,fjelstul
WC-1990,1990 FIFA Men's World Cup,mens,1990,M-1990-40,round of 16,round of 16,not applicable,1990-06-24,San Siro,Milan,Italy,West Germany,Netherlands,Germany,Netherlands,2,1,0,0,0.0,0.0,,fjelstul
WC-1990,1990 FIFA Men's World Cup,mens,1990,M-1990-41,round of 16,round of 16,not applicable,1990-06-25,Stadio Luigi Ferraris,Genoa,Italy,Republic of Ireland,Romania,Republic of Ireland,Romania,0,0,1,1,5.0,4.0,,fjelstul
WC-1990,1990 FIFA Men's World Cup,mens,1990,M-1990-42,round of 16,round of 16,not applicable,1990-06-25,Stadio Olimpico,Rome,Italy,Italy,Uruguay,Italy,Uruguay,2,0,0,0,0.0,0.0,,fjelstul
WC-1990,1990 FIFA Men's World Cup,mens,1990,M-1990-43,round of 16,round of 16,not applicable,1990-06-26,Stadio Marc'Antonio Bentegodi,Verona,Italy,Spain,Yugoslavia,Spain,Serbia,1,2,1,0,0.0,0.0,,fjelstul
WC-1990,1990 FIFA Men's World Cup,mens,1990,M-1990-44,round of 16,round of 16,not applicable,1990-06-26,Stadio Renato Dall'Ara,Bologna,Italy,England,Belgium,England,Belgium,1,0,1,0,0.0,0.0,,fjelstul
WC-1990,1990 FIFA Men's World Cup,mens,1990,M-1990-45,quarter-finals,quarter-finals,not applicable,1990-06-30,Stadio Comunale,Florence,Italy,Argentina,Yugoslavia,Argentina,Serbia,0,0,1,1,3.0,2.0,,fjelstul
WC-1990,1990 FIFA Men's World Cup,mens,1990,M-1990-46,quarter-finals,quarter-finals,not applicable,1990-06-30,Stadio Olimpico,Rome,Italy,Republic of Ireland,Italy,Republic of Ireland,Italy,0,1,0,0,0.0,0.0,,fjelstul
WC-1990,1990 FIFA Men's World Cup,mens,1990,M-1990-47,quarter-finals,quarter-finals,not applicable,1990-07-01,San Siro,Milan,Italy,Czechoslovakia,West Germany,Czech Republic,Germany,0,1,0,0,0.0,0.0,,fjelstul
WC-1990,1990 FIFA Men's World Cup,mens,1990,M-1990-48,quarter-finals,quarter-finals,not applicable,1990-07-01,Stadio San Paolo,Naples,Italy,Cameroon,England,Cameroon,England,2,3,1,0,0.0,0.0,,fjelstul
WC-1990,1990 FIFA Men's World Cup,mens,1990,M-1990-49,semi-finals,semi-finals,not applicable,1990-07-03,Stadio San Paolo,Naples,Italy,Argentina,Italy,Argentina,Italy,1,1,1,1,4.0,3.0,,fjelstul
WC-1990,1990 FIFA Men's World Cup,mens,1990,M-1990-50,semi-finals,semi-finals,not applicable,1990-07-04,Stadio delle Alpi,Turin,Italy,West Germany,England,Germany,England,1,1,1,1,4.0,3.0,,fjelstul
WC-1990,1990 FIFA Men's World Cup,mens,1990,M-1990-51,third-place match,third-place match,not applicable,1990-07-07,Stadio San Nicola,Bari,Italy,Italy,England,Italy,England,2,1,0,0,0.0,0.0,,fjelstul
WC-1990,1990 FIFA Men's World Cup,mens,1990,M-1990-52,final,final,not applicable,1990-07-08,Stadio Olimpico,Rome,Italy,West Germany,Argentina,Germany,Argentina,1,0,0,0,0.0,0.0,,fjelstul
WC-1991,1991 FIFA Women's World Cup,womens,1991,M-1991-01,group stage,group stage,Group A,1991-11-16,Tainhe Stadium,Guangzhou,China,China,Norway,China,Norway,4,0,0,0,0.0,0.0,,fjelstul
WC-1991,1991 FIFA Women's World Cup,womens,1991,M-1991-02,group stage,group stage,Group C,1991-11-17,Jiangmen Stadium,Jiangmen,China,Germany,Nigeria,Germany,Nigeria,4,0,0,0,0.0,0.0,,fjelstul
WC-1991,1991 FIFA Women's World Cup,womens,1991,M-1991-03,group stage,group stage,Group A,1991-11-17,Tainhe Stadium,Guangzhou,China,Denmark,New Zealand,Denmark,New Zealand,3,0,0,0,0.0,0.0,,fjelstul
WC-1991,1991 FIFA Women's World Cup,womens,1991,M-1991-04,group stage,group stage,Group B,1991-11-17,New Plaza Stadium,Foshan,China,Japan,Brazil,Japan,Brazil,0,1,0,0,0.0,0.0,,fjelstul
WC-1991,1991 FIFA Women's World Cup,womens,1991,M-1991-05,group stage,group stage,Group B,1991-11-17,Ying Tung Stadium,Guangzhou,China,Sweden,United States,Sweden,United States,2,3,0,0,0.0,0.0,,fjelstul
WC-1991,1991 FIFA Women's World Cup,womens,1991,M-1991-06,group stage,group stage,Group C,1991-11-17,Jiangmen Stadium,Jiangmen,China,Chinese Taipei,Italy,Chinese Taipei,Italy,0,5,0,0,0.0,0.0,,fjelstul
WC-1991,1991 FIFA Women's World Cup,womens,1991,M-1991-07,group stage,group stage,Group A,1991-11-19,Gaungdong Provincial Stadium,Guangzhou,China,Norway,New Zealand,Norway,New Zealand,4,0,0,0,0.0,0.0,,fjelstul
WC-1991,1991 FIFA Women's World Cup,womens,1991,M-1991-08,group stage,group stage,Group C,1991-11-19,Zhongshan Stadium,Zhongshan,China,Italy,Nigeria,Italy,Nigeria,1,0,0,0,0.0,0.0,,fjelstul
WC-1991,1991 FIFA Women's World Cup,womens,1991,M-1991-09,group stage,group stage,Group A,1991-11-19,Gaungdong Provincial Stadium,Guangzhou,China,China,Denmark,China,Denmark,2,2,0,0,0.0,0.0,,fjelstul
WC-1991,1991 FIFA Women's World Cup,womens,1991,M-1991-10,group stage,group stage,Group B,1991-11-19,Ying Tung Stadium,Guangzhou,China,Brazil,United States,Brazil,United States,0,5,0,0,0.0,0.0,,fjelstul
WC-1991,1991 FIFA Women's World Cup,womens,1991,M-1991-11,group stage,group stage,Group B,1991-11-19,New Plaza Stadium,Foshan,China,Japan,Sweden,Japan,Sweden,0,8,0,0,0.0,0.0,,fjelstul
WC-1991,1991 FIFA Women's World Cup,womens,1991,M-1991-12,group stage,group stage,Group C,1991-11-19,Zhongshan Stadium,Zhongshan,China,Chinese Taipei,Germany,Chinese Taipei,Germany,0,3,0,0,0.0,0.0,,fjelstul
WC-1991,1991 FIFA Women's World Cup,womens,1991,M-1991-13,group stage,group stage,Group B,1991-11-21,Ying Tung Stadium,Guangzhou,China,Brazil,Sweden,Brazil,Sweden,0,2,0,0,0.0,0.0,,fjelstul
WC-1991,1991 FIFA Women's World Cup,womens,1991,M-1991-14,group stage,group stage,Group B,1991-11-21,New Plaza Stadium,Foshan,China,Japan,United States,Japan,United States,0,3,0,0,0.0,0.0,,fjelstul
WC-1991,1991 FIFA Women's World Cup,womens,1991,M-1991-15,group stage,group stage,Group A,1991-11-21,New Plaza Stadium,Foshan,China,China,New Zealand,China,New Zealand,4,1,0,0,0.0,0.0,,fjelstul
WC-1991,1991 FIFA Women's World Cup,womens,1991,M-1991-16,group stage,group stage,Group A,1991-11-21,New Plaza Stadium,Foshan,China,Norway,Denmark,Norway,Denmark,2,1,0,0,0.0,0.0,,fjelstul
WC-1991,1991 FIFA Women's World Cup,womens,1991,M-1991-17,group stage,group stage,Group C,1991-11-21,Jiangmen Stadium,Jiangmen,China,Chinese Taipei,Nigeria,Chinese Taipei,Nigeria,2,0,0,0,0.0,0.0,,fjelstul
WC-1991,1991 FIFA Women's World Cup,womens,1991,M-1991-18,group stage,group stage,Group C,1991-11-21,Zhongshan Stadium,Zhongshan,China,Italy,Germany,Italy,Germany,0,2,0,0,0.0,0.0,,fjelstul
WC-1991,1991 FIFA Women's World Cup,womens,1991,M-1991-19,quarter-final,quarter-finals,not applicable,1991-11-24,Zhongshan Stadium,Zhongshan,China,Denmark,Germany,Denmark,Germany,1,2,1,0,0.0,0.0,,fjelstul
WC-1991,1991 FIFA Women's World Cup,womens,1991,M-1991-20,quarter-final,quarter-finals,not applicable,1991-11-24,Tianhe Stadium,Guangzhou,China,China,Sweden,China,Sweden,0,1,0,0,0.0,0.0,,fjelstul
WC-1991,1991 FIFA Women's World Cup,womens,1991,M-1991-21,quarter-final,quarter-finals,not applicable,1991-11-24,Jiangmen Stadium,Jiangmen,China,Norway,Italy,Norway,Italy,3,2,1,0,0.0,0.0,,fjelstul
WC-1991,1991 FIFA Women's World Cup,womens,1991,M-1991-22,quarter-final,quarter-finals,not applicable,1991-11-24,New Plaza Stadium,Foshan,China,United States,Chinese Taipei,United States,Chinese Taipei,7,0,0,0,0.0,0.0,,fjelstul
WC-1991,1991 FIFA Women's World Cup,womens,1991,M-1991-23,semi-final,semi-finals,not applicable,1991-11-27,Ying Tung Stadium,Guangzhou,China,Sweden,Norway,Sweden,Norway,1,4,0,0,0.0,0.0,,fjelstul
WC-1991,1991 FIFA Women's World Cup,womens,1991,M-1991-24,semi-final,semi-finals,not applicable,1991-11-27,Guangdong Provincial Stadium,Guangzhou,China,Germany,United States,Germany,United States,2,5,0,0,0.0,0.0,,fjelstul
WC-1991,1991 FIFA Women's World Cup,womens,1991,M-1991-25,third-place match,third-place match,not applicable,1991-11-29,Gaungdong Provincial Stadium,Guangzhou,China,Sweden,Germany,Sweden,Germany,4,0,0,0,0.0,0.0,,fjelstul
WC-1991,1991 FIFA Women's World Cup,womens,1991,M-1991-26,final,final,not applicable,1991-11-30,Tianhe Stadium,Guangzhou,China,Norway,United States,Norway,United States,1,2,0,0,0.0,0.0,,fjelstul
WC-1994,1994 FIFA Men's World Cup,mens,1994,M-1994-01,group stage,group stage,Group C,1994-06-17,Soldier Field,Chicago,United States,Germany,Bolivia,Germany,Bolivia,1,0,0,0,0.0,0.0,,fjelstul
WC-1994,1994 FIFA Men's World Cup,mens,1994,M-1994-02,group stage,group stage,Group C,1994-06-17,Cotton Bowl,Dallas,United States,Spain,South Korea,Spain,South Korea,2,2,0,0,0.0,0.0,,fjelstul
WC-1994,1994 FIFA Men's World Cup,mens,1994,M-1994-03,group stage,group stage,Group A,1994-06-18,Pontiac Silverdome,Pontiac,United States,United States,Switzerland,United States,Switzerland,1,1,0,0,0.0,0.0,,fjelstul
WC-1994,1994 FIFA Men's World Cup,mens,1994,M-1994-04,group stage,group stage,Group E,1994-06-18,Giants Stadium,East Rutherford,United States,Italy,Republic of Ireland,Italy,Republic of Ireland,0,1,0,0,0.0,0.0,,fjelstul
WC-1994,1994 FIFA Men's World Cup,mens,1994,M-1994-05,group stage,group stage,Group A,1994-06-18,Rose Bowl,Pasadena,United States,Colombia,Romania,Colombia,Romania,1,3,0,0,0.0,0.0,,fjelstul
WC-1994,1994 FIFA Men's World Cup,mens,1994,M-1994-06,group stage,group stage,Group F,1994-06-19,Citrus Bowl,Orlando,United States,Belgium,Morocco,Belgium,Morocco,1,0,0,0,0.0,0.0,,fjelstul
WC-1994,1994 FIFA Men's World Cup,mens,1994,M-1994-07,group stage,group stage,Group E,1994-06-19,RFK Stadium,"Washington, D.C.",United States,Norway,Mexico,Norway,Mexico,1,0,0,0,0.0,0.0,,fjelstul
WC-1994,1994 FIFA Men's World Cup,mens,1994,M-1994-08,group stage,group stage,Group B,1994-06-19,Rose Bowl,Pasadena,United States,Cameroon,Sweden,Cameroon,Sweden,2,2,0,0,0.0,0.0,,fjelstul
WC-1994,1994 FIFA Men's World Cup,mens,1994,M-1994-09,group stage,group stage,Group B,1994-06-20,Stanford Stadium,Stanford,United States,Brazil,Russia,Brazil,Russia,2,0,0,0,0.0,0.0,,fjelstul
WC-1994,1994 FIFA Men's World Cup,mens,1994,M-1994-10,group stage,group stage,Group F,1994-06-20,RFK Stadium,"Washington, D.C.",United States,Netherlands,Saudi Arabia,Netherlands,Saudi Arabia,2,1,0,0,0.0,0.0,,fjelstul
WC-1994,1994 FIFA Men's World Cup,mens,1994,M-1994-11,group stage,group stage,Group D,1994-06-21,Foxboro Stadium,Foxborough,United States,Argentina,Greece,Argentina,Greece,4,0,0,0,0.0,0.0,,fjelstul
WC-1994,1994 FIFA Men's World Cup,mens,1994,M-1994-12,group stage,group stage,Group C,1994-06-21,Soldier Field,Chicago,United States,Germany,Spain,Germany,Spain,1,1,0,0,0.0,0.0,,fjelstul
WC-1994,1994 FIFA Men's World Cup,mens,1994,M-1994-13,group stage,group stage,Group D,1994-06-21,Cotton Bowl,Dallas,United States,Nigeria,Bulgaria,Nigeria,Bulgaria,3,0,0,0,0.0,0.0,,fjelstul
WC-1994,1994 FIFA Men's World Cup,mens,1994,M-1994-14,group stage,group stage,Group A,1994-06-22,Pontiac Silverdome,Pontiac,United States,Romania,Switzerland,Romania,Switzerland,1,4,0,0,0.0,0.0,,fjelstul
WC-1994,1994 FIFA Men's World Cup,mens,1994,M-1994-15,group stage,group stage,Group A,1994-06-22,Rose Bowl,Pasadena,United States,United States,Colombia,United States,Colombia,2,1,0,0,0.0,0.0,,fjelstul
WC-1994,1994 FIFA Men's World Cup,mens,1994,M-1994-16,group stage,group stage,Group E,1994-06-23,Giants Stadium,East Rutherford,United States,Italy,Norway,Italy,Norway,1,0,0,0,0.0,0.0,,fjelstul
WC-1994,1994 FIFA Men's World Cup,mens,1994,M-1994-17,group stage,group stage,Group C,1994-06-23,Foxboro Stadium,Foxborough,United States,South Korea,Bolivia,South Korea,Bolivia,0,0,0,0,0.0,0.0,,fjelstul
WC-1994,1994 FIFA Men's World Cup,mens,1994,M-1994-18,group stage,group stage,Group E,1994-06-24,Citrus Bowl,Orlando,United States,Mexico,Republic of Ireland,Mexico,Republic of Ireland,2,1,0,0,0.0,0.0,,fjelstul
WC-1994,1994 FIFA Men's World Cup,mens,1994,M-1994-19,group stage,group stage,Group B,1994-06-24,Stanford Stadium,Stanford,United States,Brazil,Cameroon,Brazil,Cameroon,3,0,0,0,0.0,0.0,,fjelstul
WC-1994,1994 FIFA Men's World Cup,mens,1994,M-1994-20,group stage,group stage,Group B,1994-06-24,Pontiac Silverdome,Pontiac,United States,Sweden,Russia,Sweden,Russia,3,1,0,0,0.0,0.0,,fjelstul
WC-1994,1994 FIFA Men's World Cup,mens,1994,M-1994-21,group stage,group stage,Group F,1994-06-25,Citrus Bowl,Orlando,United States,Belgium,Netherlands,Belgium,Netherlands,1,0,0,0,0.0,0.0,,fjelstul
WC-1994,1994 FIFA Men's World Cup,mens,1994,M-1994-22,group stage,group stage,Group F,1994-06-25,Giants Stadium,East Rutherford,United States,Saudi Arabia,Morocco,Saudi Arabia,Morocco,2,1,0,0,0.0,0.0,,fjelstul
WC-1994,1994 FIFA Men's World Cup,mens,1994,M-1994-23,group stage,group stage,Group D,1994-06-25,Foxboro Stadium,Foxborough,United States,Argentina,Nigeria,Argentina,Nigeria,2,1,0,0,0.0,0.0,,fjelstul
WC-1994,1994 FIFA Men's World Cup,mens,1994,M-1994-24,group stage,group stage,Group D,1994-06-26,Soldier Field,Chicago,United States,Bulgaria,Greece,Bulgaria,Greece,4,0,0,0,0.0,0.0,,fjelstul
WC-1994,1994 FIFA Men's World Cup,mens,1994,M-1994-25,group stage,group stage,Group A,1994-06-26,Stanford Stadium,Stanford,United States,Switzerland,Colombia,Switzerland,Colombia,0,2,0,0,0.0,0.0,,fjelstul
WC-1994,1994 FIFA Men's World Cup,mens,1994,M-1994-26,group stage,group stage,Group A,1994-06-26,Rose Bowl,Pasadena,United States,United States,Romania,United States,Romania,0,1,0,0,0.0,0.0,,fjelstul
WC-1994,1994 FIFA Men's World Cup,mens,1994,M-1994-27,group stage,group stage,Group C,1994-06-27,Soldier Field,Chicago,United States,Bolivia,Spain,Bolivia,Spain,1,3,0,0,0.0,0.0,,fjelstul
WC-1994,1994 FIFA Men's World Cup,mens,1994,M-1994-28,group stage,group stage,Group C,1994-06-27,Cotton Bowl,Dallas,United States,Germany,South Korea,Germany,South Korea,3,2,0,0,0.0,0.0,,fjelstul
WC-1994,1994 FIFA Men's World Cup,mens,1994,M-1994-29,group stage,group stage,Group E,1994-06-28,RFK Stadium,"Washington, D.C.",United States,Italy,Mexico,Italy,Mexico,1,1,0,0,0.0,0.0,,fjelstul
WC-1994,1994 FIFA Men's World Cup,mens,1994,M-1994-30,group stage,group stage,Group E,1994-06-28,Giants Stadium,East Rutherford,United States,Republic of Ireland,Norway,Republic of Ireland,Norway,0,0,0,0,0.0,0.0,,fjelstul
WC-1994,1994 FIFA Men's World Cup,mens,1994,M-1994-31,group stage,group stage,Group B,1994-06-28,Stanford Stadium,Stanford,United States,Russia,Cameroon,Russia,Cameroon,6,1,0,0,0.0,0.0,,fjelstul
WC-1994,1994 FIFA Men's World Cup,mens,1994,M-1994-32,group stage,group stage,Group B,1994-06-28,Pontiac Silverdome,Pontiac,United States,Brazil,Sweden,Brazil,Sweden,1,1,0,0,0.0,0.0,,fjelstul
WC-1994,1994 FIFA Men's World Cup,mens,1994,M-1994-33,group stage,group stage,Group F,1994-06-29,RFK Stadium,"Washington, D.C.",United States,Belgium,Saudi Arabia,Belgium,Saudi Arabia,0,1,0,0,0.0,0.0,,fjelstul
WC-1994,1994 FIFA Men's World Cup,mens,1994,M-1994-34,group stage,group stage,Group F,1994-06-29,Citrus Bowl,Orlando,United States,Morocco,Netherlands,Morocco,Netherlands,1,2,0,0,0.0,0.0,,fjelstul
WC-1994,1994 FIFA Men's World Cup,mens,1994,M-1994-35,group stage,group stage,Group D,1994-06-30,Cotton Bowl,Dallas,United States,Argentina,Bulgaria,Argentina,Bulgaria,0,2,0,0,0.0,0.0,,fjelstul
WC-1994,1994 FIFA Men's World Cup,mens,1994,M-1994-36,group stage,group stage,Group D,1994-06-30,Foxboro Stadium,Foxborough,United States,Greece,Nigeria,Greece,Nigeria,0,2,0,0,0.0,0.0,,fjelstul
WC-1994,1994 FIFA Men's World Cup,mens,1994,M-1994-37,round of 16,round of 16,not applicable,1994-07-02,Soldier Field,Chicago,United States,Germany,Belgium,Germany,Belgium,3,2,0,0,0.0,0.0,,fjelstul
WC-1994,1994 FIFA Men's World Cup,mens,1994,M-1994-38,round of 16,round of 16,not applicable,1994-07-02,RFK Stadium,"Washington, D.C.",United States,Spain,Switzerland,Spain,Switzerland,3,0,0,0,0.0,0.0,,fjelstul
WC-1994,1994 FIFA Men's World Cup,mens,1994,M-1994-39,round of 16,round of 16,not applicable,1994-07-03,Cotton Bowl,Dallas,United States,Saudi Arabia,Sweden,Saudi Arabia,Sweden,1,3,0,0,0.0,0.0,,fjelstul
WC-1994,1994 FIFA Men's World Cup,mens,1994,M-1994-40,round of 16,round of 16,not applicable,1994-07-03,Rose Bowl,Pasadena,United States,Romania,Argentina,Romania,Argentina,3,2,0,0,0.0,0.0,,fjelstul
WC-1994,1994 FIFA Men's World Cup,mens,1994,M-1994-41,round of 16,round of 16,not applicable,1994-07-04,Citrus Bowl,Orlando,United States,Netherlands,Republic of Ireland,Netherlands,Republic of Ireland,2,0,0,0,0.0,0.0,,fjelstul
WC-1994,1994 FIFA Men's World Cup,mens,1994,M-1994-42,round of 16,round of 16,not applicable,1994-07-04,Stanford Stadium,Stanford,United States,Brazil,United States,Brazil,United States,1,0,0,0,0.0,0.0,,fjelstul
WC-1994,1994 FIFA Men's World Cup,mens,1994,M-1994-43,round of 16,round of 16,not applicable,1994-07-05,Foxboro Stadium,Foxborough,United States,Nigeria,Italy,Nigeria,Italy,1,2,1,0,0.0,0.0,,fjelstul
WC-1994,1994 FIFA Men's World Cup,mens,1994,M-1994-44,round of 16,round of 16,not applicable,1994-07-05,Giants Stadium,East Rutherford,United States,Mexico,Bulgaria,Mexico,Bulgaria,1,1,1,1,1.0,3.0,,fjelstul
WC-1994,1994 FIFA Men's World Cup,mens,1994,M-1994-45,quarter-finals,quarter-finals,not applicable,1994-07-09,Foxboro Stadium,Foxborough,United States,Italy,Spain,Italy,Spain,2,1,0,0,0.0,0.0,,fjelstul
WC-1994,1994 FIFA Men's World Cup,mens,1994,M-1994-46,quarter-finals,quarter-finals,not applicable,1994-07-09,Cotton Bowl,Dallas,United States,Netherlands,Brazil,Netherlands,Brazil,2,3,0,0,0.0,0.0,,fjelstul
WC-1994,1994 FIFA Men's World Cup,mens,1994,M-1994-47,quarter-finals,quarter-finals,not applicable,1994-07-10,Giants Stadium,East Rutherford,United States,Bulgaria,Germany,Bulgaria,Germany,2,1,0,0,0.0,0.0,,fjelstul
WC-1994,1994 FIFA Men's World Cup,mens,1994,M-1994-48,quarter-finals,quarter-finals,not applicable,1994-07-10,Stanford Stadium,Stanford,United States,Romania,Sweden,Romania,Sweden,2,2,1,1,4.0,5.0,,fjelstul
WC-1994,1994 FIFA Men's World Cup,mens,1994,M-1994-49,semi-finals,semi-finals,not applicable,1994-07-13,Giants Stadium,East Rutherford,United States,Bulgaria,Italy,Bulgaria,Italy,1,2,0,0,0.0,0.0,,fjelstul
WC-1994,1994 FIFA Men's World Cup,mens,1994,M-1994-50,semi-finals,semi-finals,not applicable,1994-07-13,Rose Bowl,Pasadena,United States,Sweden,Brazil,Sweden,Brazil,0,1,0,0,0.0,0.0,,fjelstul
WC-1994,1994 FIFA Men's World Cup,mens,1994,M-1994-51,third-place match,third-place match,not applicable,1994-07-16,Rose Bowl,Pasadena,United States,Sweden,Bulgaria,Sweden,Bulgaria,4,0,0,0,0.0,0.0,,fjelstul
WC-1994,1994 FIFA Men's World Cup,mens,1994,M-1994-52,final,final,not applicable,1994-07-17,Rose Bowl,Pasadena,United States,Brazil,Italy,Brazil,Italy,0,0,1,1,3.0,2.0,,fjelstul
WC-1995,1995 FIFA Women's World Cup,womens,1995,M-1995-01,group stage,group stage,Group A,1995-06-05,Tingvalla IP,Karlstad,Sweden,Germany,Japan,Germany,Japan,1,0,0,0,0.0,0.0,,fjelstul
WC-1995,1995 FIFA Women's World Cup,womens,1995,M-1995-02,group stage,group stage,Group A,1995-06-05,Olympia,Helsingborg,Sweden,Sweden,Brazil,Sweden,Brazil,0,1,0,0,0.0,0.0,,fjelstul
WC-1995,1995 FIFA Women's World Cup,womens,1995,M-1995-03,group stage,group stage,Group B,1995-06-06,Olympia,Helsingborg,Sweden,England,Canada,England,Canada,3,2,0,0,0.0,0.0,,fjelstul
WC-1995,1995 FIFA Women's World Cup,womens,1995,M-1995-04,group stage,group stage,Group B,1995-06-06,Tingvalla IP,Karlstad,Sweden,Norway,Nigeria,Norway,Nigeria,8,0,0,0,0.0,0.0,,fjelstul
WC-1995,1995 FIFA Women's World Cup,womens,1995,M-1995-05,group stage,group stage,Group C,1995-06-06,Arosvallen,Västerås,Sweden,Denmark,Australia,Denmark,Australia,5,0,0,0,0.0,0.0,,fjelstul
WC-1995,1995 FIFA Women's World Cup,womens,1995,M-1995-06,group stage,group stage,Group C,1995-06-06,Strömvallen,Gävle,Sweden,United States,China,United States,China,3,3,0,0,0.0,0.0,,fjelstul
WC-1995,1995 FIFA Women's World Cup,womens,1995,M-1995-07,group stage,group stage,Group A,1995-06-07,Tingvalla IP,Karlstad,Sweden,Brazil,Japan,Brazil,Japan,1,2,0,0,0.0,0.0,,fjelstul
WC-1995,1995 FIFA Women's World Cup,womens,1995,M-1995-08,group stage,group stage,Group A,1995-06-07,Olympia,Helsingborg,Sweden,Sweden,Germany,Sweden,Germany,3,2,0,0,0.0,0.0,,fjelstul
WC-1995,1995 FIFA Women's World Cup,womens,1995,M-1995-09,group stage,group stage,Group B,1995-06-08,Olympia,Helsingborg,Sweden,Nigeria,Canada,Nigeria,Canada,3,3,0,0,0.0,0.0,,fjelstul
WC-1995,1995 FIFA Women's World Cup,womens,1995,M-1995-10,group stage,group stage,Group B,1995-06-08,Tingvalla IP,Karlstad,Sweden,Norway,England,Norway,England,2,0,0,0,0.0,0.0,,fjelstul
WC-1995,1995 FIFA Women's World Cup,womens,1995,M-1995-11,group stage,group stage,Group C,1995-06-08,Arosvallen,Västerås,Sweden,China,Australia,China,Australia,4,2,0,0,0.0,0.0,,fjelstul
WC-1995,1995 FIFA Women's World Cup,womens,1995,M-1995-12,group stage,group stage,Group C,1995-06-08,Strömvallen,Gävle,Sweden,United States,Denmark,United States,Denmark,2,0,0,0,0.0,0.0,,fjelstul
WC-1995,1995 FIFA Women's World Cup,womens,1995,M-1995-13,group stage,group stage,Group A,1995-06-09,Tingvalla IP,Karlstad,Sweden,Brazil,Germany,Brazil,Germany,1,6,0,0,0.0,0.0,,fjelstul
WC-1995,1995 FIFA Women's World Cup,womens,1995,M-1995-14,group stage,group stage,Group A,1995-06-09,Arosvallen,Västerås,Sweden,Sweden,Japan,Sweden,Japan,2,0,0,0,0.0,0.0,,fjelstul
WC-1995,1995 FIFA Women's World Cup,womens,1995,M-1995-15,group stage,group stage,Group B,1995-06-10,Tingvalla IP,Karlstad,Sweden,Nigeria,England,Nigeria,England,2,3,0,0,0.0,0.0,,fjelstul
WC-1995,1995 FIFA Women's World Cup,womens,1995,M-1995-16,group stage,group stage,Group B,1995-06-10,Strömvallen,Gävle,Sweden,Norway,Canada,Norway,Canada,7,0,0,0,0.0,0.0,,fjelstul
WC-1995,1995 FIFA Women's World Cup,womens,1995,M-1995-17,group stage,group stage,Group C,1995-06-10,Arosvallen,Västerås,Sweden,China,Denmark,China,Denmark,3,1,0,0,0.0,0.0,,fjelstul
WC-1995,1995 FIFA Women's World Cup,womens,1995,M-1995-18,group stage,group stage,Group C,1995-06-10,Olympia,Helsingborg,Sweden,United States,Australia,United States,Australia,4,1,0,0,0.0,0.0,,fjelstul
WC-1995,1995 FIFA Women's World Cup,womens,1995,M-1995-19,quarter-final,quarter-finals,not applicable,1995-06-13,Strömvallen,Gävle,Sweden,Japan,United States,Japan,United States,0,4,0,0,0.0,0.0,,fjelstul
WC-1995,1995 FIFA Women's World Cup,womens,1995,M-1995-20,quarter-final,quarter-finals,not applicable,1995-06-13,Tingvalla IP,Karlstad,Sweden,Norway,Denmark,Norway,Denmark,3,1,0,0,0.0,0.0,,fjelstul
WC-1995,1995 FIFA Women's World Cup,womens,1995,M-1995-21,quarter-final,quarter-finals,not applicable,1995-06-13,Arosvallen,Västerås,Sweden,Germany,England,Germany,England,3,0,0,0,0.0,0.0,,fjelstul
WC-1995,1995 FIFA Women's World Cup,womens,1995,M-1995-22,quarter-final,quarter-finals,not applicable,1995-06-13,Olympia,Helsingborg,Sweden,Sweden,China,Sweden,China,1,1,1,1,3.0,4.0,,fjelstul
WC-1995,1995 FIFA Women's World Cup,womens,1995,M-1995-23,semi-final,semi-finals,not applicable,1995-06-15,Arosvallen,Västerås,Sweden,United States,Norway,United States,Norway,0,1,0,0,0.0,0.0,,fjelstul
WC-1995,1995 FIFA Women's World Cup,womens,1995,M-1995-24,semi-final,semi-finals,not applicable,1995-06-15,Olympia,Helsingborg,Sweden,Germany,China,Germany,China,1,0,0,0,0.0,0.0,,fjelstul
WC-1995,1995 FIFA Women's World Cup,womens,1995,M-1995-25,third-place match,third-place match,not applicable,1995-06-17,Strömvallen,Gävle,Sweden,China,United States,China,United States,0,2,0,0,0.0,0.0,,fjelstul
WC-1995,1995 FIFA Women's World Cup,womens,1995,M-1995-26,final,final,not applicable,1995-06-18,Råsunda Stadium,Solna,Sweden,Germany,Norway,Germany,Norway,0,2,0,0,0.0,0.0,,fjelstul
WC-1998,1998 FIFA Men's World Cup,mens,1998,M-1998-01,group stage,group stage,Group A,1998-06-10,Stade de France,Saint-Denis,France,Brazil,Scotland,Brazil,Scotland,2,1,0,0,0.0,0.0,,fjelstul
WC-1998,1998 FIFA Men's World Cup,mens,1998,M-1998-02,group stage,group stage,Group A,1998-06-10,Stade de la Mosson,Montpellier,France,Morocco,Norway,Morocco,Norway,2,2,0,0,0.0,0.0,,fjelstul
WC-1998,1998 FIFA Men's World Cup,mens,1998,M-1998-03,group stage,group stage,Group B,1998-06-11,Stade du Parc Lescure,Bordeaux,France,Italy,Chile,Italy,Chile,2,2,0,0,0.0,0.0,,fjelstul
WC-1998,1998 FIFA Men's World Cup,mens,1998,M-1998-04,group stage,group stage,Group B,1998-06-11,Stade de Toulouse,Toulouse,France,Cameroon,Austria,Cameroon,Austria,1,1,0,0,0.0,0.0,,fjelstul
WC-1998,1998 FIFA Men's World Cup,mens,1998,M-1998-05,group stage,group stage,Group D,1998-06-12,Stade de la Mosson,Montpellier,France,Paraguay,Bulgaria,Paraguay,Bulgaria,0,0,0,0,0.0,0.0,,fjelstul
WC-1998,1998 FIFA Men's World Cup,mens,1998,M-1998-06,group stage,group stage,Group C,1998-06-12,Stade Félix-Bollaert,Lens,France,Saudi Arabia,Denmark,Saudi Arabia,Denmark,0,1,0,0,0.0,0.0,,fjelstul
WC-1998,1998 FIFA Men's World Cup,mens,1998,M-1998-07,group stage,group stage,Group C,1998-06-12,Stade Vélodrome,Marseille,France,France,South Africa,France,South Africa,3,0,0,0,0.0,0.0,,fjelstul
WC-1998,1998 FIFA Men's World Cup,mens,1998,M-1998-08,group stage,group stage,Group D,1998-06-13,Stade de la Beaujoire,Nantes,France,Spain,Nigeria,Spain,Nigeria,2,3,0,0,0.0,0.0,,fjelstul
WC-1998,1998 FIFA Men's World Cup,mens,1998,M-1998-09,group stage,group stage,Group E,1998-06-13,Stade de Gerland,Lyon,France,South Korea,Mexico,South Korea,Mexico,1,3,0,0,0.0,0.0,,fjelstul
WC-1998,1998 FIFA Men's World Cup,mens,1998,M-1998-10,group stage,group stage,Group E,1998-06-13,Stade de France,Saint-Denis,France,Netherlands,Belgium,Netherlands,Belgium,0,0,0,0,0.0,0.0,,fjelstul
WC-1998,1998 FIFA Men's World Cup,mens,1998,M-1998-11,group stage,group stage,Group H,1998-06-14,Stade de Toulouse,Toulouse,France,Argentina,Japan,Argentina,Japan,1,0,0,0,0.0,0.0,,fjelstul
WC-1998,1998 FIFA Men's World Cup,mens,1998,M-1998-12,group stage,group stage,Group F,1998-06-14,Stade Geoffroy-Guichard,Saint-Étienne,France,Yugoslavia,Iran,Serbia,Iran,1,0,0,0,0.0,0.0,,fjelstul
WC-1998,1998 FIFA Men's World Cup,mens,1998,M-1998-13,group stage,group stage,Group H,1998-06-14,Stade Félix-Bollaert,Lens,France,Jamaica,Croatia,Jamaica,Croatia,1,3,0,0,0.0,0.0,,fjelstul
WC-1998,1998 FIFA Men's World Cup,mens,1998,M-1998-14,group stage,group stage,Group G,1998-06-15,Stade Vélodrome,Marseille,France,England,Tunisia,England,Tunisia,2,0,0,0,0.0,0.0,,fjelstul
WC-1998,1998 FIFA Men's World Cup,mens,1998,M-1998-15,group stage,group stage,Group G,1998-06-15,Stade de Gerland,Lyon,France,Romania,Colombia,Romania,Colombia,1,0,0,0,0.0,0.0,,fjelstul
WC-1998,1998 FIFA Men's World Cup,mens,1998,M-1998-16,group stage,group stage,Group F,1998-06-15,Parc des Princes,Paris,France,Germany,United States,Germany,United States,2,0,0,0,0.0,0.0,,fjelstul
WC-1998,1998 FIFA Men's World Cup,mens,1998,M-1998-17,group stage,group stage,Group A,1998-06-16,Stade du Parc Lescure,Bordeaux,France,Scotland,Norway,Scotland,Norway,1,1,0,0,0.0,0.0,,fjelstul
WC-1998,1998 FIFA Men's World Cup,mens,1998,M-1998-18,group stage,group stage,Group A,1998-06-16,Stade de la Beaujoire,Nantes,France,Brazil,Morocco,Brazil,Morocco,3,0,0,0,0.0,0.0,,fjelstul
WC-1998,1998 FIFA Men's World Cup,mens,1998,M-1998-19,group stage,group stage,Group B,1998-06-17,Stade Geoffroy-Guichard,Saint-Étienne,France,Chile,Austria,Chile,Austria,1,1,0,0,0.0,0.0,,fjelstul
WC-1998,1998 FIFA Men's World Cup,mens,1998,M-1998-20,group stage,group stage,Group B,1998-06-17,Stade de la Mosson,Montpellier,France,Italy,Cameroon,Italy,Cameroon,3,0,0,0,0.0,0.0,,fjelstul
WC-1998,1998 FIFA Men's World Cup,mens,1998,M-1998-21,group stage,group stage,Group C,1998-06-18,Stade de Toulouse,Toulouse,France,South Africa,Denmark,South Africa,Denmark,1,1,0,0,0.0,0.0,,fjelstul
WC-1998,1998 FIFA Men's World Cup,mens,1998,M-1998-22,group stage,group stage,Group C,1998-06-18,Stade de France,Saint-Denis,France,France,Saudi Arabia,France,Saudi Arabia,4,0,0,0,0.0,0.0,,fjelstul
WC-1998,1998 FIFA Men's World Cup,mens,1998,M-1998-23,group stage,group stage,Group D,1998-06-19,Parc des Princes,Paris,France,Nigeria,Bulgaria,Nigeria,Bulgaria,1,0,0,0,0.0,0.0,,fjelstul
WC-1998,1998 FIFA Men's World Cup,mens,1998,M-1998-24,group stage,group stage,Group D,1998-06-19,Stade Geoffroy-Guichard,Saint-Étienne,France,Spain,Paraguay,Spain,Paraguay,0,0,0,0,0.0,0.0,,fjelstul
WC-1998,1998 FIFA Men's World Cup,mens,1998,M-1998-25,group stage,group stage,Group H,1998-06-20,Stade de la Beaujoire,Nantes,France,Japan,Croatia,Japan,Croatia,0,1,0,0,0.0,0.0,,fjelstul
WC-1998,1998 FIFA Men's World Cup,mens,1998,M-1998-26,group stage,group stage,Group E,1998-06-20,Stade du Parc Lescure,Bordeaux,France,Belgium,Mexico,Belgium,Mexico,2,2,0,0,0.0,0.0,,fjelstul
WC-1998,1998 FIFA Men's World Cup,mens,1998,M-1998-27,group stage,group stage,Group E,1998-06-20,Stade Vélodrome,Marseille,France,Netherlands,South Korea,Netherlands,South Korea,5,0,0,0,0.0,0.0,,fjelstul
WC-1998,1998 FIFA Men's World Cup,mens,1998,M-1998-28,group stage,group stage,Group F,1998-06-21,Stade Félix-Bollaert,Lens,France,Germany,Yugoslavia,Germany,Serbia,2,2,0,0,0.0,0.0,,fjelstul
WC-1998,1998 FIFA Men's World Cup,mens,1998,M-1998-29,group stage,group stage,Group H,1998-06-21,Parc des Princes,Paris,France,Argentina,Jamaica,Argentina,Jamaica,5,0,0,0,0.0,0.0,,fjelstul
WC-1998,1998 FIFA Men's World Cup,mens,1998,M-1998-30,group stage,group stage,Group F,1998-06-21,Stade de Gerland,Lyon,France,United States,Iran,United States,Iran,1,2,0,0,0.0,0.0,,fjelstul
WC-1998,1998 FIFA Men's World Cup,mens,1998,M-1998-31,group stage,group stage,Group G,1998-06-22,Stade de la Mosson,Montpellier,France,Colombia,Tunisia,Colombia,Tunisia,1,0,0,0,0.0,0.0,,fjelstul
WC-1998,1998 FIFA Men's World Cup,mens,1998,M-1998-32,group stage,group stage,Group G,1998-06-22,Stade de Toulouse,Toulouse,France,Romania,England,Romania,England,2,1,0,0,0.0,0.0,,fjelstul
WC-1998,1998 FIFA Men's World Cup,mens,1998,M-1998-33,group stage,group stage,Group B,1998-06-23,Stade de la Beaujoire,Nantes,France,Chile,Cameroon,Chile,Cameroon,1,1,0,0,0.0,0.0,,fjelstul
WC-1998,1998 FIFA Men's World Cup,mens,1998,M-1998-34,group stage,group stage,Group B,1998-06-23,Stade de France,Saint-Denis,France,Italy,Austria,Italy,Austria,2,1,0,0,0.0,0.0,,fjelstul
WC-1998,1998 FIFA Men's World Cup,mens,1998,M-1998-35,group stage,group stage,Group A,1998-06-23,Stade Vélodrome,Marseille,France,Brazil,Norway,Brazil,Norway,1,2,0,0,0.0,0.0,,fjelstul
WC-1998,1998 FIFA Men's World Cup,mens,1998,M-1998-36,group stage,group stage,Group A,1998-06-23,Stade Geoffroy-Guichard,Saint-Étienne,France,Scotland,Morocco,Scotland,Morocco,0,3,0,0,0.0,0.0,,fjelstul
WC-1998,1998 FIFA Men's World Cup,mens,1998,M-1998-37,group stage,group stage,Group C,1998-06-24,Stade de Gerland,Lyon,France,France,Denmark,France,Denmark,2,1,0,0,0.0,0.0,,fjelstul
WC-1998,1998 FIFA Men's World Cup,mens,1998,M-1998-38,group stage,group stage,Group C,1998-06-24,Stade du Parc Lescure,Bordeaux,France,South Africa,Saudi Arabia,South Africa,Saudi Arabia,2,2,0,0,0.0,0.0,,fjelstul
WC-1998,1998 FIFA Men's World Cup,mens,1998,M-1998-39,group stage,group stage,Group D,1998-06-24,Stade de Toulouse,Toulouse,France,Nigeria,Paraguay,Nigeria,Paraguay,1,3,0,0,0.0,0.0,,fjelstul
WC-1998,1998 FIFA Men's World Cup,mens,1998,M-1998-40,group stage,group stage,Group D,1998-06-24,Stade Félix-Bollaert,Lens,France,Spain,Bulgaria,Spain,Bulgaria,6,1,0,0,0.0,0.0,,fjelstul
WC-1998,1998 FIFA Men's World Cup,mens,1998,M-1998-41,group stage,group stage,Group E,1998-06-25,Parc des Princes,Paris,France,Belgium,South Korea,Belgium,South Korea,1,1,0,0,0.0,0.0,,fjelstul
WC-1998,1998 FIFA Men's World Cup,mens,1998,M-1998-42,group stage,group stage,Group E,1998-06-25,Stade Geoffroy-Guichard,Saint-Étienne,France,Netherlands,Mexico,Netherlands,Mexico,2,2,0,0,0.0,0.0,,fjelstul
WC-1998,1998 FIFA Men's World Cup,mens,1998,M-1998-43,group stage,group stage,Group F,1998-06-25,Stade de la Mosson,Montpellier,France,Germany,Iran,Germany,Iran,2,0,0,0,0.0,0.0,,fjelstul
WC-1998,1998 FIFA Men's World Cup,mens,1998,M-1998-44,group stage,group stage,Group F,1998-06-25,Stade de la Beaujoire,Nantes,France,United States,Yugoslavia,United States,Serbia,0,1,0,0,0.0,0.0,,fjelstul
WC-1998,1998 FIFA Men's World Cup,mens,1998,M-1998-45,group stage,group stage,Group H,1998-06-26,Stade du Parc Lescure,Bordeaux,France,Argentina,Croatia,Argentina,Croatia,1,0,0,0,0.0,0.0,,fjelstul
WC-1998,1998 FIFA Men's World Cup,mens,1998,M-1998-46,group stage,group stage,Group H,1998-06-26,Stade de Gerland,Lyon,France,Japan,Jamaica,Japan,Jamaica,1,2,0,0,0.0,0.0,,fjelstul
WC-1998,1998 FIFA Men's World Cup,mens,1998,M-1998-47,group stage,group stage,Group G,1998-06-26,Stade Félix-Bollaert,Lens,France,Colombia,England,Colombia,England,0,2,0,0,0.0,0.0,,fjelstul
WC-1998,1998 FIFA Men's World Cup,mens,1998,M-1998-48,group stage,group stage,Group G,1998-06-26,Stade de France,Saint-Denis,France,Romania,Tunisia,Romania,Tunisia,1,1,0,0,0.0,0.0,,fjelstul
WC-1998,1998 FIFA Men's World Cup,mens,1998,M-1998-49,round of 16,round of 16,not applicable,1998-06-27,Stade Vélodrome,Marseille,France,Italy,Norway,Italy,Norway,1,0,0,0,0.0,0.0,,fjelstul
WC-1998,1998 FIFA Men's World Cup,mens,1998,M-1998-50,round of 16,round of 16,not applicable,1998-06-27,Parc des Princes,Paris,France,Brazil,Chile,Brazil,Chile,4,1,0,0,0.0,0.0,,fjelstul
WC-1998,1998 FIFA Men's World Cup,mens,1998,M-1998-51,round of 16,round of 16,not applicable,1998-06-28,Stade Félix-Bollaert,Lens,France,France,Paraguay,France,Paraguay,1,0,1,0,0.0,0.0,,fjelstul
WC-1998,1998 FIFA Men's World Cup,mens,1998,M-1998-52,round of 16,round of 16,not applicable,1998-06-28,Stade de France,Saint-Denis,France,Nigeria,Denmark,Nigeria,Denmark,1,4,0,0,0.0,0.0,,fjelstul
WC-1998,1998 FIFA Men's World Cup,mens,1998,M-1998-53,round of 16,round of 16,not applicable,1998-06-29,Stade de la Mosson,Montpellier,France,Germany,Mexico,Germany,Mexico,2,1,0,0,0.0,0.0,,fjelstul
WC-1998,1998 FIFA Men's World Cup,mens,1998,M-1998-54,round of 16,round of 16,not applicable,1998-06-29,Stade de Toulouse,Toulouse,France,Netherlands,Yugoslavia,Netherlands,Serbia,2,1,0,0,0.0,0.0,,fjelstul
WC-1998,1998 FIFA Men's World Cup,mens,1998,M-1998-55,round of 16,round of 16,not applicable,1998-06-30,Stade du Parc Lescure,Bordeaux,France,Romania,Croatia,Romania,Croatia,0,1,0,0,0.0,0.0,,fjelstul
WC-1998,1998 FIFA Men's World Cup,mens,1998,M-1998-56,round of 16,round of 16,not applicable,1998-06-30,Stade Geoffroy-Guichard,Saint-Étienne,France,Argentina,England,Argentina,England,2,2,1,1,4.0,3.0,,fjelstul
WC-1998,1998 FIFA Men's World Cup,mens,1998,M-1998-57,quarter-finals,quarter-finals,not applicable,1998-07-03,Stade de France,Saint-Denis,France,Italy,France,Italy,France,0,0,1,1,3.0,4.0,,fjelstul
WC-1998,1998 FIFA Men's World Cup,mens,1998,M-1998-58,quarter-finals,quarter-finals,not applicable,1998-07-03,Stade de la Beaujoire,Nantes,France,Brazil,Denmark,Brazil,Denmark,3,2,0,0,0.0,0.0,,fjelstul
WC-1998,1998 FIFA Men's World Cup,mens,1998,M-1998-59,quarter-finals,quarter-finals,not applicable,1998-07-04,Stade Vélodrome,Marseille,France,Netherlands,Argentina,Netherlands,Argentina,2,1,0,0,0.0,0.0,,fjelstul
WC-1998,1998 FIFA Men's World Cup,mens,1998,M-1998-60,quarter-finals,quarter-finals,not applicable,1998-07-04,Stade de Gerland,Lyon,France,Germany,Croatia,Germany,Croatia,0,3,0,0,0.0,0.0,,fjelstul
WC-1998,1998 FIFA Men's World Cup,mens,1998,M-1998-61,semi-finals,semi-finals,not applicable,1998-07-07,Stade Vélodrome,Marseille,France,Brazil,Netherlands,Brazil,Netherlands,1,1,1,1,4.0,2.0,,fjelstul
WC-1998,1998 FIFA Men's World Cup,mens,1998,M-1998-62,semi-finals,semi-finals,not applicable,1998-07-08,Stade de France,Saint-Denis,France,France,Croatia,France,Croatia,2,1,0,0,0.0,0.0,,fjelstul
WC-1998,1998 FIFA Men's World Cup,mens,1998,M-1998-63,third-place match,third-place match,not applicable,1998-07-11,Parc des Princes,Paris,France,Netherlands,Croatia,Netherlands,Croatia,1,2,0,0,0.0,0.0,,fjelstul
WC-1998,1998 FIFA Men's World Cup,mens,1998,M-1998-64,final,final,not applicable,1998-07-12,Stade de France,Saint-Denis,France,Brazil,France,Brazil,France,0,3,0,0,0.0,0.0,,fjelstul
WC-1999,1999 FIFA Women's World Cup,womens,1999,M-1999-01,group stage,group stage,Group A,1999-06-19,Giants Stadium,New York City,United States,United States,Denmark,United States,Denmark,3,0,0,0,0.0,0.0,,fjelstul
WC-1999,1999 FIFA Women's World Cup,womens,1999,M-1999-02,group stage,group stage,Group D,1999-06-19,Spartan Stadium,San Jose,United States,China,Sweden,China,Sweden,2,1,0,0,0.0,0.0,,fjelstul
WC-1999,1999 FIFA Women's World Cup,womens,1999,M-1999-03,group stage,group stage,Group B,1999-06-19,Giants Stadium,New York City,United States,Brazil,Mexico,Brazil,Mexico,7,1,0,0,0.0,0.0,,fjelstul
WC-1999,1999 FIFA Women's World Cup,womens,1999,M-1999-04,group stage,group stage,Group C,1999-06-19,Spartan Stadium,San Jose,United States,Japan,Canada,Japan,Canada,1,1,0,0,0.0,0.0,,fjelstul
WC-1999,1999 FIFA Women's World Cup,womens,1999,M-1999-05,group stage,group stage,Group B,1999-06-20,Rose Bowl,Los Angeles,United States,Germany,Italy,Germany,Italy,1,1,0,0,0.0,0.0,,fjelstul
WC-1999,1999 FIFA Women's World Cup,womens,1999,M-1999-06,group stage,group stage,Group C,1999-06-20,Foxboro Stadium,Boston,United States,Norway,Russia,Norway,Russia,2,1,0,0,0.0,0.0,,fjelstul
WC-1999,1999 FIFA Women's World Cup,womens,1999,M-1999-07,group stage,group stage,Group A,1999-06-20,Rose Bowl,Los Angeles,United States,North Korea,Nigeria,North Korea,Nigeria,1,2,0,0,0.0,0.0,,fjelstul
WC-1999,1999 FIFA Women's World Cup,womens,1999,M-1999-08,group stage,group stage,Group D,1999-06-20,Foxboro Stadium,Boston,United States,Australia,Ghana,Australia,Ghana,1,1,0,0,0.0,0.0,,fjelstul
WC-1999,1999 FIFA Women's World Cup,womens,1999,M-1999-09,group stage,group stage,Group C,1999-06-23,Civic Stadium,Portland,United States,Japan,Russia,Japan,Russia,0,5,0,0,0.0,0.0,,fjelstul
WC-1999,1999 FIFA Women's World Cup,womens,1999,M-1999-10,group stage,group stage,Group C,1999-06-23,Jack Kent Cooke Stadium,"Washington, D.C.",United States,Norway,Canada,Norway,Canada,7,1,0,0,0.0,0.0,,fjelstul
WC-1999,1999 FIFA Women's World Cup,womens,1999,M-1999-11,group stage,group stage,Group D,1999-06-23,Jack Kent Cooke Stadium,"Washington, D.C.",United States,Australia,Sweden,Australia,Sweden,1,3,0,0,0.0,0.0,,fjelstul
WC-1999,1999 FIFA Women's World Cup,womens,1999,M-1999-12,group stage,group stage,Group D,1999-06-23,Civic Stadium,Portland,United States,China,Ghana,China,Ghana,7,0,0,0,0.0,0.0,,fjelstul
WC-1999,1999 FIFA Women's World Cup,womens,1999,M-1999-13,group stage,group stage,Group B,1999-06-24,Soldier Field,Chicago,United States,Brazil,Italy,Brazil,Italy,2,0,0,0,0.0,0.0,,fjelstul
WC-1999,1999 FIFA Women's World Cup,womens,1999,M-1999-14,group stage,group stage,Group A,1999-06-24,Civic Stadium,Portland,United States,North Korea,Denmark,North Korea,Denmark,3,1,0,0,0.0,0.0,,fjelstul
WC-1999,1999 FIFA Women's World Cup,womens,1999,M-1999-15,group stage,group stage,Group A,1999-06-24,Soldier Field,Chicago,United States,United States,Nigeria,United States,Nigeria,7,1,0,0,0.0,0.0,,fjelstul
WC-1999,1999 FIFA Women's World Cup,womens,1999,M-1999-16,group stage,group stage,Group B,1999-06-24,Civic Stadium,Portland,United States,Germany,Mexico,Germany,Mexico,6,0,0,0,0.0,0.0,,fjelstul
WC-1999,1999 FIFA Women's World Cup,womens,1999,M-1999-17,group stage,group stage,Group C,1999-06-26,Giants Stadium,New York City,United States,Canada,Russia,Canada,Russia,1,4,0,0,0.0,0.0,,fjelstul
WC-1999,1999 FIFA Women's World Cup,womens,1999,M-1999-18,group stage,group stage,Group D,1999-06-26,Giants Stadium,New York City,United States,China,Australia,China,Australia,3,1,0,0,0.0,0.0,,fjelstul
WC-1999,1999 FIFA Women's World Cup,womens,1999,M-1999-19,group stage,group stage,Group D,1999-06-26,Soldier Field,Chicago,United States,Ghana,Sweden,Ghana,Sweden,0,2,0,0,0.0,0.0,,fjelstul
WC-1999,1999 FIFA Women's World Cup,womens,1999,M-1999-20,group stage,group stage,Group C,1999-06-26,Soldier Field,Chicago,United States,Norway,Japan,Norway,Japan,4,0,0,0,0.0,0.0,,fjelstul
WC-1999,1999 FIFA Women's World Cup,womens,1999,M-1999-21,group stage,group stage,Group B,1999-06-27,Jack Kent Cooke Stadium,"Washington, D.C.",United States,Germany,Brazil,Germany,Brazil,3,3,0,0,0.0,0.0,,fjelstul
WC-1999,1999 FIFA Women's World Cup,womens,1999,M-1999-22,group stage,group stage,Group A,1999-06-27,Jack Kent Cooke Stadium,"Washington, D.C.",United States,Nigeria,Denmark,Nigeria,Denmark,2,0,0,0,0.0,0.0,,fjelstul
WC-1999,1999 FIFA Women's World Cup,womens,1999,M-1999-23,group stage,group stage,Group B,1999-06-27,Foxboro Stadium,Boston,United States,Mexico,Italy,Mexico,Italy,0,2,0,0,0.0,0.0,,fjelstul
WC-1999,1999 FIFA Women's World Cup,womens,1999,M-1999-24,group stage,group stage,Group A,1999-06-27,Foxboro Stadium,Boston,United States,United States,North Korea,United States,North Korea,3,0,0,0,0.0,0.0,,fjelstul
WC-1999,1999 FIFA Women's World Cup,womens,1999,M-1999-25,quarter-final,quarter-finals,not applicable,1999-06-30,Spartan Stadium,San Jose,United States,China,Russia,China,Russia,2,0,0,0,0.0,0.0,,fjelstul
WC-1999,1999 FIFA Women's World Cup,womens,1999,M-1999-26,quarter-final,quarter-finals,not applicable,1999-06-30,Spartan Stadium,San Jose,United States,Norway,Sweden,Norway,Sweden,3,1,0,0,0.0,0.0,,fjelstul
WC-1999,1999 FIFA Women's World Cup,womens,1999,M-1999-27,quarter-final,quarter-finals,not applicable,1999-07-01,Jack Kent Cooke Stadium,"Washington, D.C.",United States,United States,Germany,United States,Germany,3,2,0,0,0.0,0.0,,fjelstul
WC-1999,1999 FIFA Women's World Cup,womens,1999,M-1999-28,quarter-final,quarter-finals,not applicable,1999-07-01,Jack Kent Cooke Stadium,"Washington, D.C.",United States,Brazil,Nigeria,Brazil,Nigeria,4,3,1,0,0.0,0.0,,fjelstul
WC-1999,1999 FIFA Women's World Cup,womens,1999,M-1999-29,semi-final,semi-finals,not applicable,1999-07-04,Stanford Stadium,San Fransisco,United States,United States,Brazil,United States,Brazil,2,0,0,0,0.0,0.0,,fjelstul
WC-1999,1999 FIFA Women's World Cup,womens,1999,M-1999-30,semi-final,semi-finals,not applicable,1999-07-04,Foxboro Stadium,Boston,United States,Norway,China,Norway,China,0,5,0,0,0.0,0.0,,fjelstul
WC-1999,1999 FIFA Women's World Cup,womens,1999,M-1999-31,third-place match,third-place match,not applicable,1999-07-10,Rose Bowl,Los Angeles,United States,Brazil,Norway,Brazil,Norway,0,0,0,1,5.0,4.0,,fjelstul
WC-1999,1999 FIFA Women's World Cup,womens,1999,M-1999-32,final,final,not applicable,1999-07-10,Rose Bowl,Los Angeles,United States,United States,China,United States,China,0,0,1,1,5.0,4.0,,fjelstul
WC-2002,2002 FIFA Men's World Cup,mens,2002,M-2002-01,group stage,group stage,Group A,2002-05-31,Seoul World Cup Stadium,Seoul,South Korea,France,Senegal,France,Senegal,0,1,0,0,0.0,0.0,,fjelstul
WC-2002,2002 FIFA Men's World Cup,mens,2002,M-2002-02,group stage,group stage,Group E,2002-06-01,Niigata Stadium,Niigata,Japan,Republic of Ireland,Cameroon,Republic of Ireland,Cameroon,1,1,0,0,0.0,0.0,,fjelstul
WC-2002,2002 FIFA Men's World Cup,mens,2002,M-2002-03,group stage,group stage,Group A,2002-06-01,Ulsan Munsu Football Stadium,Ulsan,South Korea,Uruguay,Denmark,Uruguay,Denmark,1,2,0,0,0.0,0.0,,fjelstul
WC-2002,2002 FIFA Men's World Cup,mens,2002,M-2002-04,group stage,group stage,Group E,2002-06-01,Sapporo Dome,Sapporo,Japan,Germany,Saudi Arabia,Germany,Saudi Arabia,8,0,0,0,0.0,0.0,,fjelstul
WC-2002,2002 FIFA Men's World Cup,mens,2002,M-2002-05,group stage,group stage,Group F,2002-06-02,Kashima Stadium,Ibaraki,Japan,Argentina,Nigeria,Argentina,Nigeria,1,0,0,0,0.0,0.0,,fjelstul
WC-2002,2002 FIFA Men's World Cup,mens,2002,M-2002-06,group stage,group stage,Group B,2002-06-02,Busan Asiad Stadium,Busan,South Korea,Paraguay,South Africa,Paraguay,South Africa,2,2,0,0,0.0,0.0,,fjelstul
WC-2002,2002 FIFA Men's World Cup,mens,2002,M-2002-07,group stage,group stage,Group F,2002-06-02,Saitama Stadium,Saitama,Japan,England,Sweden,England,Sweden,1,1,0,0,0.0,0.0,,fjelstul
WC-2002,2002 FIFA Men's World Cup,mens,2002,M-2002-08,group stage,group stage,Group B,2002-06-02,Gwangju World Cup Stadium,Gwangju,South Korea,Spain,Slovenia,Spain,Slovenia,3,1,0,0,0.0,0.0,,fjelstul
WC-2002,2002 FIFA Men's World Cup,mens,2002,M-2002-09,group stage,group stage,Group G,2002-06-03,Niigata Stadium,Niigata,Japan,Croatia,Mexico,Croatia,Mexico,0,1,0,0,0.0,0.0,,fjelstul
WC-2002,2002 FIFA Men's World Cup,mens,2002,M-2002-10,group stage,group stage,Group C,2002-06-03,Ulsan Munsu Football Stadium,Ulsan,South Korea,Brazil,Turkey,Brazil,Turkey,2,1,0,0,0.0,0.0,,fjelstul
WC-2002,2002 FIFA Men's World Cup,mens,2002,M-2002-11,group stage,group stage,Group G,2002-06-03,Sapporo Dome,Sapporo,Japan,Italy,Ecuador,Italy,Ecuador,2,0,0,0,0.0,0.0,,fjelstul
WC-2002,2002 FIFA Men's World Cup,mens,2002,M-2002-12,group stage,group stage,Group C,2002-06-04,Gwangju World Cup Stadium,Gwangju,South Korea,China,Costa Rica,China,Costa Rica,0,2,0,0,0.0,0.0,,fjelstul
WC-2002,2002 FIFA Men's World Cup,mens,2002,M-2002-13,group stage,group stage,Group H,2002-06-04,Saitama Stadium,Saitama,Japan,Japan,Belgium,Japan,Belgium,2,2,0,0,0.0,0.0,,fjelstul
WC-2002,2002 FIFA Men's World Cup,mens,2002,M-2002-14,group stage,group stage,Group D,2002-06-04,Busan Asiad Stadium,Busan,South Korea,South Korea,Poland,South Korea,Poland,2,0,0,0,0.0,0.0,,fjelstul
WC-2002,2002 FIFA Men's World Cup,mens,2002,M-2002-15,group stage,group stage,Group H,2002-06-05,Kobe Wing Stadium,Kobe,Japan,Russia,Tunisia,Russia,Tunisia,2,0,0,0,0.0,0.0,,fjelstul
WC-2002,2002 FIFA Men's World Cup,mens,2002,M-2002-16,group stage,group stage,Group D,2002-06-05,Suwon World Cup Stadium,Suwon,South Korea,United States,Portugal,United States,Portugal,3,2,0,0,0.0,0.0,,fjelstul
WC-2002,2002 FIFA Men's World Cup,mens,2002,M-2002-17,group stage,group stage,Group E,2002-06-05,Kashima Stadium,Ibaraki,Japan,Germany,Republic of Ireland,Germany,Republic of Ireland,1,1,0,0,0.0,0.0,,fjelstul
WC-2002,2002 FIFA Men's World Cup,mens,2002,M-2002-18,group stage,group stage,Group A,2002-06-06,Daegu World Cup Stadium,Daegu,South Korea,Denmark,Senegal,Denmark,Senegal,1,1,0,0,0.0,0.0,,fjelstul
WC-2002,2002 FIFA Men's World Cup,mens,2002,M-2002-19,group stage,group stage,Group E,2002-06-06,Saitama Stadium,Saitama,Japan,Cameroon,Saudi Arabia,Cameroon,Saudi Arabia,1,0,0,0,0.0,0.0,,fjelstul
WC-2002,2002 FIFA Men's World Cup,mens,2002,M-2002-20,group stage,group stage,Group A,2002-06-06,Busan Asiad Stadium,Busan,South Korea,France,Uruguay,France,Uruguay,0,0,0,0,0.0,0.0,,fjelstul
WC-2002,2002 FIFA Men's World Cup,mens,2002,M-2002-21,group stage,group stage,Group F,2002-06-07,Kobe Wing Stadium,Kobe,Japan,Sweden,Nigeria,Sweden,Nigeria,2,1,0,0,0.0,0.0,,fjelstul
WC-2002,2002 FIFA Men's World Cup,mens,2002,M-2002-22,group stage,group stage,Group B,2002-06-07,Jeonju World Cup Stadium,Jeonju,South Korea,Spain,Paraguay,Spain,Paraguay,3,1,0,0,0.0,0.0,,fjelstul
WC-2002,2002 FIFA Men's World Cup,mens,2002,M-2002-23,group stage,group stage,Group F,2002-06-07,Sapporo Dome,Sapporo,Japan,Argentina,England,Argentina,England,0,1,0,0,0.0,0.0,,fjelstul
WC-2002,2002 FIFA Men's World Cup,mens,2002,M-2002-24,group stage,group stage,Group B,2002-06-08,Daegu World Cup Stadium,Daegu,South Korea,South Africa,Slovenia,South Africa,Slovenia,1,0,0,0,0.0,0.0,,fjelstul
WC-2002,2002 FIFA Men's World Cup,mens,2002,M-2002-25,group stage,group stage,Group G,2002-06-08,Kashima Stadium,Ibaraki,Japan,Italy,Croatia,Italy,Croatia,1,2,0,0,0.0,0.0,,fjelstul
WC-2002,2002 FIFA Men's World Cup,mens,2002,M-2002-26,group stage,group stage,Group C,2002-06-08,Jeju World Cup Stadium,Seogwipo,South Korea,Brazil,China,Brazil,China,4,0,0,0,0.0,0.0,,fjelstul
WC-2002,2002 FIFA Men's World Cup,mens,2002,M-2002-27,group stage,group stage,Group G,2002-06-09,Miyagi Stadium,Miyagi,Japan,Mexico,Ecuador,Mexico,Ecuador,2,1,0,0,0.0,0.0,,fjelstul
WC-2002,2002 FIFA Men's World Cup,mens,2002,M-2002-28,group stage,group stage,Group C,2002-06-09,Incheon Munhak Stadium,Incheon,South Korea,Costa Rica,Turkey,Costa Rica,Turkey,1,1,0,0,0.0,0.0,,fjelstul
WC-2002,2002 FIFA Men's World Cup,mens,2002,M-2002-29,group stage,group stage,Group H,2002-06-09,International Stadium Yokohama,Yokohama,Japan,Japan,Russia,Japan,Russia,1,0,0,0,0.0,0.0,,fjelstul
WC-2002,2002 FIFA Men's World Cup,mens,2002,M-2002-30,group stage,group stage,Group D,2002-06-10,Daegu World Cup Stadium,Daegu,South Korea,South Korea,United States,South Korea,United States,1,1,0,0,0.0,0.0,,fjelstul
WC-2002,2002 FIFA Men's World Cup,mens,2002,M-2002-31,group stage,group stage,Group H,2002-06-10,Ōita Stadium,Ōita,Japan,Tunisia,Belgium,Tunisia,Belgium,1,1,0,0,0.0,0.0,,fjelstul
WC-2002,2002 FIFA Men's World Cup,mens,2002,M-2002-32,group stage,group stage,Group D,2002-06-10,Jeonju World Cup Stadium,Jeonju,South Korea,Portugal,Poland,Portugal,Poland,4,0,0,0,0.0,0.0,,fjelstul
WC-2002,2002 FIFA Men's World Cup,mens,2002,M-2002-33,group stage,group stage,Group A,2002-06-11,Incheon Munhak Stadium,Incheon,South Korea,Denmark,France,Denmark,France,2,0,0,0,0.0,0.0,,fjelstul
WC-2002,2002 FIFA Men's World Cup,mens,2002,M-2002-34,group stage,group stage,Group A,2002-06-11,Suwon World Cup Stadium,Suwon,South Korea,Senegal,Uruguay,Senegal,Uruguay,3,3,0,0,0.0,0.0,,fjelstul
WC-2002,2002 FIFA Men's World Cup,mens,2002,M-2002-35,group stage,group stage,Group E,2002-06-11,Shizuoka Stadium ECOPA,Shizuoka,Japan,Cameroon,Germany,Cameroon,Germany,0,2,0,0,0.0,0.0,,fjelstul
WC-2002,2002 FIFA Men's World Cup,mens,2002,M-2002-36,group stage,group stage,Group E,2002-06-11,International Stadium Yokohama,Yokohama,Japan,Saudi Arabia,Republic of Ireland,Saudi Arabia,Republic of Ireland,0,3,0,0,0.0,0.0,,fjelstul
WC-2002,2002 FIFA Men's World Cup,mens,2002,M-2002-37,group stage,group stage,Group F,2002-06-12,Nagai Stadium,Osaka,Japan,Nigeria,England,Nigeria,England,0,0,0,0,0.0,0.0,,fjelstul
WC-2002,2002 FIFA Men's World Cup,mens,2002,M-2002-38,group stage,group stage,Group F,2002-06-12,Miyagi Stadium,Miyagi,Japan,Sweden,Argentina,Sweden,Argentina,1,1,0,0,0.0,0.0,,fjelstul
WC-2002,2002 FIFA Men's World Cup,mens,2002,M-2002-39,group stage,group stage,Group B,2002-06-12,Jeju World Cup Stadium,Seogwipo,South Korea,Slovenia,Paraguay,Slovenia,Paraguay,1,3,0,0,0.0,0.0,,fjelstul
WC-2002,2002 FIFA Men's World Cup,mens,2002,M-2002-40,group stage,group stage,Group B,2002-06-12,Daejeon World Cup Stadium,Daejeon,South Korea,South Africa,Spain,South Africa,Spain,2,3,0,0,0.0,0.0,,fjelstul
WC-2002,2002 FIFA Men's World Cup,mens,2002,M-2002-41,group stage,group stage,Group C,2002-06-13,Suwon World Cup Stadium,Suwon,South Korea,Costa Rica,Brazil,Costa Rica,Brazil,2,5,0,0,0.0,0.0,,fjelstul
WC-2002,2002 FIFA Men's World Cup,mens,2002,M-2002-42,group stage,group stage,Group C,2002-06-13,Seoul World Cup Stadium,Seoul,South Korea,Turkey,China,Turkey,China,3,0,0,0,0.0,0.0,,fjelstul
WC-2002,2002 FIFA Men's World Cup,mens,2002,M-2002-43,group stage,group stage,Group G,2002-06-13,International Stadium Yokohama,Yokohama,Japan,Ecuador,Croatia,Ecuador,Croatia,1,0,0,0,0.0,0.0,,fjelstul
WC-2002,2002 FIFA Men's World Cup,mens,2002,M-2002-44,group stage,group stage,Group G,2002-06-13,Ōita Stadium,Ōita,Japan,Mexico,Italy,Mexico,Italy,1,1,0,0,0.0,0.0,,fjelstul
WC-2002,2002 FIFA Men's World Cup,mens,2002,M-2002-45,group stage,group stage,Group H,2002-06-14,Shizuoka Stadium ECOPA,Shizuoka,Japan,Belgium,Russia,Belgium,Russia,3,2,0,0,0.0,0.0,,fjelstul
WC-2002,2002 FIFA Men's World Cup,mens,2002,M-2002-46,group stage,group stage,Group H,2002-06-14,Nagai Stadium,Osaka,Japan,Tunisia,Japan,Tunisia,Japan,0,2,0,0,0.0,0.0,,fjelstul
WC-2002,2002 FIFA Men's World Cup,mens,2002,M-2002-47,group stage,group stage,Group D,2002-06-14,Daejeon World Cup Stadium,Daejeon,South Korea,Poland,United States,Poland,United States,3,1,0,0,0.0,0.0,,fjelstul
WC-2002,2002 FIFA Men's World Cup,mens,2002,M-2002-48,group stage,group stage,Group D,2002-06-14,Incheon Munhak Stadium,Incheon,South Korea,Portugal,South Korea,Portugal,South Korea,0,1,0,0,0.0,0.0,,fjelstul
WC-2002,2002 FIFA Men's World Cup,mens,2002,M-2002-49,round of 16,round of 16,not applicable,2002-06-15,Jeju World Cup Stadium,Seogwipo,South Korea,Germany,Paraguay,Germany,Paraguay,1,0,0,0,0.0,0.0,,fjelstul
WC-2002,2002 FIFA Men's World Cup,mens,2002,M-2002-50,round of 16,round of 16,not applicable,2002-06-15,Niigata Stadium,Niigata,Japan,Denmark,England,Denmark,England,0,3,0,0,0.0,0.0,,fjelstul
WC-2002,2002 FIFA Men's World Cup,mens,2002,M-2002-51,round of 16,round of 16,not applicable,2002-06-16,Ōita Stadium,Ōita,Japan,Sweden,Senegal,Sweden,Senegal,1,2,1,0,0.0,0.0,,fjelstul
WC-2002,2002 FIFA Men's World Cup,mens,2002,M-2002-52,round of 16,round of 16,not applicable,2002-06-16,Suwon World Cup Stadium,Suwon,South Korea,Spain,Republic of Ireland,Spain,Republic of Ireland,1,1,1,1,3.0,2.0,,fjelstul
WC-2002,2002 FIFA Men's World Cup,mens,2002,M-2002-53,round of 16,round of 16,not applicable,2002-06-17,Jeonju World Cup Stadium,Jeonju,South Korea,Mexico,United States,Mexico,United States,0,2,0,0,0.0,0.0,,fjelstul
WC-2002,2002 FIFA Men's World Cup,mens,2002,M-2002-54,round of 16,round of 16,not applicable,2002-06-17,Kobe Wing Stadium,Kobe,Japan,Brazil,Belgium,Brazil,Belgium,2,0,0,0,0.0,0.0,,fjelstul
WC-2002,2002 FIFA Men's World Cup,mens,2002,M-2002-55,round of 16,round of 16,not applicable,2002-06-18,Miyagi Stadium,Miyagi,Japan,Japan,Turkey,Japan,Turkey,0,1,0,0,0.0,0.0,,fjelstul
WC-2002,2002 FIFA Men's World Cup,mens,2002,M-2002-56,round of 16,round of 16,not applicable,2002-06-18,Daejeon World Cup Stadium,Daejeon,South Korea,South Korea,Italy,South Korea,Italy,2,1,1,0,0.0,0.0,,fjelstul
WC-2002,2002 FIFA Men's World Cup,mens,2002,M-2002-57,quarter-finals,quarter-finals,not applicable,2002-06-21,Shizuoka Stadium ECOPA,Shizuoka,Japan,England,Brazil,England,Brazil,1,2,0,0,0.0,0.0,,fjelstul
WC-2002,2002 FIFA Men's World Cup,mens,2002,M-2002-58,quarter-finals,quarter-finals,not applicable,2002-06-21,Ulsan Munsu Football Stadium,Ulsan,South Korea,Germany,United States,Germany,United States,1,0,0,0,0.0,0.0,,fjelstul
WC-2002,2002 FIFA Men's World Cup,mens,2002,M-2002-59,quarter-finals,quarter-finals,not applicable,2002-06-22,Gwangju World Cup Stadium,Gwangju,South Korea,Spain,South Korea,Spain,South Korea,0,0,1,1,3.0,5.0,,fjelstul
WC-2002,2002 FIFA Men's World Cup,mens,2002,M-2002-60,quarter-finals,quarter-finals,not applicable,2002-06-22,Nagai Stadium,Osaka,Japan,Senegal,Turkey,Senegal,Turkey,0,1,1,0,0.0,0.0,,fjelstul
WC-2002,2002 FIFA Men's World Cup,mens,2002,M-2002-61,semi-finals,semi-finals,not applicable,2002-06-25,Seoul World Cup Stadium,Seoul,South Korea,Germany,South Korea,Germany,South Korea,1,0,0,0,0.0,0.0,,fjelstul
WC-2002,2002 FIFA Men's World Cup,mens,2002,M-2002-62,semi-finals,semi-finals,not applicable,2002-06-26,Saitama Stadium,Saitama,Japan,Brazil,Turkey,Brazil,Turkey,1,0,0,0,0.0,0.0,,fjelstul
WC-2002,2002 FIFA Men's World Cup,mens,2002,M-2002-63,third-place match,third-place match,not applicable,2002-06-29,Daegu World Cup Stadium,Daegu,South Korea,South Korea,Turkey,South Korea,Turkey,2,3,0,0,0.0,0.0,,fjelstul
WC-2002,2002 FIFA Men's World Cup,mens,2002,M-2002-64,final,final,not applicable,2002-06-30,International Stadium Yokohama,Yokohama,Japan,Germany,Brazil,Germany,Brazil,0,2,0,0,0.0,0.0,,fjelstul
WC-2003,2003 FIFA Women's World Cup,womens,2003,M-2003-01,group stage,group stage,Group B,2003-09-20,Lincoln Financial Field,Philadelphia,United States,Norway,France,Norway,France,2,0,0,0,0.0,0.0,,fjelstul
WC-2003,2003 FIFA Women's World Cup,womens,2003,M-2003-02,group stage,group stage,Group A,2003-09-20,Lincoln Financial Field,Philadelphia,United States,Nigeria,North Korea,Nigeria,North Korea,0,3,0,0,0.0,0.0,,fjelstul
WC-2003,2003 FIFA Women's World Cup,womens,2003,M-2003-03,group stage,group stage,Group C,2003-09-20,Columbus Crew Stadium,Columbus,United States,Germany,Canada,Germany,Canada,4,1,0,0,0.0,0.0,,fjelstul
WC-2003,2003 FIFA Women's World Cup,womens,2003,M-2003-04,group stage,group stage,Group C,2003-09-20,Columbus Crew Stadium,Columbus,United States,Japan,Argentina,Japan,Argentina,6,0,0,0,0.0,0.0,,fjelstul
WC-2003,2003 FIFA Women's World Cup,womens,2003,M-2003-05,group stage,group stage,Group A,2003-09-21,RFK Stadium,"Washington, D.C.",United States,United States,Sweden,United States,Sweden,3,1,0,0,0.0,0.0,,fjelstul
WC-2003,2003 FIFA Women's World Cup,womens,2003,M-2003-06,group stage,group stage,Group B,2003-09-21,RFK Stadium,"Washington, D.C.",United States,Brazil,South Korea,Brazil,South Korea,3,0,0,0,0.0,0.0,,fjelstul
WC-2003,2003 FIFA Women's World Cup,womens,2003,M-2003-07,group stage,group stage,Group D,2003-09-21,Home Depot Center,Carson,United States,Australia,Russia,Australia,Russia,1,2,0,0,0.0,0.0,,fjelstul
WC-2003,2003 FIFA Women's World Cup,womens,2003,M-2003-08,group stage,group stage,Group D,2003-09-21,Home Depot Center,Carson,United States,China,Ghana,China,Ghana,1,0,0,0,0.0,0.0,,fjelstul
WC-2003,2003 FIFA Women's World Cup,womens,2003,M-2003-09,group stage,group stage,Group B,2003-09-24,RFK Stadium,"Washington, D.C.",United States,Norway,Brazil,Norway,Brazil,1,4,0,0,0.0,0.0,,fjelstul
WC-2003,2003 FIFA Women's World Cup,womens,2003,M-2003-10,group stage,group stage,Group C,2003-09-24,Columbus Crew Stadium,Columbus,United States,Germany,Japan,Germany,Japan,3,0,0,0,0.0,0.0,,fjelstul
WC-2003,2003 FIFA Women's World Cup,womens,2003,M-2003-11,group stage,group stage,Group B,2003-09-24,RFK Stadium,"Washington, D.C.",United States,France,South Korea,France,South Korea,1,0,0,0,0.0,0.0,,fjelstul
WC-2003,2003 FIFA Women's World Cup,womens,2003,M-2003-12,group stage,group stage,Group C,2003-09-24,Columbus Crew Stadium,Columbus,United States,Canada,Argentina,Canada,Argentina,3,0,0,0,0.0,0.0,,fjelstul
WC-2003,2003 FIFA Women's World Cup,womens,2003,M-2003-13,group stage,group stage,Group D,2003-09-25,Home Depot Center,Carson,United States,Ghana,Russia,Ghana,Russia,0,3,0,0,0.0,0.0,,fjelstul
WC-2003,2003 FIFA Women's World Cup,womens,2003,M-2003-14,group stage,group stage,Group A,2003-09-25,Lincoln Financial Field,Philadelphia,United States,Sweden,North Korea,Sweden,North Korea,1,0,0,0,0.0,0.0,,fjelstul
WC-2003,2003 FIFA Women's World Cup,womens,2003,M-2003-15,group stage,group stage,Group D,2003-09-25,Home Depot Center,Carson,United States,China,Australia,China,Australia,1,1,0,0,0.0,0.0,,fjelstul
WC-2003,2003 FIFA Women's World Cup,womens,2003,M-2003-16,group stage,group stage,Group A,2003-09-25,Lincoln Financial Field,Philadelphia,United States,United States,Nigeria,United States,Nigeria,5,0,0,0,0.0,0.0,,fjelstul
WC-2003,2003 FIFA Women's World Cup,womens,2003,M-2003-17,group stage,group stage,Group B,2003-09-27,RFK Stadium,"Washington, D.C.",United States,France,Brazil,France,Brazil,1,1,0,0,0.0,0.0,,fjelstul
WC-2003,2003 FIFA Women's World Cup,womens,2003,M-2003-18,group stage,group stage,Group B,2003-09-27,Gillette Stadium,Foxborough,United States,South Korea,Norway,South Korea,Norway,1,7,0,0,0.0,0.0,,fjelstul
WC-2003,2003 FIFA Women's World Cup,womens,2003,M-2003-19,group stage,group stage,Group C,2003-09-27,RFK Stadium,"Washington, D.C.",United States,Argentina,Germany,Argentina,Germany,1,6,0,0,0.0,0.0,,fjelstul
WC-2003,2003 FIFA Women's World Cup,womens,2003,M-2003-20,group stage,group stage,Group C,2003-09-27,Gillette Stadium,Foxborough,United States,Canada,Japan,Canada,Japan,3,1,0,0,0.0,0.0,,fjelstul
WC-2003,2003 FIFA Women's World Cup,womens,2003,M-2003-21,group stage,group stage,Group A,2003-09-28,Columbus Crew Stadium,Columbus,United States,Sweden,Nigeria,Sweden,Nigeria,3,0,0,0,0.0,0.0,,fjelstul
WC-2003,2003 FIFA Women's World Cup,womens,2003,M-2003-22,group stage,group stage,Group A,2003-09-28,Columbus Crew Stadium,Columbus,United States,North Korea,United States,North Korea,United States,0,3,0,0,0.0,0.0,,fjelstul
WC-2003,2003 FIFA Women's World Cup,womens,2003,M-2003-23,group stage,group stage,Group D,2003-09-28,PGE Park,Portland,United States,Ghana,Australia,Ghana,Australia,2,1,0,0,0.0,0.0,,fjelstul
WC-2003,2003 FIFA Women's World Cup,womens,2003,M-2003-24,group stage,group stage,Group D,2003-09-28,PGE Park,Portland,United States,China,Russia,China,Russia,1,0,0,0,0.0,0.0,,fjelstul
WC-2003,2003 FIFA Women's World Cup,womens,2003,M-2003-25,quarter-final,quarter-finals,not applicable,2003-10-01,Gillette Stadium,Foxborough,United States,Brazil,Sweden,Brazil,Sweden,1,2,0,0,0.0,0.0,,fjelstul
WC-2003,2003 FIFA Women's World Cup,womens,2003,M-2003-26,quarter-final,quarter-finals,not applicable,2003-10-01,Gillette Stadium,Foxborough,United States,United States,Norway,United States,Norway,1,0,0,0,0.0,0.0,,fjelstul
WC-2003,2003 FIFA Women's World Cup,womens,2003,M-2003-27,quarter-final,quarter-finals,not applicable,2003-10-02,PGE Park,Portland,United States,Germany,Russia,Germany,Russia,7,1,0,0,0.0,0.0,,fjelstul
WC-2003,2003 FIFA Women's World Cup,womens,2003,M-2003-28,quarter-final,quarter-finals,not applicable,2003-10-02,PGE Park,Portland,United States,China,Canada,China,Canada,0,1,0,0,0.0,0.0,,fjelstul
WC-2003,2003 FIFA Women's World Cup,womens,2003,M-2003-29,semi-final,semi-finals,not applicable,2003-10-05,PGE Park,Portland,United States,United States,Germany,United States,Germany,0,3,0,0,0.0,0.0,,fjelstul
WC-2003,2003 FIFA Women's World Cup,womens,2003,M-2003-30,semi-final,semi-finals,not applicable,2003-10-05,PGE Park,Portland,United States,Sweden,Canada,Sweden,Canada,2,1,0,0,0.0,0.0,,fjelstul
WC-2003,2003 FIFA Women's World Cup,womens,2003,M-2003-31,third-place match,third-place match,not applicable,2003-10-11,Home Depot Center,Carson,United States,United States,Canada,United States,Canada,3,1,0,0,0.0,0.0,,fjelstul
WC-2003,2003 FIFA Women's World Cup,womens,2003,M-2003-32,final,final,not applicable,2003-10-12,Home Depot Center,Carson,United States,Germany,Sweden,Germany,Sweden,2,1,1,0,0.0,0.0,,fjelstul
WC-2006,2006 FIFA Men's World Cup,mens,2006,M-2006-01,group stage,group stage,Group A,2006-06-09,Allianz Arena,Munich,Germany,Germany,Costa Rica,Germany,Costa Rica,4,2,0,0,0.0,0.0,,fjelstul
WC-2006,2006 FIFA Men's World Cup,mens,2006,M-2006-02,group stage,group stage,Group A,2006-06-09,Arena AufShalke,Gelsenkirchen,Germany,Poland,Ecuador,Poland,Ecuador,0,2,0,0,0.0,0.0,,fjelstul
WC-2006,2006 FIFA Men's World Cup,mens,2006,M-2006-03,group stage,group stage,Group B,2006-06-10,Waldstadion,Frankfurt,Germany,England,Paraguay,England,Paraguay,1,0,0,0,0.0,0.0,,fjelstul
WC-2006,2006 FIFA Men's World Cup,mens,2006,M-2006-04,group stage,group stage,Group B,2006-06-10,Westfalenstadion,Dortmund,Germany,Trinidad and Tobago,Sweden,Trinidad and Tobago,Sweden,0,0,0,0,0.0,0.0,,fjelstul
WC-2006,2006 FIFA Men's World Cup,mens,2006,M-2006-05,group stage,group stage,Group C,2006-06-10,Volksparkstadion,Hamburg,Germany,Argentina,Ivory Coast,Argentina,Ivory Coast,2,1,0,0,0.0,0.0,,fjelstul
WC-2006,2006 FIFA Men's World Cup,mens,2006,M-2006-06,group stage,group stage,Group C,2006-06-11,Zentralstadion,Leipzig,Germany,Serbia and Montenegro,Netherlands,Serbia,Netherlands,0,1,0,0,0.0,0.0,,fjelstul
WC-2006,2006 FIFA Men's World Cup,mens,2006,M-2006-07,group stage,group stage,Group D,2006-06-11,Frankenstadion,Nuremberg,Germany,Mexico,Iran,Mexico,Iran,3,1,0,0,0.0,0.0,,fjelstul
WC-2006,2006 FIFA Men's World Cup,mens,2006,M-2006-08,group stage,group stage,Group D,2006-06-11,RheinEnergieStadion,Cologne,Germany,Angola,Portugal,Angola,Portugal,0,1,0,0,0.0,0.0,,fjelstul
WC-2006,2006 FIFA Men's World Cup,mens,2006,M-2006-09,group stage,group stage,Group F,2006-06-12,Fritz-Walter-Stadion,Kaiserslautern,Germany,Australia,Japan,Australia,Japan,3,1,0,0,0.0,0.0,,fjelstul
WC-2006,2006 FIFA Men's World Cup,mens,2006,M-2006-10,group stage,group stage,Group E,2006-06-12,Arena AufShalke,Gelsenkirchen,Germany,United States,Czech Republic,United States,Czech Republic,0,3,0,0,0.0,0.0,,fjelstul
WC-2006,2006 FIFA Men's World Cup,mens,2006,M-2006-11,group stage,group stage,Group E,2006-06-12,Niedersachsenstadion,Hanover,Germany,Italy,Ghana,Italy,Ghana,2,0,0,0,0.0,0.0,,fjelstul
WC-2006,2006 FIFA Men's World Cup,mens,2006,M-2006-12,group stage,group stage,Group G,2006-06-13,Waldstadion,Frankfurt,Germany,South Korea,Togo,South Korea,Togo,2,1,0,0,0.0,0.0,,fjelstul
WC-2006,2006 FIFA Men's World Cup,mens,2006,M-2006-13,group stage,group stage,Group G,2006-06-13,Neckarstadion,Stuttgart,Germany,France,Switzerland,France,Switzerland,0,0,0,0,0.0,0.0,,fjelstul
WC-2006,2006 FIFA Men's World Cup,mens,2006,M-2006-14,group stage,group stage,Group F,2006-06-13,Olympiastadion,Berlin,Germany,Brazil,Croatia,Brazil,Croatia,1,0,0,0,0.0,0.0,,fjelstul
WC-2006,2006 FIFA Men's World Cup,mens,2006,M-2006-15,group stage,group stage,Group H,2006-06-14,Zentralstadion,Leipzig,Germany,Spain,Ukraine,Spain,Ukraine,4,0,0,0,0.0,0.0,,fjelstul
WC-2006,2006 FIFA Men's World Cup,mens,2006,M-2006-16,group stage,group stage,Group H,2006-06-14,Allianz Arena,Munich,Germany,Tunisia,Saudi Arabia,Tunisia,Saudi Arabia,2,2,0,0,0.0,0.0,,fjelstul
WC-2006,2006 FIFA Men's World Cup,mens,2006,M-2006-17,group stage,group stage,Group A,2006-06-14,Westfalenstadion,Dortmund,Germany,Germany,Poland,Germany,Poland,1,0,0,0,0.0,0.0,,fjelstul
WC-2006,2006 FIFA Men's World Cup,mens,2006,M-2006-18,group stage,group stage,Group A,2006-06-15,Volksparkstadion,Hamburg,Germany,Ecuador,Costa Rica,Ecuador,Costa Rica,3,0,0,0,0.0,0.0,,fjelstul
WC-2006,2006 FIFA Men's World Cup,mens,2006,M-2006-19,group stage,group stage,Group B,2006-06-15,Frankenstadion,Nuremberg,Germany,England,Trinidad and Tobago,England,Trinidad and Tobago,2,0,0,0,0.0,0.0,,fjelstul
WC-2006,2006 FIFA Men's World Cup,mens,2006,M-2006-20,group stage,group stage,Group B,2006-06-15,Olympiastadion,Berlin,Germany,Sweden,Paraguay,Sweden,Paraguay,1,0,0,0,0.0,0.0,,fjelstul
WC-2006,2006 FIFA Men's World Cup,mens,2006,M-2006-21,group stage,group stage,Group C,2006-06-16,Arena AufShalke,Gelsenkirchen,Germany,Argentina,Serbia and Montenegro,Argentina,Serbia,6,0,0,0,0.0,0.0,,fjelstul
WC-2006,2006 FIFA Men's World Cup,mens,2006,M-2006-22,group stage,group stage,Group C,2006-06-16,Neckarstadion,Stuttgart,Germany,Netherlands,Ivory Coast,Netherlands,Ivory Coast,2,1,0,0,0.0,0.0,,fjelstul
WC-2006,2006 FIFA Men's World Cup,mens,2006,M-2006-23,group stage,group stage,Group D,2006-06-16,Niedersachsenstadion,Hanover,Germany,Mexico,Angola,Mexico,Angola,0,0,0,0,0.0,0.0,,fjelstul
WC-2006,2006 FIFA Men's World Cup,mens,2006,M-2006-24,group stage,group stage,Group D,2006-06-17,Waldstadion,Frankfurt,Germany,Portugal,Iran,Portugal,Iran,2,0,0,0,0.0,0.0,,fjelstul
WC-2006,2006 FIFA Men's World Cup,mens,2006,M-2006-25,group stage,group stage,Group E,2006-06-17,RheinEnergieStadion,Cologne,Germany,Czech Republic,Ghana,Czech Republic,Ghana,0,2,0,0,0.0,0.0,,fjelstul
WC-2006,2006 FIFA Men's World Cup,mens,2006,M-2006-26,group stage,group stage,Group E,2006-06-17,Fritz-Walter-Stadion,Kaiserslautern,Germany,Italy,United States,Italy,United States,1,1,0,0,0.0,0.0,,fjelstul
WC-2006,2006 FIFA Men's World Cup,mens,2006,M-2006-27,group stage,group stage,Group F,2006-06-18,Frankenstadion,Nuremberg,Germany,Japan,Croatia,Japan,Croatia,0,0,0,0,0.0,0.0,,fjelstul
WC-2006,2006 FIFA Men's World Cup,mens,2006,M-2006-28,group stage,group stage,Group F,2006-06-18,Allianz Arena,Munich,Germany,Brazil,Australia,Brazil,Australia,2,0,0,0,0.0,0.0,,fjelstul
WC-2006,2006 FIFA Men's World Cup,mens,2006,M-2006-29,group stage,group stage,Group G,2006-06-18,Zentralstadion,Leipzig,Germany,France,South Korea,France,South Korea,1,1,0,0,0.0,0.0,,fjelstul
WC-2006,2006 FIFA Men's World Cup,mens,2006,M-2006-30,group stage,group stage,Group G,2006-06-19,Westfalenstadion,Dortmund,Germany,Togo,Switzerland,Togo,Switzerland,0,2,0,0,0.0,0.0,,fjelstul
WC-2006,2006 FIFA Men's World Cup,mens,2006,M-2006-31,group stage,group stage,Group H,2006-06-19,Volksparkstadion,Hamburg,Germany,Saudi Arabia,Ukraine,Saudi Arabia,Ukraine,0,4,0,0,0.0,0.0,,fjelstul
WC-2006,2006 FIFA Men's World Cup,mens,2006,M-2006-32,group stage,group stage,Group H,2006-06-19,Neckarstadion,Stuttgart,Germany,Spain,Tunisia,Spain,Tunisia,3,1,0,0,0.0,0.0,,fjelstul
WC-2006,2006 FIFA Men's World Cup,mens,2006,M-2006-33,group stage,group stage,Group A,2006-06-20,Niedersachsenstadion,Hanover,Germany,Costa Rica,Poland,Costa Rica,Poland,1,2,0,0,0.0,0.0,,fjelstul
WC-2006,2006 FIFA Men's World Cup,mens,2006,M-2006-34,group stage,group stage,Group A,2006-06-20,Olympiastadion,Berlin,Germany,Ecuador,Germany,Ecuador,Germany,0,3,0,0,0.0,0.0,,fjelstul
WC-2006,2006 FIFA Men's World Cup,mens,2006,M-2006-35,group stage,group stage,Group B,2006-06-20,Fritz-Walter-Stadion,Kaiserslautern,Germany,Paraguay,Trinidad and Tobago,Paraguay,Trinidad and Tobago,2,0,0,0,0.0,0.0,,fjelstul
WC-2006,2006 FIFA Men's World Cup,mens,2006,M-2006-36,group stage,group stage,Group B,2006-06-20,RheinEnergieStadion,Cologne,Germany,Sweden,England,Sweden,England,2,2,0,0,0.0,0.0,,fjelstul
WC-2006,2006 FIFA Men's World Cup,mens,2006,M-2006-37,group stage,group stage,Group D,2006-06-21,Zentralstadion,Leipzig,Germany,Iran,Angola,Iran,Angola,1,1,0,0,0.0,0.0,,fjelstul
WC-2006,2006 FIFA Men's World Cup,mens,2006,M-2006-38,group stage,group stage,Group D,2006-06-21,Arena AufShalke,Gelsenkirchen,Germany,Portugal,Mexico,Portugal,Mexico,2,1,0,0,0.0,0.0,,fjelstul
WC-2006,2006 FIFA Men's World Cup,mens,2006,M-2006-39,group stage,group stage,Group C,2006-06-21,Allianz Arena,Munich,Germany,Ivory Coast,Serbia and Montenegro,Ivory Coast,Serbia,3,2,0,0,0.0,0.0,,fjelstul
WC-2006,2006 FIFA Men's World Cup,mens,2006,M-2006-40,group stage,group stage,Group C,2006-06-21,Waldstadion,Frankfurt,Germany,Netherlands,Argentina,Netherlands,Argentina,0,0,0,0,0.0,0.0,,fjelstul
WC-2006,2006 FIFA Men's World Cup,mens,2006,M-2006-41,group stage,group stage,Group E,2006-06-22,Volksparkstadion,Hamburg,Germany,Czech Republic,Italy,Czech Republic,Italy,0,2,0,0,0.0,0.0,,fjelstul
WC-2006,2006 FIFA Men's World Cup,mens,2006,M-2006-42,group stage,group stage,Group E,2006-06-22,Frankenstadion,Nuremberg,Germany,Ghana,United States,Ghana,United States,2,1,0,0,0.0,0.0,,fjelstul
WC-2006,2006 FIFA Men's World Cup,mens,2006,M-2006-43,group stage,group stage,Group F,2006-06-22,Neckarstadion,Stuttgart,Germany,Croatia,Australia,Croatia,Australia,2,2,0,0,0.0,0.0,,fjelstul
WC-2006,2006 FIFA Men's World Cup,mens,2006,M-2006-44,group stage,group stage,Group F,2006-06-22,Westfalenstadion,Dortmund,Germany,Japan,Brazil,Japan,Brazil,1,4,0,0,0.0,0.0,,fjelstul
WC-2006,2006 FIFA Men's World Cup,mens,2006,M-2006-45,group stage,group stage,Group H,2006-06-23,Fritz-Walter-Stadion,Kaiserslautern,Germany,Saudi Arabia,Spain,Saudi Arabia,Spain,0,1,0,0,0.0,0.0,,fjelstul
WC-2006,2006 FIFA Men's World Cup,mens,2006,M-2006-46,group stage,group stage,Group H,2006-06-23,Olympiastadion,Berlin,Germany,Ukraine,Tunisia,Ukraine,Tunisia,1,0,0,0,0.0,0.0,,fjelstul
WC-2006,2006 FIFA Men's World Cup,mens,2006,M-2006-47,group stage,group stage,Group G,2006-06-23,Niedersachsenstadion,Hanover,Germany,Switzerland,South Korea,Switzerland,South Korea,2,0,0,0,0.0,0.0,,fjelstul
WC-2006,2006 FIFA Men's World Cup,mens,2006,M-2006-48,group stage,group stage,Group G,2006-06-23,RheinEnergieStadion,Cologne,Germany,Togo,France,Togo,France,0,2,0,0,0.0,0.0,,fjelstul
WC-2006,2006 FIFA Men's World Cup,mens,2006,M-2006-49,round of 16,round of 16,not applicable,2006-06-24,Allianz Arena,Munich,Germany,Germany,Sweden,Germany,Sweden,2,0,0,0,0.0,0.0,,fjelstul
WC-2006,2006 FIFA Men's World Cup,mens,2006,M-2006-50,round of 16,round of 16,not applicable,2006-06-24,Zentralstadion,Leipzig,Germany,Argentina,Mexico,Argentina,Mexico,2,1,1,0,0.0,0.0,,fjelstul
WC-2006,2006 FIFA Men's World Cup,mens,2006,M-2006-51,round of 16,round of 16,not applicable,2006-06-25,Neckarstadion,Stuttgart,Germany,England,Ecuador,England,Ecuador,1,0,0,0,0.0,0.0,,fjelstul
WC-2006,2006 FIFA Men's World Cup,mens,2006,M-2006-52,round of 16,round of 16,not applicable,2006-06-25,Frankenstadion,Nuremberg,Germany,Portugal,Netherlands,Portugal,Netherlands,1,0,0,0,0.0,0.0,,fjelstul
WC-2006,2006 FIFA Men's World Cup,mens,2006,M-2006-53,round of 16,round of 16,not applicable,2006-06-26,Fritz-Walter-Stadion,Kaiserslautern,Germany,Italy,Australia,Italy,Australia,1,0,0,0,0.0,0.0,,fjelstul
WC-2006,2006 FIFA Men's World Cup,mens,2006,M-2006-54,round of 16,round of 16,not applicable,2006-06-26,RheinEnergieStadion,Cologne,Germany,Switzerland,Ukraine,Switzerland,Ukraine,0,0,1,1,0.0,3.0,,fjelstul
WC-2006,2006 FIFA Men's World Cup,mens,2006,M-2006-55,round of 16,round of 16,not applicable,2006-06-27,Westfalenstadion,Dortmund,Germany,Brazil,Ghana,Brazil,Ghana,3,0,0,0,0.0,0.0,,fjelstul
WC-2006,2006 FIFA Men's World Cup,mens,2006,M-2006-56,round of 16,round of 16,not applicable,2006-06-27,Niedersachsenstadion,Hanover,Germany,Spain,France,Spain,France,1,3,0,0,0.0,0.0,,fjelstul
WC-2006,2006 FIFA Men's World Cup,mens,2006,M-2006-57,quarter-finals,quarter-finals,not applicable,2006-06-30,Olympiastadion,Berlin,Germany,Germany,Argentina,Germany,Argentina,1,1,1,1,4.0,2.0,,fjelstul
WC-2006,2006 FIFA Men's World Cup,mens,2006,M-2006-58,quarter-finals,quarter-finals,not applicable,2006-06-30,Volksparkstadion,Hamburg,Germany,Italy,Ukraine,Italy,Ukraine,3,0,0,0,0.0,0.0,,fjelstul
WC-2006,2006 FIFA Men's World Cup,mens,2006,M-2006-59,quarter-finals,quarter-finals,not applicable,2006-07-01,Arena AufShalke,Gelsenkirchen,Germany,England,Portugal,England,Portugal,0,0,1,1,1.0,3.0,,fjelstul
WC-2006,2006 FIFA Men's World Cup,mens,2006,M-2006-60,quarter-finals,quarter-finals,not applicable,2006-07-01,Waldstadion,Frankfurt,Germany,Brazil,France,Brazil,France,0,1,0,0,0.0,0.0,,fjelstul
WC-2006,2006 FIFA Men's World Cup,mens,2006,M-2006-61,semi-finals,semi-finals,not applicable,2006-07-04,Westfalenstadion,Dortmund,Germany,Germany,Italy,Germany,Italy,0,2,1,0,0.0,0.0,,fjelstul
WC-2006,2006 FIFA Men's World Cup,mens,2006,M-2006-62,semi-finals,semi-finals,not applicable,2006-07-05,Allianz Arena,Munich,Germany,Portugal,France,Portugal,France,0,1,0,0,0.0,0.0,,fjelstul
WC-2006,2006 FIFA Men's World Cup,mens,2006,M-2006-63,third-place match,third-place match,not applicable,2006-07-08,Neckarstadion,Stuttgart,Germany,Germany,Portugal,Germany,Portugal,3,1,0,0,0.0,0.0,,fjelstul
WC-2006,2006 FIFA Men's World Cup,mens,2006,M-2006-64,final,final,not applicable,2006-07-09,Olympiastadion,Berlin,Germany,Italy,France,Italy,France,1,1,1,1,5.0,3.0,,fjelstul
WC-2007,2007 FIFA Women's World Cup,womens,2007,M-2007-01,group stage,group stage,Group A,2007-09-10,Hongkou Football Stadium,Shanghai,China,Germany,Argentina,Germany,Argentina,11,0,0,0,0.0,0.0,,fjelstul
WC-2007,2007 FIFA Women's World Cup,womens,2007,M-2007-02,group stage,group stage,Group B,2007-09-11,Chengdu Sports Center,Chengdu,China,United States,North Korea,United States,North Korea,2,2,0,0,0.0,0.0,,fjelstul
WC-2007,2007 FIFA Women's World Cup,womens,2007,M-2007-03,group stage,group stage,Group A,2007-09-11,Hongkou Football Stadium,Shanghai,China,Japan,England,Japan,England,2,2,0,0,0.0,0.0,,fjelstul
WC-2007,2007 FIFA Women's World Cup,womens,2007,M-2007-04,group stage,group stage,Group B,2007-09-11,Chengdu Sports Center,Chengdu,China,Nigeria,Sweden,Nigeria,Sweden,1,1,0,0,0.0,0.0,,fjelstul
WC-2007,2007 FIFA Women's World Cup,womens,2007,M-2007-05,group stage,group stage,Group C,2007-09-12,Yellow Dragon Sports Center,Hangzhou,China,Ghana,Australia,Ghana,Australia,1,4,0,0,0.0,0.0,,fjelstul
WC-2007,2007 FIFA Women's World Cup,womens,2007,M-2007-06,group stage,group stage,Group D,2007-09-12,Wuhan Sports Center,Wuhan,China,New Zealand,Brazil,New Zealand,Brazil,0,5,0,0,0.0,0.0,,fjelstul
WC-2007,2007 FIFA Women's World Cup,womens,2007,M-2007-07,group stage,group stage,Group C,2007-09-12,Yellow Dragon Sports Center,Hangzhou,China,Norway,Canada,Norway,Canada,2,1,0,0,0.0,0.0,,fjelstul
WC-2007,2007 FIFA Women's World Cup,womens,2007,M-2007-08,group stage,group stage,Group D,2007-09-12,Wuhan Sports Center,Wuhan,China,China,Denmark,China,Denmark,3,2,0,0,0.0,0.0,,fjelstul
WC-2007,2007 FIFA Women's World Cup,womens,2007,M-2007-09,group stage,group stage,Group A,2007-09-14,Hongkou Football Stadium,Shanghai,China,Argentina,Japan,Argentina,Japan,0,1,0,0,0.0,0.0,,fjelstul
WC-2007,2007 FIFA Women's World Cup,womens,2007,M-2007-10,group stage,group stage,Group B,2007-09-14,Chengdu Sports Center,Chengdu,China,Sweden,United States,Sweden,United States,0,2,0,0,0.0,0.0,,fjelstul
WC-2007,2007 FIFA Women's World Cup,womens,2007,M-2007-11,group stage,group stage,Group A,2007-09-14,Hongkou Football Stadium,Shanghai,China,England,Germany,England,Germany,0,0,0,0,0.0,0.0,,fjelstul
WC-2007,2007 FIFA Women's World Cup,womens,2007,M-2007-12,group stage,group stage,Group B,2007-09-14,Chengdu Sports Center,Chengdu,China,North Korea,Nigeria,North Korea,Nigeria,2,0,0,0,0.0,0.0,,fjelstul
WC-2007,2007 FIFA Women's World Cup,womens,2007,M-2007-13,group stage,group stage,Group C,2007-09-15,Yellow Dragon Sports Center,Hangzhou,China,Canada,Ghana,Canada,Ghana,4,0,0,0,0.0,0.0,,fjelstul
WC-2007,2007 FIFA Women's World Cup,womens,2007,M-2007-14,group stage,group stage,Group D,2007-09-15,Wuhan Sports Center,Wuhan,China,Denmark,New Zealand,Denmark,New Zealand,2,0,0,0,0.0,0.0,,fjelstul
WC-2007,2007 FIFA Women's World Cup,womens,2007,M-2007-15,group stage,group stage,Group C,2007-09-15,Yellow Dragon Sports Center,Hangzhou,China,Australia,Norway,Australia,Norway,1,1,0,0,0.0,0.0,,fjelstul
WC-2007,2007 FIFA Women's World Cup,womens,2007,M-2007-16,group stage,group stage,Group D,2007-09-15,Wuhan Sports Center,Wuhan,China,Brazil,China,Brazil,China,4,0,0,0,0.0,0.0,,fjelstul
WC-2007,2007 FIFA Women's World Cup,womens,2007,M-2007-17,group stage,group stage,Group A,2007-09-17,Chengdu Sports Center,Chengdu,China,England,Argentina,England,Argentina,6,1,0,0,0.0,0.0,,fjelstul
WC-2007,2007 FIFA Women's World Cup,womens,2007,M-2007-18,group stage,group stage,Group A,2007-09-17,Yellow Dragon Sports Center,Hangzhou,China,Germany,Japan,Germany,Japan,2,0,0,0,0.0,0.0,,fjelstul
WC-2007,2007 FIFA Women's World Cup,womens,2007,M-2007-19,group stage,group stage,Group B,2007-09-18,Hongkou Football Stadium,Shanghai,China,Nigeria,United States,Nigeria,United States,0,1,0,0,0.0,0.0,,fjelstul
WC-2007,2007 FIFA Women's World Cup,womens,2007,M-2007-20,group stage,group stage,Group B,2007-09-18,Tianjin Olympic Center,Tianjin,China,North Korea,Sweden,North Korea,Sweden,1,2,0,0,0.0,0.0,,fjelstul
WC-2007,2007 FIFA Women's World Cup,womens,2007,M-2007-21,group stage,group stage,Group C,2007-09-20,Yellow Dragon Sports Center,Hangzhou,China,Australia,Canada,Australia,Canada,2,2,0,0,0.0,0.0,,fjelstul
WC-2007,2007 FIFA Women's World Cup,womens,2007,M-2007-22,group stage,group stage,Group C,2007-09-20,Yellow Dragon Sports Center,Hangzhou,China,Norway,Ghana,Norway,Ghana,7,2,0,0,0.0,0.0,,fjelstul
WC-2007,2007 FIFA Women's World Cup,womens,2007,M-2007-23,group stage,group stage,Group D,2007-09-20,Yellow Dragon Sports Center,Hangzhou,China,Brazil,Denmark,Brazil,Denmark,1,0,0,0,0.0,0.0,,fjelstul
WC-2007,2007 FIFA Women's World Cup,womens,2007,M-2007-24,group stage,group stage,Group D,2007-09-20,Tianjin Olympic Center,Tianjin,China,China,New Zealand,China,New Zealand,2,0,0,0,0.0,0.0,,fjelstul
WC-2007,2007 FIFA Women's World Cup,womens,2007,M-2007-25,quarter-final,quarter-finals,not applicable,2007-09-22,Wuhan Sports Center,Wuhan,China,Germany,North Korea,Germany,North Korea,3,0,0,0,0.0,0.0,,fjelstul
WC-2007,2007 FIFA Women's World Cup,womens,2007,M-2007-26,quarter-final,quarter-finals,not applicable,2007-09-22,Tianjin Olympic Center,Tianjin,China,United States,England,United States,England,3,0,0,0,0.0,0.0,,fjelstul
WC-2007,2007 FIFA Women's World Cup,womens,2007,M-2007-27,quarter-final,quarter-finals,not applicable,2007-09-23,Wuhan Sports Center,Wuhan,China,Norway,China,Norway,China,1,0,0,0,0.0,0.0,,fjelstul
WC-2007,2007 FIFA Women's World Cup,womens,2007,M-2007-28,quarter-final,quarter-finals,not applicable,2007-09-23,Tianjin Olympic Center,Tianjin,China,Brazil,Australia,Brazil,Australia,3,2,0,0,0.0,0.0,,fjelstul
WC-2007,2007 FIFA Women's World Cup,womens,2007,M-2007-29,semi-final,semi-finals,not applicable,2007-09-26,Tianjin Olympic Center,Tianjin,China,Germany,Norway,Germany,Norway,3,0,0,0,0.0,0.0,,fjelstul
WC-2007,2007 FIFA Women's World Cup,womens,2007,M-2007-30,semi-final,semi-finals,not applicable,2007-09-27,Yellow Dragon Sports Center,Hangzhou,China,United States,Brazil,United States,Brazil,0,4,0,0,0.0,0.0,,fjelstul
WC-2007,2007 FIFA Women's World Cup,womens,2007,M-2007-31,third-place match,third-place match,not applicable,2007-09-30,Hongkou Football Stadium,Shanghai,China,Norway,United States,Norway,United States,1,4,0,0,0.0,0.0,,fjelstul
WC-2007,2007 FIFA Women's World Cup,womens,2007,M-2007-32,final,final,not applicable,2007-09-30,Hongkou Football Stadium,Shanghai,China,Germany,Brazil,Germany,Brazil,2,0,0,0,0.0,0.0,,fjelstul
WC-2010,2010 FIFA Men's World Cup,mens,2010,M-2010-01,group stage,group stage,Group A,2010-06-11,Soccer City,Johannesburg,South Africa,South Africa,Mexico,South Africa,Mexico,1,1,0,0,0.0,0.0,,fjelstul
WC-2010,2010 FIFA Men's World Cup,mens,2010,M-2010-02,group stage,group stage,Group A,2010-06-11,Cape Town Stadium,Cape Town,South Africa,Uruguay,France,Uruguay,France,0,0,0,0,0.0,0.0,,fjelstul
WC-2010,2010 FIFA Men's World Cup,mens,2010,M-2010-03,group stage,group stage,Group B,2010-06-12,Nelson Mandela Bay Stadium,Port Elizabeth,South Africa,South Korea,Greece,South Korea,Greece,2,0,0,0,0.0,0.0,,fjelstul
WC-2010,2010 FIFA Men's World Cup,mens,2010,M-2010-04,group stage,group stage,Group B,2010-06-12,Ellis Park Stadium,Johannesburg,South Africa,Argentina,Nigeria,Argentina,Nigeria,1,0,0,0,0.0,0.0,,fjelstul
WC-2010,2010 FIFA Men's World Cup,mens,2010,M-2010-05,group stage,group stage,Group C,2010-06-12,Royal Bafokeng Stadium,Rustenburg,South Africa,England,United States,England,United States,1,1,0,0,0.0,0.0,,fjelstul
WC-2010,2010 FIFA Men's World Cup,mens,2010,M-2010-06,group stage,group stage,Group C,2010-06-13,Peter Mokaba Stadium,Polokwane,South Africa,Algeria,Slovenia,Algeria,Slovenia,0,1,0,0,0.0,0.0,,fjelstul
WC-2010,2010 FIFA Men's World Cup,mens,2010,M-2010-07,group stage,group stage,Group D,2010-06-13,Loftus Versfeld Stadium,Pretoria,South Africa,Serbia,Ghana,Serbia,Ghana,0,1,0,0,0.0,0.0,,fjelstul
WC-2010,2010 FIFA Men's World Cup,mens,2010,M-2010-08,group stage,group stage,Group D,2010-06-13,Moses Mabhida Stadium,Durban,South Africa,Germany,Australia,Germany,Australia,4,0,0,0,0.0,0.0,,fjelstul
WC-2010,2010 FIFA Men's World Cup,mens,2010,M-2010-09,group stage,group stage,Group E,2010-06-14,Soccer City,Johannesburg,South Africa,Netherlands,Denmark,Netherlands,Denmark,2,0,0,0,0.0,0.0,,fjelstul
WC-2010,2010 FIFA Men's World Cup,mens,2010,M-2010-10,group stage,group stage,Group E,2010-06-14,Free State Stadium,Bloemfontein,South Africa,Japan,Cameroon,Japan,Cameroon,1,0,0,0,0.0,0.0,,fjelstul
WC-2010,2010 FIFA Men's World Cup,mens,2010,M-2010-11,group stage,group stage,Group F,2010-06-14,Cape Town Stadium,Cape Town,South Africa,Italy,Paraguay,Italy,Paraguay,1,1,0,0,0.0,0.0,,fjelstul
WC-2010,2010 FIFA Men's World Cup,mens,2010,M-2010-12,group stage,group stage,Group F,2010-06-15,Royal Bafokeng Stadium,Rustenburg,South Africa,New Zealand,Slovakia,New Zealand,Slovakia,1,1,0,0,0.0,0.0,,fjelstul
WC-2010,2010 FIFA Men's World Cup,mens,2010,M-2010-13,group stage,group stage,Group G,2010-06-15,Nelson Mandela Bay Stadium,Port Elizabeth,South Africa,Ivory Coast,Portugal,Ivory Coast,Portugal,0,0,0,0,0.0,0.0,,fjelstul
WC-2010,2010 FIFA Men's World Cup,mens,2010,M-2010-14,group stage,group stage,Group G,2010-06-15,Ellis Park Stadium,Johannesburg,South Africa,Brazil,North Korea,Brazil,North Korea,2,1,0,0,0.0,0.0,,fjelstul
WC-2010,2010 FIFA Men's World Cup,mens,2010,M-2010-15,group stage,group stage,Group H,2010-06-16,Mbombela Stadium,Nelspruit,South Africa,Honduras,Chile,Honduras,Chile,0,1,0,0,0.0,0.0,,fjelstul
WC-2010,2010 FIFA Men's World Cup,mens,2010,M-2010-16,group stage,group stage,Group H,2010-06-16,Moses Mabhida Stadium,Durban,South Africa,Spain,Switzerland,Spain,Switzerland,0,1,0,0,0.0,0.0,,fjelstul
WC-2010,2010 FIFA Men's World Cup,mens,2010,M-2010-17,group stage,group stage,Group A,2010-06-16,Loftus Versfeld Stadium,Pretoria,South Africa,South Africa,Uruguay,South Africa,Uruguay,0,3,0,0,0.0,0.0,,fjelstul
WC-2010,2010 FIFA Men's World Cup,mens,2010,M-2010-18,group stage,group stage,Group B,2010-06-17,Soccer City,Johannesburg,South Africa,Argentina,South Korea,Argentina,South Korea,4,1,0,0,0.0,0.0,,fjelstul
WC-2010,2010 FIFA Men's World Cup,mens,2010,M-2010-19,group stage,group stage,Group B,2010-06-17,Free State Stadium,Bloemfontein,South Africa,Greece,Nigeria,Greece,Nigeria,2,1,0,0,0.0,0.0,,fjelstul
WC-2010,2010 FIFA Men's World Cup,mens,2010,M-2010-20,group stage,group stage,Group A,2010-06-17,Peter Mokaba Stadium,Polokwane,South Africa,France,Mexico,France,Mexico,0,2,0,0,0.0,0.0,,fjelstul
WC-2010,2010 FIFA Men's World Cup,mens,2010,M-2010-21,group stage,group stage,Group D,2010-06-18,Nelson Mandela Bay Stadium,Port Elizabeth,South Africa,Germany,Serbia,Germany,Serbia,0,1,0,0,0.0,0.0,,fjelstul
WC-2010,2010 FIFA Men's World Cup,mens,2010,M-2010-22,group stage,group stage,Group C,2010-06-18,Ellis Park Stadium,Johannesburg,South Africa,Slovenia,United States,Slovenia,United States,2,2,0,0,0.0,0.0,,fjelstul
WC-2010,2010 FIFA Men's World Cup,mens,2010,M-2010-23,group stage,group stage,Group C,2010-06-18,Cape Town Stadium,Cape Town,South Africa,England,Algeria,England,Algeria,0,0,0,0,0.0,0.0,,fjelstul
WC-2010,2010 FIFA Men's World Cup,mens,2010,M-2010-24,group stage,group stage,Group E,2010-06-19,Moses Mabhida Stadium,Durban,South Africa,Netherlands,Japan,Netherlands,Japan,1,0,0,0,0.0,0.0,,fjelstul
WC-2010,2010 FIFA Men's World Cup,mens,2010,M-2010-25,group stage,group stage,Group D,2010-06-19,Royal Bafokeng Stadium,Rustenburg,South Africa,Ghana,Australia,Ghana,Australia,1,1,0,0,0.0,0.0,,fjelstul
WC-2010,2010 FIFA Men's World Cup,mens,2010,M-2010-26,group stage,group stage,Group E,2010-06-19,Loftus Versfeld Stadium,Pretoria,South Africa,Cameroon,Denmark,Cameroon,Denmark,1,2,0,0,0.0,0.0,,fjelstul
WC-2010,2010 FIFA Men's World Cup,mens,2010,M-2010-27,group stage,group stage,Group F,2010-06-20,Free State Stadium,Bloemfontein,South Africa,Slovakia,Paraguay,Slovakia,Paraguay,0,2,0,0,0.0,0.0,,fjelstul
WC-2010,2010 FIFA Men's World Cup,mens,2010,M-2010-28,group stage,group stage,Group F,2010-06-20,Mbombela Stadium,Nelspruit,South Africa,Italy,New Zealand,Italy,New Zealand,1,1,0,0,0.0,0.0,,fjelstul
WC-2010,2010 FIFA Men's World Cup,mens,2010,M-2010-29,group stage,group stage,Group G,2010-06-20,Soccer City,Johannesburg,South Africa,Brazil,Ivory Coast,Brazil,Ivory Coast,3,1,0,0,0.0,0.0,,fjelstul
WC-2010,2010 FIFA Men's World Cup,mens,2010,M-2010-30,group stage,group stage,Group G,2010-06-21,Cape Town Stadium,Cape Town,South Africa,Portugal,North Korea,Portugal,North Korea,7,0,0,0,0.0,0.0,,fjelstul
WC-2010,2010 FIFA Men's World Cup,mens,2010,M-2010-31,group stage,group stage,Group H,2010-06-21,Nelson Mandela Bay Stadium,Port Elizabeth,South Africa,Chile,Switzerland,Chile,Switzerland,1,0,0,0,0.0,0.0,,fjelstul
WC-2010,2010 FIFA Men's World Cup,mens,2010,M-2010-32,group stage,group stage,Group H,2010-06-21,Ellis Park Stadium,Johannesburg,South Africa,Spain,Honduras,Spain,Honduras,2,0,0,0,0.0,0.0,,fjelstul
WC-2010,2010 FIFA Men's World Cup,mens,2010,M-2010-33,group stage,group stage,Group A,2010-06-22,Free State Stadium,Bloemfontein,South Africa,France,South Africa,France,South Africa,1,2,0,0,0.0,0.0,,fjelstul
WC-2010,2010 FIFA Men's World Cup,mens,2010,M-2010-34,group stage,group stage,Group A,2010-06-22,Royal Bafokeng Stadium,Rustenburg,South Africa,Mexico,Uruguay,Mexico,Uruguay,0,1,0,0,0.0,0.0,,fjelstul
WC-2010,2010 FIFA Men's World Cup,mens,2010,M-2010-35,group stage,group stage,Group B,2010-06-22,Peter Mokaba Stadium,Polokwane,South Africa,Greece,Argentina,Greece,Argentina,0,2,0,0,0.0,0.0,,fjelstul
WC-2010,2010 FIFA Men's World Cup,mens,2010,M-2010-36,group stage,group stage,Group B,2010-06-22,Moses Mabhida Stadium,Durban,South Africa,Nigeria,South Korea,Nigeria,South Korea,2,2,0,0,0.0,0.0,,fjelstul
WC-2010,2010 FIFA Men's World Cup,mens,2010,M-2010-37,group stage,group stage,Group C,2010-06-23,Nelson Mandela Bay Stadium,Port Elizabeth,South Africa,Slovenia,England,Slovenia,England,0,1,0,0,0.0,0.0,,fjelstul
WC-2010,2010 FIFA Men's World Cup,mens,2010,M-2010-38,group stage,group stage,Group C,2010-06-23,Loftus Versfeld Stadium,Pretoria,South Africa,United States,Algeria,United States,Algeria,1,0,0,0,0.0,0.0,,fjelstul
WC-2010,2010 FIFA Men's World Cup,mens,2010,M-2010-39,group stage,group stage,Group D,2010-06-23,Mbombela Stadium,Nelspruit,South Africa,Australia,Serbia,Australia,Serbia,2,1,0,0,0.0,0.0,,fjelstul
WC-2010,2010 FIFA Men's World Cup,mens,2010,M-2010-40,group stage,group stage,Group D,2010-06-23,Soccer City,Johannesburg,South Africa,Ghana,Germany,Ghana,Germany,0,1,0,0,0.0,0.0,,fjelstul
WC-2010,2010 FIFA Men's World Cup,mens,2010,M-2010-41,group stage,group stage,Group F,2010-06-24,Peter Mokaba Stadium,Polokwane,South Africa,Paraguay,New Zealand,Paraguay,New Zealand,0,0,0,0,0.0,0.0,,fjelstul
WC-2010,2010 FIFA Men's World Cup,mens,2010,M-2010-42,group stage,group stage,Group F,2010-06-24,Ellis Park Stadium,Johannesburg,South Africa,Slovakia,Italy,Slovakia,Italy,3,2,0,0,0.0,0.0,,fjelstul
WC-2010,2010 FIFA Men's World Cup,mens,2010,M-2010-43,group stage,group stage,Group E,2010-06-24,Cape Town Stadium,Cape Town,South Africa,Cameroon,Netherlands,Cameroon,Netherlands,1,2,0,0,0.0,0.0,,fjelstul
WC-2010,2010 FIFA Men's World Cup,mens,2010,M-2010-44,group stage,group stage,Group E,2010-06-24,Royal Bafokeng Stadium,Rustenburg,South Africa,Denmark,Japan,Denmark,Japan,1,3,0,0,0.0,0.0,,fjelstul
WC-2010,2010 FIFA Men's World Cup,mens,2010,M-2010-45,group stage,group stage,Group G,2010-06-25,Mbombela Stadium,Nelspruit,South Africa,North Korea,Ivory Coast,North Korea,Ivory Coast,0,3,0,0,0.0,0.0,,fjelstul
WC-2010,2010 FIFA Men's World Cup,mens,2010,M-2010-46,group stage,group stage,Group G,2010-06-25,Moses Mabhida Stadium,Durban,South Africa,Portugal,Brazil,Portugal,Brazil,0,0,0,0,0.0,0.0,,fjelstul
WC-2010,2010 FIFA Men's World Cup,mens,2010,M-2010-47,group stage,group stage,Group H,2010-06-25,Loftus Versfeld Stadium,Pretoria,South Africa,Chile,Spain,Chile,Spain,1,2,0,0,0.0,0.0,,fjelstul
WC-2010,2010 FIFA Men's World Cup,mens,2010,M-2010-48,group stage,group stage,Group H,2010-06-25,Free State Stadium,Bloemfontein,South Africa,Switzerland,Honduras,Switzerland,Honduras,0,0,0,0,0.0,0.0,,fjelstul
WC-2010,2010 FIFA Men's World Cup,mens,2010,M-2010-49,round of 16,round of 16,not applicable,2010-06-26,Nelson Mandela Bay Stadium,Port Elizabeth,South Africa,Uruguay,South Korea,Uruguay,South Korea,2,1,0,0,0.0,0.0,,fjelstul
WC-2010,2010 FIFA Men's World Cup,mens,2010,M-2010-50,round of 16,round of 16,not applicable,2010-06-26,Royal Bafokeng Stadium,Rustenburg,South Africa,United States,Ghana,United States,Ghana,1,2,1,0,0.0,0.0,,fjelstul
WC-2010,2010 FIFA Men's World Cup,mens,2010,M-2010-51,round of 16,round of 16,not applicable,2010-06-27,Free State Stadium,Bloemfontein,South Africa,Germany,England,Germany,England,4,1,0,0,0.0,0.0,,fjelstul
WC-2010,2010 FIFA Men's World Cup,mens,2010,M-2010-52,round of 16,round of 16,not applicable,2010-06-27,Soccer City,Johannesburg,South Africa,Argentina,Mexico,Argentina,Mexico,3,1,0,0,0.0,0.0,,fjelstul
WC-2010,2010 FIFA Men's World Cup,mens,2010,M-2010-53,round of 16,round of 16,not applicable,2010-06-28,Moses Mabhida Stadium,Durban,South Africa,Netherlands,Slovakia,Netherlands,Slovakia,2,1,0,0,0.0,0.0,,fjelstul
WC-2010,2010 FIFA Men's World Cup,mens,2010,M-2010-54,round of 16,round of 16,not applicable,2010-06-28,Ellis Park Stadium,Johannesburg,South Africa,Brazil,Chile,Brazil,Chile,3,0,0,0,0.0,0.0,,fjelstul
WC-2010,2010 FIFA Men's World Cup,mens,2010,M-2010-55,round of 16,round of 16,not applicable,2010-06-29,Loftus Versfeld Stadium,Pretoria,South Africa,Paraguay,Japan,Paraguay,Japan,0,0,1,1,5.0,3.0,,fjelstul
WC-2010,2010 FIFA Men's World Cup,mens,2010,M-2010-56,round of 16,round of 16,not applicable,2010-06-29,Cape Town Stadium,Cape Town,South Africa,Spain,Portugal,Spain,Portugal,1,0,0,0,0.0,0.0,,fjelstul
WC-2010,2010 FIFA Men's World Cup,mens,2010,M-2010-57,quarter-finals,quarter-finals,not applicable,2010-07-02,Nelson Mandela Bay Stadium,Port Elizabeth,South Africa,Netherlands,Brazil,Netherlands,Brazil,2,1,0,0,0.0,0.0,,fjelstul
WC-2010,2010 FIFA Men's World Cup,mens,2010,M-2010-58,quarter-finals,quarter-finals,not applicable,2010-07-02,Soccer City,Johannesburg,South Africa,Uruguay,Ghana,Uruguay,Ghana,1,1,1,1,4.0,2.0,,fjelstul
WC-2010,2010 FIFA Men's World Cup,mens,2010,M-2010-59,quarter-finals,quarter-finals,not applicable,2010-07-03,Cape Town Stadium,Cape Town,South Africa,Argentina,Germany,Argentina,Germany,0,4,0,0,0.0,0.0,,fjelstul
WC-2010,2010 FIFA Men's World Cup,mens,2010,M-2010-60,quarter-finals,quarter-finals,not applicable,2010-07-03,Ellis Park Stadium,Johannesburg,South Africa,Paraguay,Spain,Paraguay,Spain,0,1,0,0,0.0,0.0,,fjelstul
WC-2010,2010 FIFA Men's World Cup,mens,2010,M-2010-61,semi-finals,semi-finals,not applicable,2010-07-06,Cape Town Stadium,Cape Town,South Africa,Uruguay,Netherlands,Uruguay,Netherlands,2,3,0,0,0.0,0.0,,fjelstul
WC-2010,2010 FIFA Men's World Cup,mens,2010,M-2010-62,semi-finals,semi-finals,not applicable,2010-07-07,Moses Mabhida Stadium,Durban,South Africa,Germany,Spain,Germany,Spain,0,1,0,0,0.0,0.0,,fjelstul
WC-2010,2010 FIFA Men's World Cup,mens,2010,M-2010-63,third-place match,third-place match,not applicable,2010-07-10,Nelson Mandela Bay Stadium,Port Elizabeth,South Africa,Uruguay,Germany,Uruguay,Germany,2,3,0,0,0.0,0.0,,fjelstul
WC-2010,2010 FIFA Men's World Cup,mens,2010,M-2010-64,final,final,not applicable,2010-07-11,Soccer City,Johannesburg,South Africa,Netherlands,Spain,Netherlands,Spain,0,1,1,0,0.0,0.0,,fjelstul
WC-2011,2011 FIFA Women's World Cup,womens,2011,M-2011-01,group stage,group stage,Group A,2011-06-26,Rhein-Neckar-Arena,Sinsheim,Germany,Nigeria,France,Nigeria,France,0,1,0,0,0.0,0.0,,fjelstul
WC-2011,2011 FIFA Women's World Cup,womens,2011,M-2011-02,group stage,group stage,Group A,2011-06-26,Olympiastadion,Berlin,Germany,Germany,Canada,Germany,Canada,2,1,0,0,0.0,0.0,,fjelstul
WC-2011,2011 FIFA Women's World Cup,womens,2011,M-2011-03,group stage,group stage,Group B,2011-06-27,Ruhrstadion,Bochum,Germany,Japan,New Zealand,Japan,New Zealand,2,1,0,0,0.0,0.0,,fjelstul
WC-2011,2011 FIFA Women's World Cup,womens,2011,M-2011-04,group stage,group stage,Group B,2011-06-27,Volkswagen Arena,Wolfsburg,Germany,Mexico,England,Mexico,England,1,1,0,0,0.0,0.0,,fjelstul
WC-2011,2011 FIFA Women's World Cup,womens,2011,M-2011-05,group stage,group stage,Group C,2011-06-28,BayArena,Leverkusen,Germany,Colombia,Sweden,Colombia,Sweden,0,1,0,0,0.0,0.0,,fjelstul
WC-2011,2011 FIFA Women's World Cup,womens,2011,M-2011-06,group stage,group stage,Group C,2011-06-28,Rudolf-Harbig-Stadion,Dresden,Germany,United States,North Korea,United States,North Korea,2,0,0,0,0.0,0.0,,fjelstul
WC-2011,2011 FIFA Women's World Cup,womens,2011,M-2011-07,group stage,group stage,Group D,2011-06-29,Impuls Arena,Augsburg,Germany,Norway,Equatorial Guinea,Norway,Equatorial Guinea,1,0,0,0,0.0,0.0,,fjelstul
WC-2011,2011 FIFA Women's World Cup,womens,2011,M-2011-08,group stage,group stage,Group D,2011-06-29,Borussia-Park,Mönchengladbach,Germany,Brazil,Australia,Brazil,Australia,1,0,0,0,0.0,0.0,,fjelstul
WC-2011,2011 FIFA Women's World Cup,womens,2011,M-2011-09,group stage,group stage,Group A,2011-06-30,Ruhrstadion,Bochum,Germany,Canada,France,Canada,France,0,4,0,0,0.0,0.0,,fjelstul
WC-2011,2011 FIFA Women's World Cup,womens,2011,M-2011-10,group stage,group stage,Group A,2011-06-30,Waldstadion,Frankfurt,Germany,Germany,Nigeria,Germany,Nigeria,1,0,0,0,0.0,0.0,,fjelstul
WC-2011,2011 FIFA Women's World Cup,womens,2011,M-2011-11,group stage,group stage,Group B,2011-07-01,BayArena,Leverkusen,Germany,Japan,Mexico,Japan,Mexico,4,0,0,0,0.0,0.0,,fjelstul
WC-2011,2011 FIFA Women's World Cup,womens,2011,M-2011-12,group stage,group stage,Group B,2011-07-01,Rudolf-Harbig-Stadion,Dresden,Germany,New Zealand,England,New Zealand,England,1,2,0,0,0.0,0.0,,fjelstul
WC-2011,2011 FIFA Women's World Cup,womens,2011,M-2011-13,group stage,group stage,Group C,2011-07-02,Impuls Arena,Augsburg,Germany,North Korea,Sweden,North Korea,Sweden,0,1,0,0,0.0,0.0,,fjelstul
WC-2011,2011 FIFA Women's World Cup,womens,2011,M-2011-14,group stage,group stage,Group C,2011-07-02,Rhein-Neckar-Arena,Sinsheim,Germany,United States,Colombia,United States,Colombia,3,0,0,0,0.0,0.0,,fjelstul
WC-2011,2011 FIFA Women's World Cup,womens,2011,M-2011-15,group stage,group stage,Group D,2011-07-03,Ruhrstadion,Bochum,Germany,Australia,Equatorial Guinea,Australia,Equatorial Guinea,3,2,0,0,0.0,0.0,,fjelstul
WC-2011,2011 FIFA Women's World Cup,womens,2011,M-2011-16,group stage,group stage,Group D,2011-07-03,Volkswagen Arena,Wolfsburg,Germany,Brazil,Norway,Brazil,Norway,3,0,0,0,0.0,0.0,,fjelstul
WC-2011,2011 FIFA Women's World Cup,womens,2011,M-2011-17,group stage,group stage,Group B,2011-07-05,Impuls Arena,Augsburg,Germany,England,Japan,England,Japan,2,0,0,0,0.0,0.0,,fjelstul
WC-2011,2011 FIFA Women's World Cup,womens,2011,M-2011-18,group stage,group stage,Group B,2011-07-05,Rhein-Neckar-Arena,Sinsheim,Germany,New Zealand,Mexico,New Zealand,Mexico,2,2,0,0,0.0,0.0,,fjelstul
WC-2011,2011 FIFA Women's World Cup,womens,2011,M-2011-19,group stage,group stage,Group A,2011-07-05,Rudolf-Harbig-Stadion,Dresden,Germany,Canada,Nigeria,Canada,Nigeria,0,1,0,0,0.0,0.0,,fjelstul
WC-2011,2011 FIFA Women's World Cup,womens,2011,M-2011-20,group stage,group stage,Group A,2011-07-05,Borussia-Park,Mönchengladbach,Germany,France,Germany,France,Germany,2,4,0,0,0.0,0.0,,fjelstul
WC-2011,2011 FIFA Women's World Cup,womens,2011,M-2011-21,group stage,group stage,Group D,2011-07-06,BayArena,Leverkusen,Germany,Australia,Norway,Australia,Norway,2,1,0,0,0.0,0.0,,fjelstul
WC-2011,2011 FIFA Women's World Cup,womens,2011,M-2011-22,group stage,group stage,Group D,2011-07-06,Waldstadion,Frankfurt,Germany,Equatorial Guinea,Brazil,Equatorial Guinea,Brazil,0,3,0,0,0.0,0.0,,fjelstul
WC-2011,2011 FIFA Women's World Cup,womens,2011,M-2011-23,group stage,group stage,Group C,2011-07-06,Ruhrstadion,Bochum,Germany,North Korea,Colombia,North Korea,Colombia,0,0,0,0,0.0,0.0,,fjelstul
WC-2011,2011 FIFA Women's World Cup,womens,2011,M-2011-24,group stage,group stage,Group C,2011-07-06,Volkswagen Arena,Wolfsburg,Germany,Sweden,United States,Sweden,United States,2,1,0,0,0.0,0.0,,fjelstul
WC-2011,2011 FIFA Women's World Cup,womens,2011,M-2011-25,quarter-final,quarter-finals,not applicable,2011-07-09,BayArena,Leverkusen,Germany,England,France,England,France,1,1,1,1,3.0,4.0,,fjelstul
WC-2011,2011 FIFA Women's World Cup,womens,2011,M-2011-26,quarter-final,quarter-finals,not applicable,2011-07-09,Volkswagen Arena,Wolfsburg,Germany,Germany,Japan,Germany,Japan,0,1,1,0,0.0,0.0,,fjelstul
WC-2011,2011 FIFA Women's World Cup,womens,2011,M-2011-27,quarter-final,quarter-finals,not applicable,2011-07-10,Impuls Arena,Augsburg,Germany,Sweden,Australia,Sweden,Australia,3,1,0,0,0.0,0.0,,fjelstul
WC-2011,2011 FIFA Women's World Cup,womens,2011,M-2011-28,quarter-final,quarter-finals,not applicable,2011-07-10,Rudolf-Harbig-Stadion,Dresden,Germany,Brazil,United States,Brazil,United States,2,2,1,1,3.0,5.0,,fjelstul
WC-2011,2011 FIFA Women's World Cup,womens,2011,M-2011-29,semi-final,semi-finals,not applicable,2011-07-13,Borussia-Park,Mönchengladbach,Germany,France,United States,France,United States,1,3,0,0,0.0,0.0,,fjelstul
WC-2011,2011 FIFA Women's World Cup,womens,2011,M-2011-30,semi-final,semi-finals,not applicable,2011-07-13,Waldstadion,Frankfurt,Germany,Japan,Sweden,Japan,Sweden,3,1,0,0,0.0,0.0,,fjelstul
WC-2011,2011 FIFA Women's World Cup,womens,2011,M-2011-31,third-place match,third-place match,not applicable,2011-07-16,Rhein-Neckar-Arena,Sinsheim,Germany,Sweden,France,Sweden,France,2,1,0,0,0.0,0.0,,fjelstul
WC-2011,2011 FIFA Women's World Cup,womens,2011,M-2011-32,final,final,not applicable,2011-07-17,Waldstadion,Frankfurt,Germany,Japan,United States,Japan,United States,2,2,1,1,3.0,1.0,,fjelstul
WC-2014,2014 FIFA Men's World Cup,mens,2014,M-2014-01,group stage,group stage,Group A,2014-06-12,Arena Corinthians,São Paulo,Brazil,Brazil,Croatia,Brazil,Croatia,3,1,0,0,0.0,0.0,,fjelstul
WC-2014,2014 FIFA Men's World Cup,mens,2014,M-2014-02,group stage,group stage,Group A,2014-06-13,Arena das Dunas,Natal,Brazil,Mexico,Cameroon,Mexico,Cameroon,1,0,0,0,0.0,0.0,,fjelstul
WC-2014,2014 FIFA Men's World Cup,mens,2014,M-2014-03,group stage,group stage,Group B,2014-06-13,Arena Fonte Nova,Salvador,Brazil,Spain,Netherlands,Spain,Netherlands,1,5,0,0,0.0,0.0,,fjelstul
WC-2014,2014 FIFA Men's World Cup,mens,2014,M-2014-04,group stage,group stage,Group B,2014-06-13,Arena Pantanal,Cuiabá,Brazil,Chile,Australia,Chile,Australia,3,1,0,0,0.0,0.0,,fjelstul
WC-2014,2014 FIFA Men's World Cup,mens,2014,M-2014-05,group stage,group stage,Group C,2014-06-14,Estádio Mineirão,Belo Horizonte,Brazil,Colombia,Greece,Colombia,Greece,3,0,0,0,0.0,0.0,,fjelstul
WC-2014,2014 FIFA Men's World Cup,mens,2014,M-2014-06,group stage,group stage,Group D,2014-06-14,Estádio Castelão,Fortaleza,Brazil,Uruguay,Costa Rica,Uruguay,Costa Rica,1,3,0,0,0.0,0.0,,fjelstul
WC-2014,2014 FIFA Men's World Cup,mens,2014,M-2014-07,group stage,group stage,Group D,2014-06-14,Arena da Amazônia,Manaus,Brazil,England,Italy,England,Italy,1,2,0,0,0.0,0.0,,fjelstul
WC-2014,2014 FIFA Men's World Cup,mens,2014,M-2014-08,group stage,group stage,Group C,2014-06-14,Arena Pernambuco,Recife,Brazil,Ivory Coast,Japan,Ivory Coast,Japan,2,1,0,0,0.0,0.0,,fjelstul
WC-2014,2014 FIFA Men's World Cup,mens,2014,M-2014-09,group stage,group stage,Group E,2014-06-15,Estádio Nacional,Brasília,Brazil,Switzerland,Ecuador,Switzerland,Ecuador,2,1,0,0,0.0,0.0,,fjelstul
WC-2014,2014 FIFA Men's World Cup,mens,2014,M-2014-10,group stage,group stage,Group E,2014-06-15,Estádio Beira-Rio,Porto Alegre,Brazil,France,Honduras,France,Honduras,3,0,0,0,0.0,0.0,,fjelstul
WC-2014,2014 FIFA Men's World Cup,mens,2014,M-2014-11,group stage,group stage,Group F,2014-06-15,Estádio do Maracanã,Rio de Janeiro,Brazil,Argentina,Bosnia and Herzegovina,Argentina,Bosnia and Herzegovina,2,1,0,0,0.0,0.0,,fjelstul
WC-2014,2014 FIFA Men's World Cup,mens,2014,M-2014-12,group stage,group stage,Group G,2014-06-16,Arena Fonte Nova,Salvador,Brazil,Germany,Portugal,Germany,Portugal,4,0,0,0,0.0,0.0,,fjelstul
WC-2014,2014 FIFA Men's World Cup,mens,2014,M-2014-13,group stage,group stage,Group F,2014-06-16,Arena da Baixada,Curitiba,Brazil,Iran,Nigeria,Iran,Nigeria,0,0,0,0,0.0,0.0,,fjelstul
WC-2014,2014 FIFA Men's World Cup,mens,2014,M-2014-14,group stage,group stage,Group G,2014-06-16,Arena das Dunas,Natal,Brazil,Ghana,United States,Ghana,United States,1,2,0,0,0.0,0.0,,fjelstul
WC-2014,2014 FIFA Men's World Cup,mens,2014,M-2014-15,group stage,group stage,Group H,2014-06-17,Estádio Mineirão,Belo Horizonte,Brazil,Belgium,Algeria,Belgium,Algeria,2,1,0,0,0.0,0.0,,fjelstul
WC-2014,2014 FIFA Men's World Cup,mens,2014,M-2014-16,group stage,group stage,Group A,2014-06-17,Estádio Castelão,Fortaleza,Brazil,Brazil,Mexico,Brazil,Mexico,0,0,0,0,0.0,0.0,,fjelstul
WC-2014,2014 FIFA Men's World Cup,mens,2014,M-2014-17,group stage,group stage,Group H,2014-06-17,Arena Pantanal,Cuiabá,Brazil,Russia,South Korea,Russia,South Korea,1,1,0,0,0.0,0.0,,fjelstul
WC-2014,2014 FIFA Men's World Cup,mens,2014,M-2014-18,group stage,group stage,Group B,2014-06-18,Estádio Beira-Rio,Porto Alegre,Brazil,Australia,Netherlands,Australia,Netherlands,2,3,0,0,0.0,0.0,,fjelstul
WC-2014,2014 FIFA Men's World Cup,mens,2014,M-2014-19,group stage,group stage,Group B,2014-06-18,Estádio do Maracanã,Rio de Janeiro,Brazil,Spain,Chile,Spain,Chile,0,2,0,0,0.0,0.0,,fjelstul
WC-2014,2014 FIFA Men's World Cup,mens,2014,M-2014-20,group stage,group stage,Group A,2014-06-18,Arena da Amazônia,Manaus,Brazil,Cameroon,Croatia,Cameroon,Croatia,0,4,0,0,0.0,0.0,,fjelstul
WC-2014,2014 FIFA Men's World Cup,mens,2014,M-2014-21,group stage,group stage,Group C,2014-06-19,Estádio Nacional,Brasília,Brazil,Colombia,Ivory Coast,Colombia,Ivory Coast,2,1,0,0,0.0,0.0,,fjelstul
WC-2014,2014 FIFA Men's World Cup,mens,2014,M-2014-22,group stage,group stage,Group D,2014-06-19,Arena Corinthians,São Paulo,Brazil,Uruguay,England,Uruguay,England,2,1,0,0,0.0,0.0,,fjelstul
WC-2014,2014 FIFA Men's World Cup,mens,2014,M-2014-23,group stage,group stage,Group C,2014-06-19,Arena das Dunas,Natal,Brazil,Japan,Greece,Japan,Greece,0,0,0,0,0.0,0.0,,fjelstul
WC-2014,2014 FIFA Men's World Cup,mens,2014,M-2014-24,group stage,group stage,Group D,2014-06-20,Arena Pernambuco,Recife,Brazil,Italy,Costa Rica,Italy,Costa Rica,0,1,0,0,0.0,0.0,,fjelstul
WC-2014,2014 FIFA Men's World Cup,mens,2014,M-2014-25,group stage,group stage,Group E,2014-06-20,Arena Fonte Nova,Salvador,Brazil,Switzerland,France,Switzerland,France,2,5,0,0,0.0,0.0,,fjelstul
WC-2014,2014 FIFA Men's World Cup,mens,2014,M-2014-26,group stage,group stage,Group E,2014-06-20,Arena da Baixada,Curitiba,Brazil,Honduras,Ecuador,Honduras,Ecuador,1,2,0,0,0.0,0.0,,fjelstul
WC-2014,2014 FIFA Men's World Cup,mens,2014,M-2014-27,group stage,group stage,Group F,2014-06-21,Estádio Mineirão,Belo Horizonte,Brazil,Argentina,Iran,Argentina,Iran,1,0,0,0,0.0,0.0,,fjelstul
WC-2014,2014 FIFA Men's World Cup,mens,2014,M-2014-28,group stage,group stage,Group G,2014-06-21,Estádio Castelão,Fortaleza,Brazil,Germany,Ghana,Germany,Ghana,2,2,0,0,0.0,0.0,,fjelstul
WC-2014,2014 FIFA Men's World Cup,mens,2014,M-2014-29,group stage,group stage,Group F,2014-06-21,Arena Pantanal,Cuiabá,Brazil,Nigeria,Bosnia and Herzegovina,Nigeria,Bosnia and Herzegovina,1,0,0,0,0.0,0.0,,fjelstul
WC-2014,2014 FIFA Men's World Cup,mens,2014,M-2014-30,group stage,group stage,Group H,2014-06-22,Estádio do Maracanã,Rio de Janeiro,Brazil,Belgium,Russia,Belgium,Russia,1,0,0,0,0.0,0.0,,fjelstul
WC-2014,2014 FIFA Men's World Cup,mens,2014,M-2014-31,group stage,group stage,Group H,2014-06-22,Estádio Beira-Rio,Porto Alegre,Brazil,South Korea,Algeria,South Korea,Algeria,2,4,0,0,0.0,0.0,,fjelstul
WC-2014,2014 FIFA Men's World Cup,mens,2014,M-2014-32,group stage,group stage,Group G,2014-06-22,Arena da Amazônia,Manaus,Brazil,United States,Portugal,United States,Portugal,2,2,0,0,0.0,0.0,,fjelstul
WC-2014,2014 FIFA Men's World Cup,mens,2014,M-2014-33,group stage,group stage,Group B,2014-06-23,Arena da Baixada,Curitiba,Brazil,Australia,Spain,Australia,Spain,0,3,0,0,0.0,0.0,,fjelstul
WC-2014,2014 FIFA Men's World Cup,mens,2014,M-2014-34,group stage,group stage,Group B,2014-06-23,Arena Corinthians,São Paulo,Brazil,Netherlands,Chile,Netherlands,Chile,2,0,0,0,0.0,0.0,,fjelstul
WC-2014,2014 FIFA Men's World Cup,mens,2014,M-2014-35,group stage,group stage,Group A,2014-06-23,Estádio Nacional,Brasília,Brazil,Cameroon,Brazil,Cameroon,Brazil,1,4,0,0,0.0,0.0,,fjelstul
WC-2014,2014 FIFA Men's World Cup,mens,2014,M-2014-36,group stage,group stage,Group A,2014-06-23,Arena Pernambuco,Recife,Brazil,Croatia,Mexico,Croatia,Mexico,1,3,0,0,0.0,0.0,,fjelstul
WC-2014,2014 FIFA Men's World Cup,mens,2014,M-2014-37,group stage,group stage,Group D,2014-06-24,Estádio Mineirão,Belo Horizonte,Brazil,Costa Rica,England,Costa Rica,England,0,0,0,0,0.0,0.0,,fjelstul
WC-2014,2014 FIFA Men's World Cup,mens,2014,M-2014-38,group stage,group stage,Group D,2014-06-24,Arena das Dunas,Natal,Brazil,Italy,Uruguay,Italy,Uruguay,0,1,0,0,0.0,0.0,,fjelstul
WC-2014,2014 FIFA Men's World Cup,mens,2014,M-2014-39,group stage,group stage,Group C,2014-06-24,Arena Pantanal,Cuiabá,Brazil,Japan,Colombia,Japan,Colombia,1,4,0,0,0.0,0.0,,fjelstul
WC-2014,2014 FIFA Men's World Cup,mens,2014,M-2014-40,group stage,group stage,Group C,2014-06-24,Estádio Castelão,Fortaleza,Brazil,Greece,Ivory Coast,Greece,Ivory Coast,2,1,0,0,0.0,0.0,,fjelstul
WC-2014,2014 FIFA Men's World Cup,mens,2014,M-2014-41,group stage,group stage,Group F,2014-06-25,Arena Fonte Nova,Salvador,Brazil,Bosnia and Herzegovina,Iran,Bosnia and Herzegovina,Iran,3,1,0,0,0.0,0.0,,fjelstul
WC-2014,2014 FIFA Men's World Cup,mens,2014,M-2014-42,group stage,group stage,Group F,2014-06-25,Estádio Beira-Rio,Porto Alegre,Brazil,Nigeria,Argentina,Nigeria,Argentina,2,3,0,0,0.0,0.0,,fjelstul
WC-2014,2014 FIFA Men's World Cup,mens,2014,M-2014-43,group stage,group stage,Group E,2014-06-25,Arena da Amazônia,Manaus,Brazil,Honduras,Switzerland,Honduras,Switzerland,0,3,0,0,0.0,0.0,,fjelstul
WC-2014,2014 FIFA Men's World Cup,mens,2014,M-2014-44,group stage,group stage,Group E,2014-06-25,Estádio do Maracanã,Rio de Janeiro,Brazil,Ecuador,France,Ecuador,France,0,0,0,0,0.0,0.0,,fjelstul
WC-2014,2014 FIFA Men's World Cup,mens,2014,M-2014-45,group stage,group stage,Group G,2014-06-26,Estádio Nacional,Brasília,Brazil,Portugal,Ghana,Portugal,Ghana,2,1,0,0,0.0,0.0,,fjelstul
WC-2014,2014 FIFA Men's World Cup,mens,2014,M-2014-46,group stage,group stage,Group G,2014-06-26,Arena Pernambuco,Recife,Brazil,United States,Germany,United States,Germany,0,1,0,0,0.0,0.0,,fjelstul
WC-2014,2014 FIFA Men's World Cup,mens,2014,M-2014-47,group stage,group stage,Group H,2014-06-26,Arena da Baixada,Curitiba,Brazil,Algeria,Russia,Algeria,Russia,1,1,0,0,0.0,0.0,,fjelstul
WC-2014,2014 FIFA Men's World Cup,mens,2014,M-2014-48,group stage,group stage,Group H,2014-06-26,Arena Corinthians,São Paulo,Brazil,South Korea,Belgium,South Korea,Belgium,0,1,0,0,0.0,0.0,,fjelstul
WC-2014,2014 FIFA Men's World Cup,mens,2014,M-2014-49,round of 16,round of 16,not applicable,2014-06-28,Estádio Mineirão,Belo Horizonte,Brazil,Brazil,Chile,Brazil,Chile,1,1,1,1,3.0,2.0,,fjelstul
WC-2014,2014 FIFA Men's World Cup,mens,2014,M-2014-50,round of 16,round of 16,not applicable,2014-06-28,Estádio do Maracanã,Rio de Janeiro,Brazil,Colombia,Uruguay,Colombia,Uruguay,2,0,0,0,0.0,0.0,,fjelstul
WC-2014,2014 FIFA Men's World Cup,mens,2014,M-2014-51,round of 16,round of 16,not applicable,2014-06-29,Estádio Castelão,Fortaleza,Brazil,Netherlands,Mexico,Netherlands,Mexico,2,1,0,0,0.0,0.0,,fjelstul
WC-2014,2014 FIFA Men's World Cup,mens,2014,M-2014-52,round of 16,round of 16,not applicable,2014-06-29,Arena Pernambuco,Recife,Brazil,Costa Rica,Greece,Costa Rica,Greece,1,1,1,1,5.0,3.0,,fjelstul
WC-2014,2014 FIFA Men's World Cup,mens,2014,M-2014-53,round of 16,round of 16,not applicable,2014-06-30,Estádio Nacional,Brasília,Brazil,France,Nigeria,France,Nigeria,2,0,0,0,0.0,0.0,,fjelstul
WC-2014,2014 FIFA Men's World Cup,mens,2014,M-2014-54,round of 16,round of 16,not applicable,2014-06-30,Estádio Beira-Rio,Porto Alegre,Brazil,Germany,Algeria,Germany,Algeria,2,1,1,0,0.0,0.0,,fjelstul
WC-2014,2014 FIFA Men's World Cup,mens,2014,M-2014-55,round of 16,round of 16,not applicable,2014-07-01,Arena Corinthians,São Paulo,Brazil,Argentina,Switzerland,Argentina,Switzerland,1,0,1,0,0.0,0.0,,fjelstul
WC-2014,2014 FIFA Men's World Cup,mens,2014,M-2014-56,round of 16,round of 16,not applicable,2014-07-01,Arena Fonte Nova,Salvador,Brazil,Belgium,United States,Belgium,United States,2,1,1,0,0.0,0.0,,fjelstul
WC-2014,2014 FIFA Men's World Cup,mens,2014,M-2014-57,quarter-finals,quarter-finals,not applicable,2014-07-04,Estádio do Maracanã,Rio de Janeiro,Brazil,France,Germany,France,Germany,0,1,0,0,0.0,0.0,,fjelstul
WC-2014,2014 FIFA Men's World Cup,mens,2014,M-2014-58,quarter-finals,quarter-finals,not applicable,2014-07-04,Estádio Castelão,Fortaleza,Brazil,Brazil,Colombia,Brazil,Colombia,2,1,0,0,0.0,0.0,,fjelstul
WC-2014,2014 FIFA Men's World Cup,mens,2014,M-2014-59,quarter-finals,quarter-finals,not applicable,2014-07-05,Estádio Nacional,Brasília,Brazil,Argentina,Belgium,Argentina,Belgium,1,0,0,0,0.0,0.0,,fjelstul
WC-2014,2014 FIFA Men's World Cup,mens,2014,M-2014-60,quarter-finals,quarter-finals,not applicable,2014-07-05,Arena Fonte Nova,Salvador,Brazil,Netherlands,Costa Rica,Netherlands,Costa Rica,0,0,1,1,4.0,3.0,,fjelstul
WC-2014,2014 FIFA Men's World Cup,mens,2014,M-2014-61,semi-finals,semi-finals,not applicable,2014-07-08,Estádio Mineirão,Belo Horizonte,Brazil,Brazil,Germany,Brazil,Germany,1,7,0,0,0.0,0.0,,fjelstul
WC-2014,2014 FIFA Men's World Cup,mens,2014,M-2014-62,semi-finals,semi-finals,not applicable,2014-07-09,Arena Corinthians,São Paulo,Brazil,Netherlands,Argentina,Netherlands,Argentina,0,0,1,1,2.0,4.0,,fjelstul
WC-2014,2014 FIFA Men's World Cup,mens,2014,M-2014-63,third-place match,third-place match,not applicable,2014-07-12,Estádio Nacional,Brasília,Brazil,Brazil,Netherlands,Brazil,Netherlands,0,3,0,0,0.0,0.0,,fjelstul
WC-2014,2014 FIFA Men's World Cup,mens,2014,M-2014-64,final,final,not applicable,2014-07-13,Estádio do Maracanã,Rio de Janeiro,Brazil,Germany,Argentina,Germany,Argentina,1,0,1,0,0.0,0.0,,fjelstul
WC-2015,2015 FIFA Women's World Cup,womens,2015,M-2015-01,group stage,group stage,Group A,2015-06-06,Commonwealth Stadium,Edmonton,Canada,Canada,China,Canada,China,1,0,0,0,0.0,0.0,,fjelstul
WC-2015,2015 FIFA Women's World Cup,womens,2015,M-2015-02,group stage,group stage,Group A,2015-06-06,Commonwealth Stadium,Edmonton,Canada,New Zealand,Netherlands,New Zealand,Netherlands,0,1,0,0,0.0,0.0,,fjelstul
WC-2015,2015 FIFA Women's World Cup,womens,2015,M-2015-03,group stage,group stage,Group B,2015-06-07,TD Place Stadium,Ottawa,Canada,Norway,Thailand,Norway,Thailand,4,0,0,0,0.0,0.0,,fjelstul
WC-2015,2015 FIFA Women's World Cup,womens,2015,M-2015-04,group stage,group stage,Group B,2015-06-07,TD Place Stadium,Ottawa,Canada,Germany,Ivory Coast,Germany,Ivory Coast,10,0,0,0,0.0,0.0,,fjelstul
WC-2015,2015 FIFA Women's World Cup,womens,2015,M-2015-05,group stage,group stage,Group D,2015-06-08,Investors Group Field,Winnipeg,Canada,Sweden,Nigeria,Sweden,Nigeria,3,3,0,0,0.0,0.0,,fjelstul
WC-2015,2015 FIFA Women's World Cup,womens,2015,M-2015-06,group stage,group stage,Group c,2015-06-08,BC Place,Vancouver,Canada,Cameroon,Ecuador,Cameroon,Ecuador,6,0,0,0,0.0,0.0,,fjelstul
WC-2015,2015 FIFA Women's World Cup,womens,2015,M-2015-07,group stage,group stage,Group D,2015-06-08,Investors Group Field,Winnipeg,Canada,United States,Australia,United States,Australia,3,1,0,0,0.0,0.0,,fjelstul
WC-2015,2015 FIFA Women's World Cup,womens,2015,M-2015-08,group stage,group stage,Group C,2015-06-08,BC Place,Vancouver,Canada,Japan,Switzerland,Japan,Switzerland,1,0,0,0,0.0,0.0,,fjelstul
WC-2015,2015 FIFA Women's World Cup,womens,2015,M-2015-09,group stage,group stage,Group F,2015-06-09,Moncton Stadium,Moncton,Canada,France,England,France,England,1,0,0,0,0.0,0.0,,fjelstul
WC-2015,2015 FIFA Women's World Cup,womens,2015,M-2015-10,group stage,group stage,Group E,2015-06-09,Olympic Stadium,Montreal,Canada,Spain,Costa Rica,Spain,Costa Rica,1,1,0,0,0.0,0.0,,fjelstul
WC-2015,2015 FIFA Women's World Cup,womens,2015,M-2015-11,group stage,group stage,Group F,2015-06-09,Moncton Stadium,Moncton,Canada,Colombia,Mexico,Colombia,Mexico,1,1,0,0,0.0,0.0,,fjelstul
WC-2015,2015 FIFA Women's World Cup,womens,2015,M-2015-12,group stage,group stage,Group E,2015-06-09,Olympic Stadium,Montreal,Canada,Brazil,South Korea,Brazil,South Korea,2,0,0,0,0.0,0.0,,fjelstul
WC-2015,2015 FIFA Women's World Cup,womens,2015,M-2015-13,group stage,group stage,Group A,2015-06-11,Commonwealth Stadium,Edmonton,Canada,China,Netherlands,China,Netherlands,1,0,0,0,0.0,0.0,,fjelstul
WC-2015,2015 FIFA Women's World Cup,womens,2015,M-2015-14,group stage,group stage,Group B,2015-06-11,TD Place Stadium,Ottawa,Canada,Germany,Norway,Germany,Norway,1,1,0,0,0.0,0.0,,fjelstul
WC-2015,2015 FIFA Women's World Cup,womens,2015,M-2015-15,group stage,group stage,Group A,2015-06-11,Commonwealth Stadium,Edmonton,Canada,Canada,New Zealand,Canada,New Zealand,0,0,0,0,0.0,0.0,,fjelstul
WC-2015,2015 FIFA Women's World Cup,womens,2015,M-2015-16,group stage,group stage,Group B,2015-06-11,TD Place Stadium,Ottawa,Canada,Ivory Coast,Thailand,Ivory Coast,Thailand,2,3,0,0,0.0,0.0,,fjelstul
WC-2015,2015 FIFA Women's World Cup,womens,2015,M-2015-17,group stage,group stage,Group C,2015-06-12,BC Place,Vancouver,Canada,Switzerland,Ecuador,Switzerland,Ecuador,10,1,0,0,0.0,0.0,,fjelstul
WC-2015,2015 FIFA Women's World Cup,womens,2015,M-2015-18,group stage,group stage,Group D,2015-06-12,Investors Group Field,Winnipeg,Canada,Australia,Nigeria,Australia,Nigeria,2,0,0,0,0.0,0.0,,fjelstul
WC-2015,2015 FIFA Women's World Cup,womens,2015,M-2015-19,group stage,group stage,Group C,2015-06-12,BC Place,Vancouver,Canada,Japan,Cameroon,Japan,Cameroon,2,1,0,0,0.0,0.0,,fjelstul
WC-2015,2015 FIFA Women's World Cup,womens,2015,M-2015-20,group stage,group stage,Group D,2015-06-12,Investors Group Field,Winnipeg,Canada,United States,Sweden,United States,Sweden,0,0,0,0,0.0,0.0,,fjelstul
WC-2015,2015 FIFA Women's World Cup,womens,2015,M-2015-21,group stage,group stage,Group F,2015-06-13,Moncton Stadium,Moncton,Canada,France,Colombia,France,Colombia,0,2,0,0,0.0,0.0,,fjelstul
WC-2015,2015 FIFA Women's World Cup,womens,2015,M-2015-22,group stage,group stage,Group E,2015-06-13,Olympic Stadium,Montreal,Canada,Brazil,Spain,Brazil,Spain,1,0,0,0,0.0,0.0,,fjelstul
WC-2015,2015 FIFA Women's World Cup,womens,2015,M-2015-23,group stage,group stage,Group F,2015-06-13,Moncton Stadium,Moncton,Canada,England,Mexico,England,Mexico,2,1,0,0,0.0,0.0,,fjelstul
WC-2015,2015 FIFA Women's World Cup,womens,2015,M-2015-24,group stage,group stage,Group E,2015-06-13,Olympic Stadium,Montreal,Canada,South Korea,Costa Rica,South Korea,Costa Rica,2,2,0,0,0.0,0.0,,fjelstul
WC-2015,2015 FIFA Women's World Cup,womens,2015,M-2015-25,group stage,group stage,Group B,2015-06-15,Investors Group Field,Winnipeg,Canada,Thailand,Germany,Thailand,Germany,0,4,0,0,0.0,0.0,,fjelstul
WC-2015,2015 FIFA Women's World Cup,womens,2015,M-2015-26,group stage,group stage,Group B,2015-06-15,Moncton Stadium,Moncton,Canada,Ivory Coast,Norway,Ivory Coast,Norway,1,3,0,0,0.0,0.0,,fjelstul
WC-2015,2015 FIFA Women's World Cup,womens,2015,M-2015-27,group stage,group stage,Group A,2015-06-15,Investors Group Field,Winnipeg,Canada,China,New Zealand,China,New Zealand,2,2,0,0,0.0,0.0,,fjelstul
WC-2015,2015 FIFA Women's World Cup,womens,2015,M-2015-28,group stage,group stage,Group A,2015-06-15,Olympic Stadium,Montreal,Canada,Netherlands,Canada,Netherlands,Canada,1,1,0,0,0.0,0.0,,fjelstul
WC-2015,2015 FIFA Women's World Cup,womens,2015,M-2015-29,group stage,group stage,Group C,2015-06-16,Commonwealth Stadium,Edmonton,Canada,Switzerland,Cameroon,Switzerland,Cameroon,1,2,0,0,0.0,0.0,,fjelstul
WC-2015,2015 FIFA Women's World Cup,womens,2015,M-2015-30,group stage,group stage,Group C,2015-06-16,Investors Group Field,Winnipeg,Canada,Ecuador,Japan,Ecuador,Japan,0,1,0,0,0.0,0.0,,fjelstul
WC-2015,2015 FIFA Women's World Cup,womens,2015,M-2015-31,group stage,group stage,Group D,2015-06-16,BC Place,Vancouver,Canada,Nigeria,United States,Nigeria,United States,0,1,0,0,0.0,0.0,,fjelstul
WC-2015,2015 FIFA Women's World Cup,womens,2015,M-2015-32,group stage,group stage,Group D,2015-06-16,Commonwealth Stadium,Edmonton,Canada,Australia,Sweden,Australia,Sweden,1,1,0,0,0.0,0.0,,fjelstul
WC-2015,2015 FIFA Women's World Cup,womens,2015,M-2015-33,group stage,group stage,Group F,2015-06-17,Olympic Stadium,Montreal,Canada,England,Colombia,England,Colombia,2,1,0,0,0.0,0.0,,fjelstul
WC-2015,2015 FIFA Women's World Cup,womens,2015,M-2015-34,group stage,group stage,Group F,2015-06-17,TD Place Stadium,Ottawa,Canada,Mexico,France,Mexico,France,0,5,0,0,0.0,0.0,,fjelstul
WC-2015,2015 FIFA Women's World Cup,womens,2015,M-2015-35,group stage,group stage,Group E,2015-06-17,TD Place Stadium,Ottawa,Canada,South Korea,Spain,South Korea,Spain,2,1,0,0,0.0,0.0,,fjelstul
WC-2015,2015 FIFA Women's World Cup,womens,2015,M-2015-36,group stage,group stage,Group E,2015-06-17,Moncton Stadium,Moncton,Canada,Costa Rica,Brazil,Costa Rica,Brazil,0,1,0,0,0.0,0.0,,fjelstul
WC-2015,2015 FIFA Women's World Cup,womens,2015,M-2015-37,round of 16,round of 16,not applicable,2015-06-20,TD Place Stadium,Ottawa,Canada,Germany,Sweden,Germany,Sweden,4,1,0,0,0.0,0.0,,fjelstul
WC-2015,2015 FIFA Women's World Cup,womens,2015,M-2015-38,round of 16,round of 16,not applicable,2015-06-20,Commonwealth Stadium,Edmonton,Canada,China,Cameroon,China,Cameroon,1,0,0,0,0.0,0.0,,fjelstul
WC-2015,2015 FIFA Women's World Cup,womens,2015,M-2015-39,round of 16,round of 16,not applicable,2015-06-21,Moncton Stadium,Moncton,Canada,Brazil,Australia,Brazil,Australia,0,1,0,0,0.0,0.0,,fjelstul
WC-2015,2015 FIFA Women's World Cup,womens,2015,M-2015-40,round of 16,round of 16,not applicable,2015-06-21,Olympic Stadium,Montreal,Canada,France,South Korea,France,South Korea,3,0,0,0,0.0,0.0,,fjelstul
WC-2015,2015 FIFA Women's World Cup,womens,2015,M-2015-41,round of 16,round of 16,not applicable,2015-06-21,BC Place,Vancouver,Canada,Canada,Switzerland,Canada,Switzerland,1,0,0,0,0.0,0.0,,fjelstul
WC-2015,2015 FIFA Women's World Cup,womens,2015,M-2015-42,round of 16,round of 16,not applicable,2015-06-22,TD Place Stadium,Ottawa,Canada,Norway,England,Norway,England,1,2,0,0,0.0,0.0,,fjelstul
WC-2015,2015 FIFA Women's World Cup,womens,2015,M-2015-43,round of 16,round of 16,not applicable,2015-06-22,Commonwealth Stadium,Edmonton,Canada,United States,Colombia,United States,Colombia,2,0,0,0,0.0,0.0,,fjelstul
WC-2015,2015 FIFA Women's World Cup,womens,2015,M-2015-44,round of 16,round of 16,not applicable,2015-06-23,BC Place,Vancouver,Canada,Japan,Netherlands,Japan,Netherlands,2,1,0,0,0.0,0.0,,fjelstul
WC-2015,2015 FIFA Women's World Cup,womens,2015,M-2015-45,quarter-final,quarter-finals,not applicable,2015-06-26,Olympic Stadium,Montreal,Canada,Germany,France,Germany,France,1,1,1,1,5.0,4.0,,fjelstul
WC-2015,2015 FIFA Women's World Cup,womens,2015,M-2015-46,quarter-final,quarter-finals,not applicable,2015-06-26,TD Place Stadium,Ottawa,Canada,China,United States,China,United States,0,1,0,0,0.0,0.0,,fjelstul
WC-2015,2015 FIFA Women's World Cup,womens,2015,M-2015-47,quarter-final,quarter-finals,not applicable,2015-06-27,Commonwealth Stadium,Edmonton,Canada,Australia,Japan,Australia,Japan,0,1,0,0,0.0,0.0,,fjelstul
WC-2015,2015 FIFA Women's World Cup,womens,2015,M-2015-48,quarter-final,quarter-finals,not applicable,2015-06-27,BC Place,Vancouver,Canada,England,Canada,England,Canada,2,1,0,0,0.0,0.0,,fjelstul
WC-2015,2015 FIFA Women's World Cup,womens,2015,M-2015-49,semi-final,semi-finals,not applicable,2015-06-30,Olympic Stadium,Montreal,Canada,United States,Germany,United States,Germany,2,0,0,0,0.0,0.0,,fjelstul
WC-2015,2015 FIFA Women's World Cup,womens,2015,M-2015-50,semi-final,semi-finals,not applicable,2015-07-01,Commonwealth Stadium,Edmonton,Canada,Japan,England,Japan,England,2,1,0,0,0.0,0.0,,fjelstul
WC-2015,2015 FIFA Women's World Cup,womens,2015,M-2015-51,third-place match,third-place match,not applicable,2015-07-04,Commonwealth Stadium,Edmonton,Canada,Germany,England,Germany,England,0,1,1,0,0.0,0.0,,fjelstul
WC-2015,2015 FIFA Women's World Cup,womens,2015,M-2015-52,final,final,not applicable,2015-07-05,BC Place,Vancouver,Canada,United States,Japan,United States,Japan,5,2,0,0,0.0,0.0,,fjelstul
WC-2018,2018 FIFA Men's World Cup,mens,2018,M-2018-01,group stage,group stage,Group A,2018-06-14,Luzhniki Stadium,Moscow,Russia,Russia,Saudi Arabia,Russia,Saudi Arabia,5,0,0,0,0.0,0.0,,fjelstul
WC-2018,2018 FIFA Men's World Cup,mens,2018,M-2018-02,group stage,group stage,Group A,2018-06-15,Central Stadium,Yekaterinburg,Russia,Egypt,Uruguay,Egypt,Uruguay,0,1,0,0,0.0,0.0,,fjelstul
WC-2018,2018 FIFA Men's World Cup,mens,2018,M-2018-03,group stage,group stage,Group B,2018-06-15,Krestovsky Stadium,Saint Petersburg,Russia,Morocco,Iran,Morocco,Iran,0,1,0,0,0.0,0.0,,fjelstul
WC-2018,2018 FIFA Men's World Cup,mens,2018,M-2018-04,group stage,group stage,Group B,2018-06-15,Fisht Olympic Stadium,Sochi,Russia,Portugal,Spain,Portugal,Spain,3,3,0,0,0.0,0.0,,fjelstul
WC-2018,2018 FIFA Men's World Cup,mens,2018,M-2018-05,group stage,group stage,Group C,2018-06-16,Kazan Arena,Kazan,Russia,France,Australia,France,Australia,2,1,0,0,0.0,0.0,,fjelstul
WC-2018,2018 FIFA Men's World Cup,mens,2018,M-2018-06,group stage,group stage,Group D,2018-06-16,Otkritie Arena,Moscow,Russia,Argentina,Iceland,Argentina,Iceland,1,1,0,0,0.0,0.0,,fjelstul
WC-2018,2018 FIFA Men's World Cup,mens,2018,M-2018-07,group stage,group stage,Group C,2018-06-16,Mordovia Arena,Saransk,Russia,Peru,Denmark,Peru,Denmark,0,1,0,0,0.0,0.0,,fjelstul
WC-2018,2018 FIFA Men's World Cup,mens,2018,M-2018-08,group stage,group stage,Group D,2018-06-16,Kaliningrad Stadium,Kaliningrad,Russia,Croatia,Nigeria,Croatia,Nigeria,2,0,0,0,0.0,0.0,,fjelstul
WC-2018,2018 FIFA Men's World Cup,mens,2018,M-2018-09,group stage,group stage,Group E,2018-06-17,Samara Arena,Samara,Russia,Costa Rica,Serbia,Costa Rica,Serbia,0,1,0,0,0.0,0.0,,fjelstul
WC-2018,2018 FIFA Men's World Cup,mens,2018,M-2018-10,group stage,group stage,Group F,2018-06-17,Luzhniki Stadium,Moscow,Russia,Germany,Mexico,Germany,Mexico,0,1,0,0,0.0,0.0,,fjelstul
WC-2018,2018 FIFA Men's World Cup,mens,2018,M-2018-11,group stage,group stage,Group E,2018-06-17,Rostov Arena,Rostov-on-Don,Russia,Brazil,Switzerland,Brazil,Switzerland,1,1,0,0,0.0,0.0,,fjelstul
WC-2018,2018 FIFA Men's World Cup,mens,2018,M-2018-12,group stage,group stage,Group F,2018-06-18,Nizhny Novgorod Stadium,Nizhny Novgorod,Russia,Sweden,South Korea,Sweden,South Korea,1,0,0,0,0.0,0.0,,fjelstul
WC-2018,2018 FIFA Men's World Cup,mens,2018,M-2018-13,group stage,group stage,Group G,2018-06-18,Fisht Olympic Stadium,Sochi,Russia,Belgium,Panama,Belgium,Panama,3,0,0,0,0.0,0.0,,fjelstul
WC-2018,2018 FIFA Men's World Cup,mens,2018,M-2018-14,group stage,group stage,Group G,2018-06-18,Volgograd Arena,Volgograd,Russia,Tunisia,England,Tunisia,England,1,2,0,0,0.0,0.0,,fjelstul
WC-2018,2018 FIFA Men's World Cup,mens,2018,M-2018-15,group stage,group stage,Group H,2018-06-19,Mordovia Arena,Saransk,Russia,Colombia,Japan,Colombia,Japan,1,2,0,0,0.0,0.0,,fjelstul
WC-2018,2018 FIFA Men's World Cup,mens,2018,M-2018-16,group stage,group stage,Group H,2018-06-19,Otkritie Arena,Moscow,Russia,Poland,Senegal,Poland,Senegal,1,2,0,0,0.0,0.0,,fjelstul
WC-2018,2018 FIFA Men's World Cup,mens,2018,M-2018-17,group stage,group stage,Group A,2018-06-19,Krestovsky Stadium,Saint Petersburg,Russia,Russia,Egypt,Russia,Egypt,3,1,0,0,0.0,0.0,,fjelstul
WC-2018,2018 FIFA Men's World Cup,mens,2018,M-2018-18,group stage,group stage,Group B,2018-06-20,Luzhniki Stadium,Moscow,Russia,Portugal,Morocco,Portugal,Morocco,1,0,0,0,0.0,0.0,,fjelstul
WC-2018,2018 FIFA Men's World Cup,mens,2018,M-2018-19,group stage,group stage,Group A,2018-06-20,Rostov Arena,Rostov-on-Don,Russia,Uruguay,Saudi Arabia,Uruguay,Saudi Arabia,1,0,0,0,0.0,0.0,,fjelstul
WC-2018,2018 FIFA Men's World Cup,mens,2018,M-2018-20,group stage,group stage,Group B,2018-06-20,Kazan Arena,Kazan,Russia,Iran,Spain,Iran,Spain,0,1,0,0,0.0,0.0,,fjelstul
WC-2018,2018 FIFA Men's World Cup,mens,2018,M-2018-21,group stage,group stage,Group C,2018-06-21,Samara Arena,Samara,Russia,Denmark,Australia,Denmark,Australia,1,1,0,0,0.0,0.0,,fjelstul
WC-2018,2018 FIFA Men's World Cup,mens,2018,M-2018-22,group stage,group stage,Group C,2018-06-21,Central Stadium,Yekaterinburg,Russia,France,Peru,France,Peru,1,0,0,0,0.0,0.0,,fjelstul
WC-2018,2018 FIFA Men's World Cup,mens,2018,M-2018-23,group stage,group stage,Group D,2018-06-21,Nizhny Novgorod Stadium,Nizhny Novgorod,Russia,Argentina,Croatia,Argentina,Croatia,0,3,0,0,0.0,0.0,,fjelstul
WC-2018,2018 FIFA Men's World Cup,mens,2018,M-2018-24,group stage,group stage,Group E,2018-06-22,Krestovsky Stadium,Saint Petersburg,Russia,Brazil,Costa Rica,Brazil,Costa Rica,2,0,0,0,0.0,0.0,,fjelstul
WC-2018,2018 FIFA Men's World Cup,mens,2018,M-2018-25,group stage,group stage,Group D,2018-06-22,Volgograd Arena,Volgograd,Russia,Nigeria,Iceland,Nigeria,Iceland,2,0,0,0,0.0,0.0,,fjelstul
WC-2018,2018 FIFA Men's World Cup,mens,2018,M-2018-26,group stage,group stage,Group E,2018-06-22,Kaliningrad Stadium,Kaliningrad,Russia,Serbia,Switzerland,Serbia,Switzerland,1,2,0,0,0.0,0.0,,fjelstul
WC-2018,2018 FIFA Men's World Cup,mens,2018,M-2018-27,group stage,group stage,Group G,2018-06-23,Otkritie Arena,Moscow,Russia,Belgium,Tunisia,Belgium,Tunisia,5,2,0,0,0.0,0.0,,fjelstul
WC-2018,2018 FIFA Men's World Cup,mens,2018,M-2018-28,group stage,group stage,Group F,2018-06-23,Rostov Arena,Rostov-on-Don,Russia,South Korea,Mexico,South Korea,Mexico,1,2,0,0,0.0,0.0,,fjelstul
WC-2018,2018 FIFA Men's World Cup,mens,2018,M-2018-29,group stage,group stage,Group F,2018-06-23,Fisht Olympic Stadium,Sochi,Russia,Germany,Sweden,Germany,Sweden,2,1,0,0,0.0,0.0,,fjelstul
WC-2018,2018 FIFA Men's World Cup,mens,2018,M-2018-30,group stage,group stage,Group G,2018-06-24,Nizhny Novgorod Stadium,Nizhny Novgorod,Russia,England,Panama,England,Panama,6,1,0,0,0.0,0.0,,fjelstul
WC-2018,2018 FIFA Men's World Cup,mens,2018,M-2018-31,group stage,group stage,Group H,2018-06-24,Central Stadium,Yekaterinburg,Russia,Japan,Senegal,Japan,Senegal,2,2,0,0,0.0,0.0,,fjelstul
WC-2018,2018 FIFA Men's World Cup,mens,2018,M-2018-32,group stage,group stage,Group H,2018-06-24,Kazan Arena,Kazan,Russia,Poland,Colombia,Poland,Colombia,0,3,0,0,0.0,0.0,,fjelstul
WC-2018,2018 FIFA Men's World Cup,mens,2018,M-2018-33,group stage,group stage,Group A,2018-06-25,Volgograd Arena,Volgograd,Russia,Saudi Arabia,Egypt,Saudi Arabia,Egypt,2,1,0,0,0.0,0.0,,fjelstul
WC-2018,2018 FIFA Men's World Cup,mens,2018,M-2018-34,group stage,group stage,Group A,2018-06-25,Samara Arena,Samara,Russia,Uruguay,Russia,Uruguay,Russia,3,0,0,0,0.0,0.0,,fjelstul
WC-2018,2018 FIFA Men's World Cup,mens,2018,M-2018-35,group stage,group stage,Group B,2018-06-25,Kaliningrad Stadium,Kaliningrad,Russia,Spain,Morocco,Spain,Morocco,2,2,0,0,0.0,0.0,,fjelstul
WC-2018,2018 FIFA Men's World Cup,mens,2018,M-2018-36,group stage,group stage,Group B,2018-06-25,Mordovia Arena,Saransk,Russia,Iran,Portugal,Iran,Portugal,1,1,0,0,0.0,0.0,,fjelstul
WC-2018,2018 FIFA Men's World Cup,mens,2018,M-2018-37,group stage,group stage,Group C,2018-06-26,Fisht Olympic Stadium,Sochi,Russia,Australia,Peru,Australia,Peru,0,2,0,0,0.0,0.0,,fjelstul
WC-2018,2018 FIFA Men's World Cup,mens,2018,M-2018-38,group stage,group stage,Group C,2018-06-26,Luzhniki Stadium,Moscow,Russia,Denmark,France,Denmark,France,0,0,0,0,0.0,0.0,,fjelstul
WC-2018,2018 FIFA Men's World Cup,mens,2018,M-2018-39,group stage,group stage,Group D,2018-06-26,Rostov Arena,Rostov-on-Don,Russia,Iceland,Croatia,Iceland,Croatia,1,2,0,0,0.0,0.0,,fjelstul
WC-2018,2018 FIFA Men's World Cup,mens,2018,M-2018-40,group stage,group stage,Group D,2018-06-26,Krestovsky Stadium,Saint Petersburg,Russia,Nigeria,Argentina,Nigeria,Argentina,1,2,0,0,0.0,0.0,,fjelstul
WC-2018,2018 FIFA Men's World Cup,mens,2018,M-2018-41,group stage,group stage,Group F,2018-06-27,Kazan Arena,Kazan,Russia,South Korea,Germany,South Korea,Germany,2,0,0,0,0.0,0.0,,fjelstul
WC-2018,2018 FIFA Men's World Cup,mens,2018,M-2018-42,group stage,group stage,Group F,2018-06-27,Central Stadium,Yekaterinburg,Russia,Mexico,Sweden,Mexico,Sweden,0,3,0,0,0.0,0.0,,fjelstul
WC-2018,2018 FIFA Men's World Cup,mens,2018,M-2018-43,group stage,group stage,Group E,2018-06-27,Otkritie Arena,Moscow,Russia,Serbia,Brazil,Serbia,Brazil,0,2,0,0,0.0,0.0,,fjelstul
WC-2018,2018 FIFA Men's World Cup,mens,2018,M-2018-44,group stage,group stage,Group E,2018-06-27,Nizhny Novgorod Stadium,Nizhny Novgorod,Russia,Switzerland,Costa Rica,Switzerland,Costa Rica,2,2,0,0,0.0,0.0,,fjelstul
WC-2018,2018 FIFA Men's World Cup,mens,2018,M-2018-45,group stage,group stage,Group H,2018-06-28,Volgograd Arena,Volgograd,Russia,Japan,Poland,Japan,Poland,0,1,0,0,0.0,0.0,,fjelstul
WC-2018,2018 FIFA Men's World Cup,mens,2018,M-2018-46,group stage,group stage,Group H,2018-06-28,Samara Arena,Samara,Russia,Senegal,Colombia,Senegal,Colombia,0,1,0,0,0.0,0.0,,fjelstul
WC-2018,2018 FIFA Men's World Cup,mens,2018,M-2018-47,group stage,group stage,Group G,2018-06-28,Kaliningrad Stadium,Kaliningrad,Russia,England,Belgium,England,Belgium,0,1,0,0,0.0,0.0,,fjelstul
WC-2018,2018 FIFA Men's World Cup,mens,2018,M-2018-48,group stage,group stage,Group G,2018-06-28,Mordovia Arena,Saransk,Russia,Panama,Tunisia,Panama,Tunisia,1,2,0,0,0.0,0.0,,fjelstul
WC-2018,2018 FIFA Men's World Cup,mens,2018,M-2018-49,round of 16,round of 16,not applicable,2018-06-30,Kazan Arena,Kazan,Russia,France,Argentina,France,Argentina,4,3,0,0,0.0,0.0,,fjelstul
WC-2018,2018 FIFA Men's World Cup,mens,2018,M-2018-50,round of 16,round of 16,not applicable,2018-06-30,Fisht Olympic Stadium,Sochi,Russia,Uruguay,Portugal,Uruguay,Portugal,2,1,0,0,0.0,0.0,,fjelstul
WC-2018,2018 FIFA Men's World Cup,mens,2018,M-2018-51,round of 16,round of 16,not applicable,2018-07-01,Luzhniki Stadium,Moscow,Russia,Spain,Russia,Spain,Russia,1,1,1,1,3.0,4.0,,fjelstul
WC-2018,2018 FIFA Men's World Cup,mens,2018,M-2018-52,round of 16,round of 16,not applicable,2018-07-01,Nizhny Novgorod Stadium,Nizhny Novgorod,Russia,Croatia,Denmark,Croatia,Denmark,1,1,1,1,3.0,2.0,,fjelstul
WC-2018,2018 FIFA Men's World Cup,mens,2018,M-2018-53,round of 16,round of 16,not applicable,2018-07-02,Samara Arena,Samara,Russia,Brazil,Mexico,Brazil,Mexico,2,0,0,0,0.0,0.0,,fjelstul
WC-2018,2018 FIFA Men's World Cup,mens,2018,M-2018-54,round of 16,round of 16,not applicable,2018-07-02,Rostov Arena,Rostov-on-Don,Russia,Belgium,Japan,Belgium,Japan,3,2,0,0,0.0,0.0,,fjelstul
WC-2018,2018 FIFA Men's World Cup,mens,2018,M-2018-55,round of 16,round of 16,not applicable,2018-07-03,Krestovsky Stadium,Saint Petersburg,Russia,Sweden,Switzerland,Sweden,Switzerland,1,0,0,0,0.0,0.0,,fjelstul
WC-2018,2018 FIFA Men's World Cup,mens,2018,M-2018-56,round of 16,round of 16,not applicable,2018-07-03,Otkritie Arena,Moscow,Russia,Colombia,England,Colombia,England,1,1,1,1,3.0,4.0,,fjelstul
WC-2018,2018 FIFA Men's World Cup,mens,2018,M-2018-57,quarter-finals,quarter-finals,not applicable,2018-07-06,Nizhny Novgorod Stadium,Nizhny Novgorod,Russia,Uruguay,France,Uruguay,France,0,2,0,0,0.0,0.0,,fjelstul
WC-2018,2018 FIFA Men's World Cup,mens,2018,M-2018-58,quarter-finals,quarter-finals,not applicable,2018-07-06,Kazan Arena,Kazan,Russia,Brazil,Belgium,Brazil,Belgium,1,2,0,0,0.0,0.0,,fjelstul
WC-2018,2018 FIFA Men's World Cup,mens,2018,M-2018-59,quarter-finals,quarter-finals,not applicable,2018-07-07,Samara Arena,Samara,Russia,Sweden,England,Sweden,England,0,2,0,0,0.0,0.0,,fjelstul
WC-2018,2018 FIFA Men's World Cup,mens,2018,M-2018-60,quarter-finals,quarter-finals,not applicable,2018-07-07,Fisht Olympic Stadium,Sochi,Russia,Russia,Croatia,Russia,Croatia,2,2,1,1,3.0,4.0,,fjelstul
WC-2018,2018 FIFA Men's World Cup,mens,2018,M-2018-61,semi-finals,semi-finals,not applicable,2018-07-10,Krestovsky Stadium,Saint Petersburg,Russia,France,Belgium,France,Belgium,1,0,0,0,0.0,0.0,,fjelstul
WC-2018,2018 FIFA Men's World Cup,mens,2018,M-2018-62,semi-finals,semi-finals,not applicable,2018-07-11,Luzhniki Stadium,Moscow,Russia,Croatia,England,Croatia,England,2,1,1,0,0.0,0.0,,fjelstul
WC-2018,2018 FIFA Men's World Cup,mens,2018,M-2018-63,third-place match,third-place match,not applicable,2018-07-14,Krestovsky Stadium,Saint Petersburg,Russia,Belgium,England,Belgium,England,2,0,0,0,0.0,0.0,,fjelstul
WC-2018,2018 FIFA Men's World Cup,mens,2018,M-2018-64,final,final,not applicable,2018-07-15,Luzhniki Stadium,Moscow,Russia,France,Croatia,France,Croatia,4,2,0,0,0.0,0.0,,fjelstul
WC-2019,2019 FIFA Women's World Cup,womens,2019,M-2019-01,group stage,group stage,Group A,2019-06-07,Parc des Princes,Paris,France,France,South Korea,France,South Korea,4,0,0,0,0.0,0.0,,fjelstul
WC-2019,2019 FIFA Women's World Cup,womens,2019,M-2019-02,group stage,group stage,Group B,2019-06-08,Roazhon Park,Rennes,France,Germany,China,Germany,China,1,0,0,0,0.0,0.0,,fjelstul
WC-2019,2019 FIFA Women's World Cup,womens,2019,M-2019-03,group stage,group stage,Group B,2019-06-08,Stade Océane,Le Havre,France,Spain,South Africa,Spain,South Africa,3,1,0,0,0.0,0.0,,fjelstul
WC-2019,2019 FIFA Women's World Cup,womens,2019,M-2019-04,group stage,group stage,Group A,2019-06-08,Stade Auguste-Delaune,Reims,France,Norway,Nigeria,Norway,Nigeria,3,0,0,0,0.0,0.0,,fjelstul
WC-2019,2019 FIFA Women's World Cup,womens,2019,M-2019-05,group stage,group stage,Group C,2019-06-09,Stade du Hainaut,Valenciennes,France,Australia,Italy,Australia,Italy,1,2,0,0,0.0,0.0,,fjelstul
WC-2019,2019 FIFA Women's World Cup,womens,2019,M-2019-06,group stage,group stage,Group C,2019-06-09,Stade des Alpes,Grenoble,France,Brazil,Jamaica,Brazil,Jamaica,3,0,0,0,0.0,0.0,,fjelstul
WC-2019,2019 FIFA Women's World Cup,womens,2019,M-2019-07,group stage,group stage,Group D,2019-06-09,Allianz Riviera,Nice,France,England,Scotland,England,Scotland,2,1,0,0,0.0,0.0,,fjelstul
WC-2019,2019 FIFA Women's World Cup,womens,2019,M-2019-08,group stage,group stage,Group D,2019-06-10,Parc des Princes,Paris,France,Argentina,Japan,Argentina,Japan,0,0,0,0,0.0,0.0,,fjelstul
WC-2019,2019 FIFA Women's World Cup,womens,2019,M-2019-09,group stage,group stage,Group E,2019-06-10,Stade de la Mosson,Montpellier,France,Canada,Cameroon,Canada,Cameroon,1,0,0,0,0.0,0.0,,fjelstul
WC-2019,2019 FIFA Women's World Cup,womens,2019,M-2019-10,group stage,group stage,Group E,2019-06-11,Stade Océane,Le Havre,France,New Zealand,Netherlands,New Zealand,Netherlands,0,1,0,0,0.0,0.0,,fjelstul
WC-2019,2019 FIFA Women's World Cup,womens,2019,M-2019-11,group stage,group stage,Group F,2019-06-11,Roazhon Park,Rennes,France,Chile,Sweden,Chile,Sweden,0,2,0,0,0.0,0.0,,fjelstul
WC-2019,2019 FIFA Women's World Cup,womens,2019,M-2019-12,group stage,group stage,Group F,2019-06-11,Stade Auguste-Delaune,Reims,France,United States,Thailand,United States,Thailand,13,0,0,0,0.0,0.0,,fjelstul
WC-2019,2019 FIFA Women's World Cup,womens,2019,M-2019-13,group stage,group stage,Group A,2019-06-12,Stade des Alpes,Grenoble,France,Nigeria,South Korea,Nigeria,South Korea,2,0,0,0,0.0,0.0,,fjelstul
WC-2019,2019 FIFA Women's World Cup,womens,2019,M-2019-14,group stage,group stage,Group B,2019-06-12,Stade du Hainaut,Valenciennes,France,Germany,Spain,Germany,Spain,1,0,0,0,0.0,0.0,,fjelstul
WC-2019,2019 FIFA Women's World Cup,womens,2019,M-2019-15,group stage,group stage,Group A,2019-06-12,Allianz Riviera,Nice,France,France,Norway,France,Norway,2,1,0,0,0.0,0.0,,fjelstul
WC-2019,2019 FIFA Women's World Cup,womens,2019,M-2019-16,group stage,group stage,Group C,2019-06-13,Stade de la Mosson,Montpellier,France,Australia,Brazil,Australia,Brazil,3,2,0,0,0.0,0.0,,fjelstul
WC-2019,2019 FIFA Women's World Cup,womens,2019,M-2019-17,group stage,group stage,Group B,2019-06-13,Parc des Princes,Paris,France,South Africa,China,South Africa,China,0,1,0,0,0.0,0.0,,fjelstul
WC-2019,2019 FIFA Women's World Cup,womens,2019,M-2019-18,group stage,group stage,Group D,2019-06-14,Roazhon Park,Rennes,France,Japan,Scotland,Japan,Scotland,2,1,0,0,0.0,0.0,,fjelstul
WC-2019,2019 FIFA Women's World Cup,womens,2019,M-2019-19,group stage,group stage,Group C,2019-06-14,Stade Auguste-Delaune,Reims,France,Jamaica,Italy,Jamaica,Italy,0,5,0,0,0.0,0.0,,fjelstul
WC-2019,2019 FIFA Women's World Cup,womens,2019,M-2019-20,group stage,group stage,Group D,2019-06-14,Stade Océane,Le Havre,France,England,Argentina,England,Argentina,1,0,0,0,0.0,0.0,,fjelstul
WC-2019,2019 FIFA Women's World Cup,womens,2019,M-2019-21,group stage,group stage,Group E,2019-06-15,Stade du Hainaut,Valenciennes,France,Netherlands,Cameroon,Netherlands,Cameroon,3,1,0,0,0.0,0.0,,fjelstul
WC-2019,2019 FIFA Women's World Cup,womens,2019,M-2019-22,group stage,group stage,Group E,2019-06-15,Stade des Alpes,Grenoble,France,Canada,New Zealand,Canada,New Zealand,2,0,0,0,0.0,0.0,,fjelstul
WC-2019,2019 FIFA Women's World Cup,womens,2019,M-2019-23,group stage,group stage,Group F,2019-06-16,Allianz Riviera,Nice,France,Sweden,Thailand,Sweden,Thailand,5,1,0,0,0.0,0.0,,fjelstul
WC-2019,2019 FIFA Women's World Cup,womens,2019,M-2019-24,group stage,group stage,Group F,2019-06-16,Parc des Princes,Paris,France,United States,Chile,United States,Chile,3,0,0,0,0.0,0.0,,fjelstul
WC-2019,2019 FIFA Women's World Cup,womens,2019,M-2019-25,group stage,group stage,Group B,2019-06-17,Stade Océane,Le Havre,France,China,Spain,China,Spain,0,0,0,0,0.0,0.0,,fjelstul
WC-2019,2019 FIFA Women's World Cup,womens,2019,M-2019-26,group stage,group stage,Group B,2019-06-17,Stade de la Mosson,Montpellier,France,South Africa,Germany,South Africa,Germany,0,4,0,0,0.0,0.0,,fjelstul
WC-2019,2019 FIFA Women's World Cup,womens,2019,M-2019-27,group stage,group stage,Group A,2019-06-17,Roazhon Park,Rennes,France,Nigeria,France,Nigeria,France,0,1,0,0,0.0,0.0,,fjelstul
WC-2019,2019 FIFA Women's World Cup,womens,2019,M-2019-28,group stage,group stage,Group A,2019-06-17,Stade Auguste-Delaune,Reims,France,South Korea,Norway,South Korea,Norway,1,2,0,0,0.0,0.0,,fjelstul
WC-2019,2019 FIFA Women's World Cup,womens,2019,M-2019-29,group stage,group stage,Group C,2019-06-18,Stade du Hainaut,Valenciennes,France,Italy,Brazil,Italy,Brazil,0,1,0,0,0.0,0.0,,fjelstul
WC-2019,2019 FIFA Women's World Cup,womens,2019,M-2019-30,group stage,group stage,Group C,2019-06-18,Stade des Alpes,Grenoble,France,Jamaica,Australia,Jamaica,Australia,1,4,0,0,0.0,0.0,,fjelstul
WC-2019,2019 FIFA Women's World Cup,womens,2019,M-2019-31,group stage,group stage,Group D,2019-06-19,Allianz Riviera,Nice,France,Japan,England,Japan,England,0,2,0,0,0.0,0.0,,fjelstul
WC-2019,2019 FIFA Women's World Cup,womens,2019,M-2019-32,group stage,group stage,Group D,2019-06-19,Parc des Princes,Paris,France,Scotland,Argentina,Scotland,Argentina,3,3,0,0,0.0,0.0,,fjelstul
WC-2019,2019 FIFA Women's World Cup,womens,2019,M-2019-33,group stage,group stage,Group E,2019-06-20,Stade de la Mosson,Montpellier,France,Cameroon,New Zealand,Cameroon,New Zealand,2,1,0,0,0.0,0.0,,fjelstul
WC-2019,2019 FIFA Women's World Cup,womens,2019,M-2019-34,group stage,group stage,Group E,2019-06-20,Stade Auguste-Delaune,Reims,France,Netherlands,Canada,Netherlands,Canada,2,1,0,0,0.0,0.0,,fjelstul
WC-2019,2019 FIFA Women's World Cup,womens,2019,M-2019-35,group stage,group stage,Group F,2019-06-20,Stade Océane,Le Havre,France,Sweden,United States,Sweden,United States,0,2,0,0,0.0,0.0,,fjelstul
WC-2019,2019 FIFA Women's World Cup,womens,2019,M-2019-36,group stage,group stage,Group F,2019-06-20,Roazhon Park,Rennes,France,Thailand,Chile,Thailand,Chile,0,2,0,0,0.0,0.0,,fjelstul
WC-2019,2019 FIFA Women's World Cup,womens,2019,M-2019-37,round of 16,round of 16,not applicable,2019-06-22,Stade des Alpes,Grenoble,France,Germany,Nigeria,Germany,Nigeria,3,0,0,0,0.0,0.0,,fjelstul
WC-2019,2019 FIFA Women's World Cup,womens,2019,M-2019-38,round of 16,round of 16,not applicable,2019-06-22,Allianz Riviera,Nice,France,Norway,Australia,Norway,Australia,1,1,1,1,4.0,1.0,,fjelstul
WC-2019,2019 FIFA Women's World Cup,womens,2019,M-2019-39,round of 16,round of 16,not applicable,2019-06-23,Stade du Hainaut,Valenciennes,France,England,Cameroon,England,Cameroon,3,0,0,0,0.0,0.0,,fjelstul
WC-2019,2019 FIFA Women's World Cup,womens,2019,M-2019-40,round of 16,round of 16,not applicable,2019-06-23,Stade Océane,Le Havre,France,France,Brazil,France,Brazil,2,1,1,0,0.0,0.0,,fjelstul
WC-2019,2019 FIFA Women's World Cup,womens,2019,M-2019-41,round of 16,round of 16,not applicable,2019-06-24,Stade Auguste-Delaune,Reims,France,Spain,United States,Spain,United States,1,2,0,0,0.0,0.0,,fjelstul
WC-2019,2019 FIFA Women's World Cup,womens,2019,M-2019-42,round of 16,round of 16,not applicable,2019-06-24,Parc des Princes,Paris,France,Sweden,Canada,Sweden,Canada,1,0,0,0,0.0,0.0,,fjelstul
WC-2019,2019 FIFA Women's World Cup,womens,2019,M-2019-43,round of 16,round of 16,not applicable,2019-06-25,Stade de la Mosson,Montpellier,France,Italy,China,Italy,China,2,0,0,0,0.0,0.0,,fjelstul
WC-2019,2019 FIFA Women's World Cup,womens,2019,M-2019-44,round of 16,round of 16,not applicable,2019-06-25,Roazhon Park,Rennes,France,Netherlands,Japan,Netherlands,Japan,2,1,0,0,0.0,0.0,,fjelstul
WC-2019,2019 FIFA Women's World Cup,womens,2019,M-2019-45,quarter-final,quarter-finals,not applicable,2019-06-27,Stade Océane,Le Havre,France,Norway,England,Norway,England,0,3,0,0,0.0,0.0,,fjelstul
WC-2019,2019 FIFA Women's World Cup,womens,2019,M-2019-46,quarter-final,quarter-finals,not applicable,2019-06-28,Parc des Princes,Paris,France,France,United States,France,United States,1,2,0,0,0.0,0.0,,fjelstul
WC-2019,2019 FIFA Women's World Cup,womens,2019,M-2019-47,quarter-final,quarter-finals,not applicable,2019-06-29,Stade du Hainaut,Valenciennes,France,Italy,Netherlands,Italy,Netherlands,0,2,0,0,0.0,0.0,,fjelstul
WC-2019,2019 FIFA Women's World Cup,womens,2019,M-2019-48,quarter-final,quarter-finals,not applicable,2019-06-29,Roazhon Park,Rennes,France,Germany,Sweden,Germany,Sweden,1,2,0,0,0.0,0.0,,fjelstul
WC-2019,2019 FIFA Women's World Cup,womens,2019,M-2019-49,semi-final,semi-finals,not applicable,2019-07-02,Parc Olympique Lyonnais,Lyon,France,England,United States,England,United States,1,2,0,0,0.0,0.0,,fjelstul
WC-2019,2019 FIFA Women's World Cup,womens,2019,M-2019-50,semi-final,semi-finals,not applicable,2019-07-03,Parc Olympique Lyonnais,Lyon,France,Netherlands,Sweden,Netherlands,Sweden,1,0,1,0,0.0,0.0,,fjelstul
WC-2019,2019 FIFA Women's World Cup,womens,2019,M-2019-51,third-place match,third-place match,not applicable,2019-07-06,Allianz Riviera,Nice,France,England,Sweden,England,Sweden,1,2,0,0,0.0,0.0,,fjelstul
WC-2019,2019 FIFA Women's World Cup,womens,2019,M-2019-52,final,final,not applicable,2019-07-07,Parc Olympique Lyonnais,Lyon,France,United States,Netherlands,United States,Netherlands,2,0,0,0,0.0,0.0,,fjelstul
WC-2022,2022 FIFA Men's World Cup,mens,2022,M-2022-01,group stage,group stage,Group A,2022-11-20,Al Bayt Stadium,Al Khor,Qatar,Qatar,Ecuador,Qatar,Ecuador,0,2,0,0,0.0,0.0,,fjelstul
WC-2022,2022 FIFA Men's World Cup,mens,2022,M-2022-02,group stage,group stage,Group B,2022-11-21,Khalifa International Stadium,Al Rayyan,Qatar,England,Iran,England,Iran,6,2,0,0,0.0,0.0,,fjelstul
WC-2022,2022 FIFA Men's World Cup,mens,2022,M-2022-03,group stage,group stage,Group A,2022-11-21,Al Thumama Stadium,Doha,Qatar,Senegal,Netherlands,Senegal,Netherlands,0,2,0,0,0.0,0.0,,fjelstul
WC-2022,2022 FIFA Men's World Cup,mens,2022,M-2022-04,group stage,group stage,Group B,2022-11-21,Ahmad bin Ali Stadium,Al Rayyan,Qatar,United States,Wales,United States,Wales,1,1,0,0,0.0,0.0,,fjelstul
WC-2022,2022 FIFA Men's World Cup,mens,2022,M-2022-05,group stage,group stage,Group C,2022-11-22,Lusail Stadium,Lusail,Qatar,Argentina,Saudi Arabia,Argentina,Saudi Arabia,1,2,0,0,0.0,0.0,,fjelstul
WC-2022,2022 FIFA Men's World Cup,mens,2022,M-2022-06,group stage,group stage,Group D,2022-11-22,Education City Stadium,Al Rayyan,Qatar,Denmark,Tunisia,Denmark,Tunisia,0,0,0,0,0.0,0.0,,fjelstul
WC-2022,2022 FIFA Men's World Cup,mens,2022,M-2022-07,group stage,group stage,Group C,2022-11-22,Stadium 974,Doha,Qatar,Mexico,Poland,Mexico,Poland,0,0,0,0,0.0,0.0,,fjelstul
WC-2022,2022 FIFA Men's World Cup,mens,2022,M-2022-08,group stage,group stage,Group D,2022-11-22,Al Janoub Stadium,Al Wakrah,Qatar,France,Australia,France,Australia,4,1,0,0,0.0,0.0,,fjelstul
WC-2022,2022 FIFA Men's World Cup,mens,2022,M-2022-09,group stage,group stage,Group F,2022-11-23,Al Bayt Stadium,Al Khor,Qatar,Morocco,Croatia,Morocco,Croatia,0,0,0,0,0.0,0.0,,fjelstul
WC-2022,2022 FIFA Men's World Cup,mens,2022,M-2022-10,group stage,group stage,Group E,2022-11-23,Khalifa International Stadium,Al Rayyan,Qatar,Germany,Japan,Germany,Japan,1,2,0,0,0.0,0.0,,fjelstul
WC-2022,2022 FIFA Men's World Cup,mens,2022,M-2022-11,group stage,group stage,Group E,2022-11-23,Al Thumama Stadium,Doha,Qatar,Spain,Costa Rica,Spain,Costa Rica,7,0,0,0,0.0,0.0,,fjelstul
WC-2022,2022 FIFA Men's World Cup,mens,2022,M-2022-12,group stage,group stage,Group F,2022-11-23,Ahmad bin Ali Stadium,Al Rayyan,Qatar,Belgium,Canada,Belgium,Canada,1,0,0,0,0.0,0.0,,fjelstul
WC-2022,2022 FIFA Men's World Cup,mens,2022,M-2022-13,group stage,group stage,Group G,2022-11-24,Al Janoub Stadium,Al Wakrah,Qatar,Switzerland,Cameroon,Switzerland,Cameroon,1,0,0,0,0.0,0.0,,fjelstul
WC-2022,2022 FIFA Men's World Cup,mens,2022,M-2022-14,group stage,group stage,Group H,2022-11-24,Education City Stadium,Al Rayyan,Qatar,Uruguay,South Korea,Uruguay,South Korea,0,0,0,0,0.0,0.0,,fjelstul
WC-2022,2022 FIFA Men's World Cup,mens,2022,M-2022-15,group stage,group stage,Group H,2022-11-24,Stadium 974,Doha,Qatar,Portugal,Ghana,Portugal,Ghana,3,2,0,0,0.0,0.0,,fjelstul
WC-2022,2022 FIFA Men's World Cup,mens,2022,M-2022-16,group stage,group stage,Group G,2022-11-24,Lusail Stadium,Lusail,Qatar,Brazil,Serbia,Brazil,Serbia,2,0,0,0,0.0,0.0,,fjelstul
WC-2022,2022 FIFA Men's World Cup,mens,2022,M-2022-17,group stage,group stage,Group B,2022-11-25,Ahmad bin Ali Stadium,Al Rayyan,Qatar,Wales,Iran,Wales,Iran,0,2,0,0,0.0,0.0,,fjelstul
WC-2022,2022 FIFA Men's World Cup,mens,2022,M-2022-18,group stage,group stage,Group A,2022-11-25,Al Thumama Stadium,Doha,Qatar,Qatar,Senegal,Qatar,Senegal,1,3,0,0,0.0,0.0,,fjelstul
WC-2022,2022 FIFA Men's World Cup,mens,2022,M-2022-19,group stage,group stage,Group A,2022-11-25,Khalifa International Stadium,Al Rayyan,Qatar,Netherlands,Ecuador,Netherlands,Ecuador,1,1,0,0,0.0,0.0,,fjelstul
WC-2022,2022 FIFA Men's World Cup,mens,2022,M-2022-20,group stage,group stage,Group B,2022-11-25,Al Bayt Stadium,Al Khor,Qatar,England,United States,England,United States,0,0,0,0,0.0,0.0,,fjelstul
WC-2022,2022 FIFA Men's World Cup,mens,2022,M-2022-21,group stage,group stage,Group D,2022-11-26,Al Janoub Stadium,Al Wakrah,Qatar,Tunisia,Australia,Tunisia,Australia,0,1,0,0,0.0,0.0,,fjelstul
WC-2022,2022 FIFA Men's World Cup,mens,2022,M-2022-22,group stage,group stage,Group C,2022-11-26,Education City Stadium,Al Rayyan,Qatar,Poland,Saudi Arabia,Poland,Saudi Arabia,2,0,0,0,0.0,0.0,,fjelstul
WC-2022,2022 FIFA Men's World Cup,mens,2022,M-2022-23,group stage,group stage,Group D,2022-11-26,Stadium 974,Doha,Qatar,France,Denmark,France,Denmark,2,1,0,0,0.0,0.0,,fjelstul
WC-2022,2022 FIFA Men's World Cup,mens,2022,M-2022-24,group stage,group stage,Group C,2022-11-26,Lusail Stadium,Lusail,Qatar,Argentina,Mexico,Argentina,Mexico,2,0,0,0,0.0,0.0,,fjelstul
WC-2022,2022 FIFA Men's World Cup,mens,2022,M-2022-25,group stage,group stage,Group E,2022-11-27,Ahmad bin Ali Stadium,Al Rayyan,Qatar,Japan,Costa Rica,Japan,Costa Rica,0,1,0,0,0.0,0.0,,fjelstul
WC-2022,2022 FIFA Men's World Cup,mens,2022,M-2022-26,group stage,group stage,Group F,2022-11-27,Al Thumama Stadium,Doha,Qatar,Belgium,Morocco,Belgium,Morocco,0,2,0,0,0.0,0.0,,fjelstul
WC-2022,2022 FIFA Men's World Cup,mens,2022,M-2022-27,group stage,group stage,Group F,2022-11-27,Khalifa International Stadium,Al Rayyan,Qatar,Croatia,Canada,Croatia,Canada,4,1,0,0,0.0,0.0,,fjelstul
WC-2022,2022 FIFA Men's World Cup,mens,2022,M-2022-28,group stage,group stage,Group E,2022-11-27,Al Bayt Stadium,Al Khor,Qatar,Spain,Germany,Spain,Germany,1,1,0,0,0.0,0.0,,fjelstul
WC-2022,2022 FIFA Men's World Cup,mens,2022,M-2022-29,group stage,group stage,Group G,2022-11-28,Al Janoub Stadium,Al Wakrah,Qatar,Cameroon,Serbia,Cameroon,Serbia,3,3,0,0,0.0,0.0,,fjelstul
WC-2022,2022 FIFA Men's World Cup,mens,2022,M-2022-30,group stage,group stage,Group H,2022-11-28,Education City Stadium,Al Rayyan,Qatar,South Korea,Ghana,South Korea,Ghana,2,3,0,0,0.0,0.0,,fjelstul
WC-2022,2022 FIFA Men's World Cup,mens,2022,M-2022-31,group stage,group stage,Group G,2022-11-28,Stadium 974,Doha,Qatar,Brazil,Switzerland,Brazil,Switzerland,1,0,0,0,0.0,0.0,,fjelstul
WC-2022,2022 FIFA Men's World Cup,mens,2022,M-2022-32,group stage,group stage,Group H,2022-11-28,Lusail Stadium,Lusail,Qatar,Portugal,Uruguay,Portugal,Uruguay,2,0,0,0,0.0,0.0,,fjelstul
WC-2022,2022 FIFA Men's World Cup,mens,2022,M-2022-33,group stage,group stage,Group A,2022-11-29,Khalifa International Stadium,Al Rayyan,Qatar,Ecuador,Senegal,Ecuador,Senegal,1,2,0,0,0.0,0.0,,fjelstul
WC-2022,2022 FIFA Men's World Cup,mens,2022,M-2022-34,group stage,group stage,Group A,2022-11-29,Al Bayt Stadium,Al Khor,Qatar,Netherlands,Qatar,Netherlands,Qatar,2,0,0,0,0.0,0.0,,fjelstul
WC-2022,2022 FIFA Men's World Cup,mens,2022,M-2022-35,group stage,group stage,Group B,2022-11-29,Al Thumama Stadium,Doha,Qatar,Iran,United States,Iran,United States,0,1,0,0,0.0,0.0,,fjelstul
WC-2022,2022 FIFA Men's World Cup,mens,2022,M-2022-36,group stage,group stage,Group B,2022-11-29,Ahmad bin Ali Stadium,Al Rayyan,Qatar,Wales,England,Wales,England,0,3,0,0,0.0,0.0,,fjelstul
WC-2022,2022 FIFA Men's World Cup,mens,2022,M-2022-37,group stage,group stage,Group D,2022-11-30,Al Janoub Stadium,Al Wakrah,Qatar,Australia,Denmark,Australia,Denmark,1,0,0,0,0.0,0.0,,fjelstul
WC-2022,2022 FIFA Men's World Cup,mens,2022,M-2022-38,group stage,group stage,Group D,2022-11-30,Education City Stadium,Al Rayyan,Qatar,Tunisia,France,Tunisia,France,1,0,0,0,0.0,0.0,,fjelstul
WC-2022,2022 FIFA Men's World Cup,mens,2022,M-2022-39,group stage,group stage,Group C,2022-11-30,Stadium 974,Doha,Qatar,Poland,Argentina,Poland,Argentina,0,2,0,0,0.0,0.0,,fjelstul
WC-2022,2022 FIFA Men's World Cup,mens,2022,M-2022-40,group stage,group stage,Group C,2022-11-30,Lusail Stadium,Lusail,Qatar,Saudi Arabia,Mexico,Saudi Arabia,Mexico,1,2,0,0,0.0,0.0,,fjelstul
WC-2022,2022 FIFA Men's World Cup,mens,2022,M-2022-41,group stage,group stage,Group F,2022-12-01,Al Thumama Stadium,Doha,Qatar,Canada,Morocco,Canada,Morocco,1,2,0,0,0.0,0.0,,fjelstul
WC-2022,2022 FIFA Men's World Cup,mens,2022,M-2022-42,group stage,group stage,Group F,2022-12-01,Ahmad bin Ali Stadium,Al Rayyan,Qatar,Croatia,Belgium,Croatia,Belgium,0,0,0,0,0.0,0.0,,fjelstul
WC-2022,2022 FIFA Men's World Cup,mens,2022,M-2022-43,group stage,group stage,Group E,2022-12-01,Al Bayt Stadium,Al Khor,Qatar,Costa Rica,Germany,Costa Rica,Germany,2,4,0,0,0.0,0.0,,fjelstul
WC-2022,2022 FIFA Men's World Cup,mens,2022,M-2022-44,group stage,group stage,Group E,2022-12-01,Khalifa International Stadium,Al Rayyan,Qatar,Japan,Spain,Japan,Spain,2,1,0,0,0.0,0.0,,fjelstul
WC-2022,2022 FIFA Men's World Cup,mens,2022,M-2022-45,group stage,group stage,Group H,2022-12-02,Al Janoub Stadium,Al Wakrah,Qatar,Ghana,Uruguay,Ghana,Uruguay,0,2,0,0,0.0,0.0,,fjelstul
WC-2022,2022 FIFA Men's World Cup,mens,2022,M-2022-46,group stage,group stage,Group H,2022-12-02,Education City Stadium,Al Rayyan,Qatar,South Korea,Portugal,South Korea,Portugal,2,1,0,0,0.0,0.0,,fjelstul
WC-2022,2022 FIFA Men's World Cup,mens,2022,M-2022-47,group stage,group stage,Group G,2022-12-02,Lusail Stadium,Lusail,Qatar,Cameroon,Brazil,Cameroon,Brazil,1,0,0,0,0.0,0.0,,fjelstul
WC-2022,2022 FIFA Men's World Cup,mens,2022,M-2022-48,group stage,group stage,Group G,2022-12-02,Stadium 974,Doha,Qatar,Serbia,Switzerland,Serbia,Switzerland,2,3,0,0,0.0,0.0,,fjelstul
WC-2022,2022 FIFA Men's World Cup,mens,2022,M-2022-49,round of 16,round of 16,not applicable,2022-12-03,Khalifa International Stadium,Al Rayyan,Qatar,Netherlands,United States,Netherlands,United States,3,1,0,0,0.0,0.0,,fjelstul
WC-2022,2022 FIFA Men's World Cup,mens,2022,M-2022-50,round of 16,round of 16,not applicable,2022-12-03,Ahmad bin Ali Stadium,Al Rayyan,Qatar,Argentina,Australia,Argentina,Australia,2,1,0,0,0.0,0.0,,fjelstul
WC-2022,2022 FIFA Men's World Cup,mens,2022,M-2022-51,round of 16,round of 16,not applicable,2022-12-04,Al Thumama Stadium,Doha,Qatar,France,Poland,France,Poland,3,1,0,0,0.0,0.0,,fjelstul
WC-2022,2022 FIFA Men's World Cup,mens,2022,M-2022-52,round of 16,round of 16,not applicable,2022-12-04,Al Bayt Stadium,Al Khor,Qatar,England,Senegal,England,Senegal,3,0,0,0,0.0,0.0,,fjelstul
WC-2022,2022 FIFA Men's World Cup,mens,2022,M-2022-53,round of 16,round of 16,not applicable,2022-12-05,Al Janoub Stadium,Al Wakrah,Qatar,Japan,Croatia,Japan,Croatia,1,1,1,1,1.0,3.0,,fjelstul
WC-2022,2022 FIFA Men's World Cup,mens,2022,M-2022-54,round of 16,round of 16,not applicable,2022-12-05,Stadium 974,Doha,Qatar,Brazil,South Korea,Brazil,South Korea,4,1,0,0,0.0,0.0,,fjelstul
WC-2022,2022 FIFA Men's World Cup,mens,2022,M-2022-55,round of 16,round of 16,not applicable,2022-12-06,Education City Stadium,Al Rayyan,Qatar,Morocco,Spain,Morocco,Spain,0,0,1,1,3.0,0.0,,fjelstul
WC-2022,2022 FIFA Men's World Cup,mens,2022,M-2022-56,round of 16,round of 16,not applicable,2022-12-06,Lusail Stadium,Lusail,Qatar,Portugal,Switzerland,Portugal,Switzerland,6,1,0,0,0.0,0.0,,fjelstul
WC-2022,2022 FIFA Men's World Cup,mens,2022,M-2022-57,quarter-finals,quarter-finals,not applicable,2022-12-09,Education City Stadium,Al Rayyan,Qatar,Croatia,Brazil,Croatia,Brazil,1,1,1,1,4.0,2.0,,fjelstul
WC-2022,2022 FIFA Men's World Cup,mens,2022,M-2022-58,quarter-finals,quarter-finals,not applicable,2022-12-09,Lusail Stadium,Lusail,Qatar,Netherlands,Argentina,Netherlands,Argentina,2,2,1,1,3.0,4.0,,fjelstul
WC-2022,2022 FIFA Men's World Cup,mens,2022,M-2022-59,quarter-finals,quarter-finals,not applicable,2022-12-10,Al Thumama Stadium,Doha,Qatar,Morocco,Portugal,Morocco,Portugal,1,0,0,0,0.0,0.0,,fjelstul
WC-2022,2022 FIFA Men's World Cup,mens,2022,M-2022-60,quarter-finals,quarter-finals,not applicable,2022-12-10,Al Bayt Stadium,Al Khor,Qatar,England,France,England,France,1,2,0,0,0.0,0.0,,fjelstul
WC-2022,2022 FIFA Men's World Cup,mens,2022,M-2022-61,semi-finals,semi-finals,not applicable,2022-12-13,Lusail Stadium,Lusail,Qatar,Argentina,Croatia,Argentina,Croatia,3,0,0,0,0.0,0.0,,fjelstul
WC-2022,2022 FIFA Men's World Cup,mens,2022,M-2022-62,semi-finals,semi-finals,not applicable,2022-12-14,Al Bayt Stadium,Al Khor,Qatar,France,Morocco,France,Morocco,2,0,0,0,0.0,0.0,,fjelstul
WC-2022,2022 FIFA Men's World Cup,mens,2022,M-2022-63,third-place match,third-place match,not applicable,2022-12-17,Khalifa International Stadium,Al Rayyan,Qatar,Croatia,Morocco,Croatia,Morocco,2,1,0,0,0.0,0.0,,fjelstul
WC-2022,2022 FIFA Men's World Cup,mens,2022,M-2022-64,final,final,not applicable,2022-12-18,Lusail Stadium,Lusail,Qatar,Argentina,France,Argentina,France,3,3,1,1,4.0,2.0,,fjelstul
WC-2026,2026 FIFA Men's World Cup,mens,2026,M-2026-001,group stage,group stage,Group A,2026-06-11,Estadio Azteca,Mexico City,,Mexico,South Africa,Mexico,South Africa,2,0,0,0,,,80824,wikipedia
WC-2026,2026 FIFA Men's World Cup,mens,2026,M-2026-002,group stage,group stage,Group A,2026-06-11,Estadio Akron,Zapopan,,South Korea,Czech Republic,South Korea,Czech Republic,2,1,0,0,,,44985,wikipedia
WC-2026,2026 FIFA Men's World Cup,mens,2026,M-2026-003,group stage,group stage,Group B,2026-06-12,BMO Field,Toronto,,Canada,Bosnia and Herzegovina,Canada,Bosnia and Herzegovina,1,1,0,0,,,43002,wikipedia
WC-2026,2026 FIFA Men's World Cup,mens,2026,M-2026-004,group stage,group stage,Group D,2026-06-12,SoFi Stadium,Inglewood,,United States,Paraguay,United States,Paraguay,4,1,0,0,,,70492,wikipedia
WC-2026,2026 FIFA Men's World Cup,mens,2026,M-2026-005,group stage,group stage,Group B,2026-06-13,Levi's Stadium,Santa Clara,,Qatar,Switzerland,Qatar,Switzerland,1,1,0,0,,,67966,wikipedia
WC-2026,2026 FIFA Men's World Cup,mens,2026,M-2026-006,group stage,group stage,Group C,2026-06-13,MetLife Stadium,East Rutherford,,Brazil,Morocco,Brazil,Morocco,1,1,0,0,,,80663,wikipedia
WC-2026,2026 FIFA Men's World Cup,mens,2026,M-2026-007,group stage,group stage,Group D,2026-06-13,BC Place,Vancouver,,Australia,Turkey,Australia,Turkey,2,0,0,0,,,52497,wikipedia
WC-2026,2026 FIFA Men's World Cup,mens,2026,M-2026-008,group stage,group stage,Group C,2026-06-13,Gillette Stadium,Foxborough,,Haiti,Scotland,Haiti,Scotland,0,1,0,0,,,64146,wikipedia
WC-2026,2026 FIFA Men's World Cup,mens,2026,M-2026-009,group stage,group stage,Group E,2026-06-14,NRG Stadium,Houston,,Germany,Curaçao,Germany,Curaçao,7,1,0,0,,,68021,wikipedia
WC-2026,2026 FIFA Men's World Cup,mens,2026,M-2026-010,group stage,group stage,Group F,2026-06-14,AT&T Stadium,Arlington,,Netherlands,Japan,Netherlands,Japan,2,2,0,0,,,69285,wikipedia
WC-2026,2026 FIFA Men's World Cup,mens,2026,M-2026-011,group stage,group stage,Group E,2026-06-14,Lincoln Financial Field,Philadelphia,,Ivory Coast,Ecuador,Ivory Coast,Ecuador,1,0,0,0,,,68274,wikipedia
WC-2026,2026 FIFA Men's World Cup,mens,2026,M-2026-012,group stage,group stage,Group F,2026-06-14,Estadio BBVA,Guadalupe,,Sweden,Tunisia,Sweden,Tunisia,5,1,0,0,,,50987,wikipedia
WC-2026,2026 FIFA Men's World Cup,mens,2026,M-2026-013,group stage,group stage,Group G,2026-06-15,Lumen Field,Seattle,,Belgium,Egypt,Belgium,Egypt,1,1,0,0,,,66775,wikipedia
WC-2026,2026 FIFA Men's World Cup,mens,2026,M-2026-014,group stage,group stage,Group H,2026-06-15,Mercedes-Benz Stadium,Atlanta,,Spain,Cape Verde,Spain,Cape Verde,0,0,0,0,,,67640,wikipedia
WC-2026,2026 FIFA Men's World Cup,mens,2026,M-2026-015,group stage,group stage,Group G,2026-06-15,SoFi Stadium,Inglewood,,Iran,New Zealand,Iran,New Zealand,2,2,0,0,,,70108,wikipedia
WC-2026,2026 FIFA Men's World Cup,mens,2026,M-2026-016,group stage,group stage,Group H,2026-06-15,Hard Rock Stadium,Miami Gardens,,Saudi Arabia,Uruguay,Saudi Arabia,Uruguay,1,1,0,0,,,62764,wikipedia
WC-2026,2026 FIFA Men's World Cup,mens,2026,M-2026-017,group stage,group stage,Group I,2026-06-16,MetLife Stadium,East Rutherford,,France,Senegal,France,Senegal,3,1,0,0,,,80545,wikipedia
WC-2026,2026 FIFA Men's World Cup,mens,2026,M-2026-018,group stage,group stage,Group I,2026-06-16,Gillette Stadium,Foxborough,,Iraq,Norway,Iraq,Norway,1,4,0,0,,,63106,wikipedia
WC-2026,2026 FIFA Men's World Cup,mens,2026,M-2026-019,group stage,group stage,Group J,2026-06-16,Arrowhead Stadium,Kansas City,,Argentina,Algeria,Argentina,Algeria,3,0,0,0,,,69045,wikipedia
WC-2026,2026 FIFA Men's World Cup,mens,2026,M-2026-020,group stage,group stage,Group J,2026-06-16,Levi's Stadium,Santa Clara,,Austria,Jordan,Austria,Jordan,3,1,0,0,,,68527,wikipedia
WC-2026,2026 FIFA Men's World Cup,mens,2026,M-2026-021,group stage,group stage,Group K,2026-06-17,NRG Stadium,Houston,,Portugal,DR Congo,Portugal,DR Congo,1,1,0,0,,,68777,wikipedia
WC-2026,2026 FIFA Men's World Cup,mens,2026,M-2026-022,group stage,group stage,Group L,2026-06-17,AT&T Stadium,Arlington,,England,Croatia,England,Croatia,4,2,0,0,,,70389,wikipedia
WC-2026,2026 FIFA Men's World Cup,mens,2026,M-2026-023,group stage,group stage,Group L,2026-06-17,BMO Field,Toronto,,Ghana,Panama,Ghana,Panama,1,0,0,0,,,42942,wikipedia
WC-2026,2026 FIFA Men's World Cup,mens,2026,M-2026-024,group stage,group stage,Group K,2026-06-17,Estadio Azteca,Mexico City,,Uzbekistan,Colombia,Uzbekistan,Colombia,1,3,0,0,,,80824,wikipedia
WC-2026,2026 FIFA Men's World Cup,mens,2026,M-2026-025,group stage,group stage,Group A,2026-06-18,Mercedes-Benz Stadium,Atlanta,,Czech Republic,South Africa,Czech Republic,South Africa,1,1,0,0,,,67442,wikipedia
WC-2026,2026 FIFA Men's World Cup,mens,2026,M-2026-026,group stage,group stage,Group B,2026-06-18,SoFi Stadium,Inglewood,,Switzerland,Bosnia and Herzegovina,Switzerland,Bosnia and Herzegovina,4,1,0,0,,,70026,wikipedia
WC-2026,2026 FIFA Men's World Cup,mens,2026,M-2026-027,group stage,group stage,Group B,2026-06-18,BC Place,Vancouver,,Canada,Qatar,Canada,Qatar,6,0,0,0,,,52497,wikipedia
WC-2026,2026 FIFA Men's World Cup,mens,2026,M-2026-028,group stage,group stage,Group A,2026-06-18,Estadio Akron,Zapopan,,Mexico,South Korea,Mexico,South Korea,1,0,0,0,,,45522,wikipedia
WC-2026,2026 FIFA Men's World Cup,mens,2026,M-2026-029,group stage,group stage,Group D,2026-06-19,Lumen Field,Seattle,,United States,Australia,United States,Australia,2,0,0,0,,,66925,wikipedia
WC-2026,2026 FIFA Men's World Cup,mens,2026,M-2026-030,group stage,group stage,Group C,2026-06-19,Gillette Stadium,Foxborough,,Scotland,Morocco,Scotland,Morocco,0,1,0,0,,,64146,wikipedia
WC-2026,2026 FIFA Men's World Cup,mens,2026,M-2026-031,group stage,group stage,Group D,2026-06-19,Levi's Stadium,Santa Clara,,Turkey,Paraguay,Turkey,Paraguay,0,1,0,0,,,68827,wikipedia
WC-2026,2026 FIFA Men's World Cup,mens,2026,M-2026-032,group stage,group stage,Group C,2026-06-19,Lincoln Financial Field,Philadelphia,,Brazil,Haiti,Brazil,Haiti,3,0,0,0,,,68324,wikipedia
WC-2026,2026 FIFA Men's World Cup,mens,2026,M-2026-033,group stage,group stage,Group F,2026-06-20,Estadio BBVA,Guadalupe,,Tunisia,Japan,Tunisia,Japan,0,4,0,0,,,51243,wikipedia
WC-2026,2026 FIFA Men's World Cup,mens,2026,M-2026-034,group stage,group stage,Group F,2026-06-20,NRG Stadium,Houston,,Netherlands,Sweden,Netherlands,Sweden,5,1,0,0,,,68777,wikipedia
WC-2026,2026 FIFA Men's World Cup,mens,2026,M-2026-035,group stage,group stage,Group E,2026-06-20,BMO Field,Toronto,,Germany,Ivory Coast,Germany,Ivory Coast,2,1,0,0,,,43036,wikipedia
WC-2026,2026 FIFA Men's World Cup,mens,2026,M-2026-036,group stage,group stage,Group E,2026-06-20,Arrowhead Stadium,Kansas City,,Ecuador,Curaçao,Ecuador,Curaçao,0,0,0,0,,,68598,wikipedia
WC-2026,2026 FIFA Men's World Cup,mens,2026,M-2026-037,group stage,group stage,Group G,2026-06-21,SoFi Stadium,Inglewood,,Belgium,Iran,Belgium,Iran,0,0,0,0,,,70317,wikipedia
WC-2026,2026 FIFA Men's World Cup,mens,2026,M-2026-038,group stage,group stage,Group H,2026-06-21,Mercedes-Benz Stadium,Atlanta,,Spain,Saudi Arabia,Spain,Saudi Arabia,4,0,0,0,,,68239,wikipedia
WC-2026,2026 FIFA Men's World Cup,mens,2026,M-2026-039,group stage,group stage,Group G,2026-06-21,BC Place,Vancouver,,New Zealand,Egypt,New Zealand,Egypt,1,3,0,0,,,52497,wikipedia
WC-2026,2026 FIFA Men's World Cup,mens,2026,M-2026-040,group stage,group stage,Group H,2026-06-21,Hard Rock Stadium,Miami Gardens,,Uruguay,Cape Verde,Uruguay,Cape Verde,2,2,0,0,,,64003,wikipedia
WC-2026,2026 FIFA Men's World Cup,mens,2026,M-2026-041,group stage,group stage,Group J,2026-06-22,AT&T Stadium,Arlington,,Argentina,Austria,Argentina,Austria,2,0,0,0,,,70649,wikipedia
WC-2026,2026 FIFA Men's World Cup,mens,2026,M-2026-042,group stage,group stage,Group I,2026-06-22,Lincoln Financial Field,Philadelphia,,France,Iraq,France,Iraq,3,0,0,0,,,68324,wikipedia
WC-2026,2026 FIFA Men's World Cup,mens,2026,M-2026-043,group stage,group stage,Group I,2026-06-22,MetLife Stadium,East Rutherford,,Norway,Senegal,Norway,Senegal,3,2,0,0,,,80663,wikipedia
WC-2026,2026 FIFA Men's World Cup,mens,2026,M-2026-044,group stage,group stage,Group J,2026-06-22,Levi's Stadium,Santa Clara,,Jordan,Algeria,Jordan,Algeria,1,2,0,0,,,68371,wikipedia
WC-2026,2026 FIFA Men's World Cup,mens,2026,M-2026-045,group stage,group stage,Group K,2026-06-23,NRG Stadium,Houston,,Portugal,Uzbekistan,Portugal,Uzbekistan,5,0,0,0,,,68777,wikipedia
WC-2026,2026 FIFA Men's World Cup,mens,2026,M-2026-046,group stage,group stage,Group L,2026-06-23,Gillette Stadium,Foxborough,,England,Ghana,England,Ghana,0,0,0,0,,,63983,wikipedia
WC-2026,2026 FIFA Men's World Cup,mens,2026,M-2026-047,group stage,group stage,Group L,2026-06-23,BMO Field,Toronto,,Panama,Croatia,Panama,Croatia,0,1,0,0,,,43036,wikipedia
WC-2026,2026 FIFA Men's World Cup,mens,2026,M-2026-048,group stage,group stage,Group K,2026-06-23,Estadio Akron,Zapopan,,Colombia,DR Congo,Colombia,DR Congo,1,0,0,0,,,45358,wikipedia
WC-2026,2026 FIFA Men's World Cup,mens,2026,M-2026-049,group stage,group stage,Group B,2026-06-24,Lumen Field,Seattle,,Bosnia and Herzegovina,Qatar,Bosnia and Herzegovina,Qatar,3,1,0,0,,,66925,wikipedia
WC-2026,2026 FIFA Men's World Cup,mens,2026,M-2026-050,group stage,group stage,Group B,2026-06-24,BC Place,Vancouver,,Switzerland,Canada,Switzerland,Canada,2,1,0,0,,,52497,wikipedia
WC-2026,2026 FIFA Men's World Cup,mens,2026,M-2026-051,group stage,group stage,Group C,2026-06-24,Mercedes-Benz Stadium,Atlanta,,Morocco,Haiti,Morocco,Haiti,4,2,0,0,,,68239,wikipedia
WC-2026,2026 FIFA Men's World Cup,mens,2026,M-2026-052,group stage,group stage,Group C,2026-06-24,Hard Rock Stadium,Miami Gardens,,Scotland,Brazil,Scotland,Brazil,0,3,0,0,,,64478,wikipedia
WC-2026,2026 FIFA Men's World Cup,mens,2026,M-2026-053,group stage,group stage,Group A,2026-06-24,Estadio Azteca,Mexico City,,Czech Republic,Mexico,Czech Republic,Mexico,0,3,0,0,,,80824,wikipedia
WC-2026,2026 FIFA Men's World Cup,mens,2026,M-2026-054,group stage,group stage,Group A,2026-06-24,Estadio BBVA,Guadalupe,,South Africa,South Korea,South Africa,South Korea,1,0,0,0,,,51243,wikipedia
WC-2026,2026 FIFA Men's World Cup,mens,2026,M-2026-055,group stage,group stage,Group E,2026-06-25,Lincoln Financial Field,Philadelphia,,Curaçao,Ivory Coast,Curaçao,Ivory Coast,0,2,0,0,,,68324,wikipedia
WC-2026,2026 FIFA Men's World Cup,mens,2026,M-2026-056,group stage,group stage,Group E,2026-06-25,MetLife Stadium,East Rutherford,,Ecuador,Germany,Ecuador,Germany,2,1,0,0,,,80663,wikipedia
WC-2026,2026 FIFA Men's World Cup,mens,2026,M-2026-057,group stage,group stage,Group F,2026-06-25,AT&T Stadium,Arlington,,Japan,Sweden,Japan,Sweden,1,1,0,0,,,70137,wikipedia
WC-2026,2026 FIFA Men's World Cup,mens,2026,M-2026-058,group stage,group stage,Group F,2026-06-25,Arrowhead Stadium,Kansas City,,Tunisia,Netherlands,Tunisia,Netherlands,1,3,0,0,,,68391,wikipedia
WC-2026,2026 FIFA Men's World Cup,mens,2026,M-2026-059,group stage,group stage,Group D,2026-06-25,Levi's Stadium,Santa Clara,,Paraguay,Australia,Paraguay,Australia,0,0,0,0,,,68827,wikipedia
WC-2026,2026 FIFA Men's World Cup,mens,2026,M-2026-060,group stage,group stage,Group D,2026-06-25,SoFi Stadium,Inglewood,,Turkey,United States,Turkey,United States,3,2,0,0,,,70492,wikipedia
WC-2026,2026 FIFA Men's World Cup,mens,2026,M-2026-061,group stage,group stage,Group I,2026-06-26,Gillette Stadium,Foxborough,,Norway,France,Norway,France,1,4,0,0,,,64146,wikipedia
WC-2026,2026 FIFA Men's World Cup,mens,2026,M-2026-062,group stage,group stage,Group I,2026-06-26,BMO Field,Toronto,,Senegal,Iraq,Senegal,Iraq,5,0,0,0,,,43036,wikipedia
WC-2026,2026 FIFA Men's World Cup,mens,2026,M-2026-063,group stage,group stage,Group H,2026-06-26,Estadio Akron,Zapopan,,Uruguay,Spain,Uruguay,Spain,0,1,0,0,,,45065,wikipedia
WC-2026,2026 FIFA Men's World Cup,mens,2026,M-2026-064,group stage,group stage,Group H,2026-06-26,NRG Stadium,Houston,,Cape Verde,Saudi Arabia,Cape Verde,Saudi Arabia,0,0,0,0,,,68278,wikipedia
WC-2026,2026 FIFA Men's World Cup,mens,2026,M-2026-065,group stage,group stage,Group G,2026-06-26,Lumen Field,Seattle,,Egypt,Iran,Egypt,Iran,1,1,0,0,,,66925,wikipedia
WC-2026,2026 FIFA Men's World Cup,mens,2026,M-2026-066,group stage,group stage,Group G,2026-06-26,BC Place,Vancouver,,New Zealand,Belgium,New Zealand,Belgium,1,5,0,0,,,52497,wikipedia
WC-2026,2026 FIFA Men's World Cup,mens,2026,M-2026-067,group stage,group stage,Group L,2026-06-27,Lincoln Financial Field,Philadelphia,,Croatia,Ghana,Croatia,Ghana,2,1,0,0,,,68324,wikipedia
WC-2026,2026 FIFA Men's World Cup,mens,2026,M-2026-068,group stage,group stage,Group L,2026-06-27,MetLife Stadium,East Rutherford,,Panama,England,Panama,England,0,2,0,0,,,80663,wikipedia
WC-2026,2026 FIFA Men's World Cup,mens,2026,M-2026-069,group stage,group stage,Group K,2026-06-27,Hard Rock Stadium,Miami Gardens,,Colombia,Portugal,Colombia,Portugal,0,0,0,0,,,64478,wikipedia
WC-2026,2026 FIFA Men's World Cup,mens,2026,M-2026-070,group stage,group stage,Group K,2026-06-27,Mercedes-Benz Stadium,Atlanta,,DR Congo,Uzbekistan,DR Congo,Uzbekistan,3,1,0,0,,,68239,wikipedia
WC-2026,2026 FIFA Men's World Cup,mens,2026,M-2026-071,group stage,group stage,Group J,2026-06-27,Arrowhead Stadium,Kansas City,,Algeria,Austria,Algeria,Austria,3,3,0,0,,,69045,wikipedia
WC-2026,2026 FIFA Men's World Cup,mens,2026,M-2026-072,group stage,group stage,Group J,2026-06-27,AT&T Stadium,Arlington,,Jordan,Argentina,Jordan,Argentina,1,3,0,0,,,70649,wikipedia
WC-2026,2026 FIFA Men's World Cup,mens,2026,M-2026-073,Round of 32,round of 32,,2026-06-28,SoFi Stadium,Inglewood,,South Africa,Canada,South Africa,Canada,0,1,0,0,,,69237,wikipedia
WC-2026,2026 FIFA Men's World Cup,mens,2026,M-2026-074,Round of 32,round of 32,,2026-06-29,NRG Stadium,Houston,,Brazil,Japan,Brazil,Japan,2,1,0,0,,,68777,wikipedia
WC-2026,2026 FIFA Men's World Cup,mens,2026,M-2026-075,Round of 32,round of 32,,2026-06-29,Gillette Stadium,Foxborough,,Germany,Paraguay,Germany,Paraguay,1,1,1,1,3.0,4.0,63945,wikipedia
WC-2026,2026 FIFA Men's World Cup,mens,2026,M-2026-076,Round of 32,round of 32,,2026-06-29,Estadio BBVA,Guadalupe,,Netherlands,Morocco,Netherlands,Morocco,1,1,1,1,2.0,3.0,51243,wikipedia
WC-2026,2026 FIFA Men's World Cup,mens,2026,M-2026-077,Round of 32,round of 32,,2026-06-30,AT&T Stadium,Arlington,,Ivory Coast,Norway,Ivory Coast,Norway,1,2,0,0,,,69665,wikipedia
WC-2026,2026 FIFA Men's World Cup,mens,2026,M-2026-078,Round of 32,round of 32,,2026-06-30,MetLife Stadium,East Rutherford,,France,Sweden,France,Sweden,3,0,0,0,,,80663,wikipedia
WC-2026,2026 FIFA Men's World Cup,mens,2026,M-2026-079,Round of 32,round of 32,,2026-06-30,Estadio Azteca,Mexico City,,Mexico,Ecuador,Mexico,Ecuador,2,0,0,0,,,80824,wikipedia
WC-2026,2026 FIFA Men's World Cup,mens,2026,M-2026-080,Round of 32,round of 32,,2026-07-01,Mercedes-Benz Stadium,Atlanta,,England,DR Congo,England,DR Congo,2,1,0,0,,,68239,wikipedia
WC-2026,2026 FIFA Men's World Cup,mens,2026,M-2026-081,Round of 32,round of 32,,2026-07-01,Lumen Field,Seattle,,Belgium,Senegal,Belgium,Senegal,3,2,1,0,,,66925,wikipedia
WC-2026,2026 FIFA Men's World Cup,mens,2026,M-2026-082,Round of 32,round of 32,,2026-07-01,Levi's Stadium,Santa Clara,,United States,Bosnia and Herzegovina,United States,Bosnia and Herzegovina,2,0,0,0,,,68827,wikipedia
WC-2026,2026 FIFA Men's World Cup,mens,2026,M-2026-083,Round of 32,round of 32,,2026-07-02,SoFi Stadium,Inglewood,,Spain,Austria,Spain,Austria,3,0,0,0,,,70492,wikipedia
WC-2026,2026 FIFA Men's World Cup,mens,2026,M-2026-084,Round of 32,round of 32,,2026-07-02,BMO Field,Toronto,,Portugal,Croatia,Portugal,Croatia,2,1,0,0,,,43036,wikipedia
WC-2026,2026 FIFA Men's World Cup,mens,2026,M-2026-085,Round of 32,round of 32,,2026-07-02,BC Place,Vancouver,,Switzerland,Algeria,Switzerland,Algeria,2,0,0,0,,,52497,wikipedia
WC-2026,2026 FIFA Men's World Cup,mens,2026,M-2026-086,Round of 32,round of 32,,2026-07-03,AT&T Stadium,Arlington,,Australia,Egypt,Australia,Egypt,1,1,1,1,2.0,4.0,70244,wikipedia
WC-2026,2026 FIFA Men's World Cup,mens,2026,M-2026-087,Round of 32,round of 32,,2026-07-03,Hard Rock Stadium,Miami Gardens,,Argentina,Cape Verde,Argentina,Cape Verde,3,2,1,0,,,64478,wikipedia
WC-2026,2026 FIFA Men's World Cup,mens,2026,M-2026-088,Round of 32,round of 32,,2026-07-03,Arrowhead Stadium,Kansas City,,Colombia,Ghana,Colombia,Ghana,1,0,0,0,,,69045,wikipedia
WC-2026,2026 FIFA Men's World Cup,mens,2026,M-2026-089,Round of 16,round of 16,,2026-07-04,NRG Stadium,Houston,,Canada,Morocco,Canada,Morocco,0,3,0,0,,,68777,wikipedia
WC-2026,2026 FIFA Men's World Cup,mens,2026,M-2026-090,Round of 16,round of 16,,2026-07-04,Lincoln Financial Field,Philadelphia,,Paraguay,France,Paraguay,France,0,1,0,0,,,68324,wikipedia
WC-2026,2026 FIFA Men's World Cup,mens,2026,M-2026-091,Round of 16,round of 16,,2026-07-05,MetLife Stadium,East Rutherford,,Brazil,Norway,Brazil,Norway,1,2,0,0,,,80663,wikipedia
WC-2026,2026 FIFA Men's World Cup,mens,2026,M-2026-092,Round of 16,round of 16,,2026-07-05,Estadio Azteca,Mexico City,,Mexico,England,Mexico,England,2,3,0,0,,,80824,wikipedia
WC-2026,2026 FIFA Men's World Cup,mens,2026,M-2026-093,Round of 16,round of 16,,2026-07-06,AT&T Stadium,Arlington,,Portugal,Spain,Portugal,Spain,0,1,0,0,,,70649,wikipedia
WC-2026,2026 FIFA Men's World Cup,mens,2026,M-2026-094,Round of 16,round of 16,,2026-07-06,Lumen Field,Seattle,,United States,Belgium,United States,Belgium,1,4,0,0,,,66925,wikipedia
WC-2026,2026 FIFA Men's World Cup,mens,2026,M-2026-095,Round of 16,round of 16,,2026-07-07,Mercedes-Benz Stadium,Atlanta,,Argentina,Egypt,Argentina,Egypt,3,2,0,0,,,68239,wikipedia
WC-2026,2026 FIFA Men's World Cup,mens,2026,M-2026-096,Round of 16,round of 16,,2026-07-07,BC Place,Vancouver,,Switzerland,Colombia,Switzerland,Colombia,0,0,1,1,4.0,3.0,52497,wikipedia
WC-2026,2026 FIFA Men's World Cup,mens,2026,M-2026-097,Quarterfinals,quarter-finals,,2026-07-09,Gillette Stadium,Foxborough,,France,Morocco,France,Morocco,2,0,0,0,,,63811,wikipedia
WC-2026,2026 FIFA Men's World Cup,mens,2026,M-2026-098,Quarterfinals,quarter-finals,,2026-07-10,SoFi Stadium,Inglewood,,Spain,Belgium,Spain,Belgium,2,1,0,0,,,70492,wikipedia
WC-2026,2026 FIFA Men's World Cup,mens,2026,M-2026-099,Quarterfinals,quarter-finals,,2026-07-11,Hard Rock Stadium,Miami Gardens,,Norway,England,Norway,England,1,2,1,0,,,64478,wikipedia
WC-2026,2026 FIFA Men's World Cup,mens,2026,M-2026-100,Quarterfinals,quarter-finals,,2026-07-11,Arrowhead Stadium,Kansas City,,Argentina,Switzerland,Argentina,Switzerland,3,1,1,0,,,69045,wikipedia
WC-2026,2026 FIFA Men's World Cup,mens,2026,M-2026-101,Semifinals,semi-finals,,2026-07-14,AT&T Stadium,Arlington,,France,Spain,France,Spain,0,2,0,0,,,70176,wikipedia
WC-2026,2026 FIFA Men's World Cup,mens,2026,M-2026-102,Semifinals,semi-finals,,2026-07-15,Mercedes-Benz Stadium,Atlanta,,England,Argentina,England,Argentina,1,2,0,0,,,68239,wikipedia
WC-2026,2026 FIFA Men's World Cup,mens,2026,M-2026-103,Match for third place,third-place match,,2026-07-18,Hard Rock Stadium,Miami Gardens,,France,England,France,England,4,6,0,0,,,64478,wikipedia
WC-2026,2026 FIFA Men's World Cup,mens,2026,M-2026-104,Final,final,,2026-07-19,MetLife Stadium,East Rutherford,,Spain,Argentina,Spain,Argentina,1,0,1,0,,,80663,wikipedia
