match_id,tournament_id,year,stage,match_date,venue_id,country_name,penalty_shootout,team,opponent,goals_for,goals_against,pens_for,pens_against,home_away,result
M-1930-01,WC-1930,1930,group stage,1930-07-13,V-208,Uruguay,0,Mexico,France,1,4,,,away,L
M-1930-01,WC-1930,1930,group stage,1930-07-13,V-208,Uruguay,0,France,Mexico,4,1,,,home,W
M-1930-02,WC-1930,1930,group stage,1930-07-13,V-207,Uruguay,0,Belgium,United States,0,3,,,away,L
M-1930-02,WC-1930,1930,group stage,1930-07-13,V-207,Uruguay,0,United States,Belgium,3,0,,,home,W
M-1930-03,WC-1930,1930,group stage,1930-07-14,V-207,Uruguay,0,Brazil,Serbia,1,2,,,away,L
M-1930-03,WC-1930,1930,group stage,1930-07-14,V-207,Uruguay,0,Serbia,Brazil,2,1,,,home,W
M-1930-04,WC-1930,1930,group stage,1930-07-14,V-208,Uruguay,0,Peru,Romania,1,3,,,away,L
M-1930-04,WC-1930,1930,group stage,1930-07-14,V-208,Uruguay,0,Romania,Peru,3,1,,,home,W
M-1930-05,WC-1930,1930,group stage,1930-07-15,V-207,Uruguay,0,France,Argentina,0,1,,,away,L
M-1930-05,WC-1930,1930,group stage,1930-07-15,V-207,Uruguay,0,Argentina,France,1,0,,,home,W
M-1930-06,WC-1930,1930,group stage,1930-07-16,V-207,Uruguay,0,Mexico,Chile,0,3,,,away,L
M-1930-06,WC-1930,1930,group stage,1930-07-16,V-207,Uruguay,0,Chile,Mexico,3,0,,,home,W
M-1930-07,WC-1930,1930,group stage,1930-07-17,V-207,Uruguay,0,Bolivia,Serbia,0,4,,,away,L
M-1930-07,WC-1930,1930,group stage,1930-07-17,V-207,Uruguay,0,Serbia,Bolivia,4,0,,,home,W
M-1930-08,WC-1930,1930,group stage,1930-07-17,V-207,Uruguay,0,Paraguay,United States,0,3,,,away,L
M-1930-08,WC-1930,1930,group stage,1930-07-17,V-207,Uruguay,0,United States,Paraguay,3,0,,,home,W
M-1930-09,WC-1930,1930,group stage,1930-07-18,V-206,Uruguay,0,Peru,Uruguay,0,1,,,away,L
M-1930-09,WC-1930,1930,group stage,1930-07-18,V-206,Uruguay,0,Uruguay,Peru,1,0,,,home,W
M-1930-10,WC-1930,1930,group stage,1930-07-19,V-206,Uruguay,0,France,Chile,0,1,,,away,L
M-1930-10,WC-1930,1930,group stage,1930-07-19,V-206,Uruguay,0,Chile,France,1,0,,,home,W
M-1930-11,WC-1930,1930,group stage,1930-07-19,V-206,Uruguay,0,Mexico,Argentina,3,6,,,away,L
M-1930-11,WC-1930,1930,group stage,1930-07-19,V-206,Uruguay,0,Argentina,Mexico,6,3,,,home,W
M-1930-12,WC-1930,1930,group stage,1930-07-20,V-206,Uruguay,0,Bolivia,Brazil,0,4,,,away,L
M-1930-12,WC-1930,1930,group stage,1930-07-20,V-206,Uruguay,0,Brazil,Bolivia,4,0,,,home,W
M-1930-13,WC-1930,1930,group stage,1930-07-20,V-206,Uruguay,0,Belgium,Paraguay,0,1,,,away,L
M-1930-13,WC-1930,1930,group stage,1930-07-20,V-206,Uruguay,0,Paraguay,Belgium,1,0,,,home,W
M-1930-14,WC-1930,1930,group stage,1930-07-21,V-206,Uruguay,0,Romania,Uruguay,0,4,,,away,L
M-1930-14,WC-1930,1930,group stage,1930-07-21,V-206,Uruguay,0,Uruguay,Romania,4,0,,,home,W
M-1930-15,WC-1930,1930,group stage,1930-07-22,V-206,Uruguay,0,Chile,Argentina,1,3,,,away,L
M-1930-15,WC-1930,1930,group stage,1930-07-22,V-206,Uruguay,0,Argentina,Chile,3,1,,,home,W
M-1930-16,WC-1930,1930,semi-finals,1930-07-26,V-206,Uruguay,0,United States,Argentina,1,6,,,away,L
M-1930-16,WC-1930,1930,semi-finals,1930-07-26,V-206,Uruguay,0,Argentina,United States,6,1,,,home,W
M-1930-17,WC-1930,1930,semi-finals,1930-07-27,V-206,Uruguay,0,Serbia,Uruguay,1,6,,,away,L
M-1930-17,WC-1930,1930,semi-finals,1930-07-27,V-206,Uruguay,0,Uruguay,Serbia,6,1,,,home,W
M-1930-18,WC-1930,1930,final,1930-07-30,V-206,Uruguay,0,Argentina,Uruguay,2,4,,,away,L
M-1930-18,WC-1930,1930,final,1930-07-30,V-206,Uruguay,0,Uruguay,Argentina,4,2,,,home,W
M-1934-01,WC-1934,1934,round of 16,1934-05-27,V-083,Italy,0,France,Austria,2,3,,,away,L
M-1934-01,WC-1934,1934,round of 16,1934-05-27,V-083,Italy,0,Austria,France,3,2,,,home,W
M-1934-02,WC-1934,1934,round of 16,1934-05-27,V-082,Italy,0,Romania,Czech Republic,1,2,,,away,L
M-1934-02,WC-1934,1934,round of 16,1934-05-27,V-082,Italy,0,Czech Republic,Romania,2,1,,,home,W
M-1934-03,WC-1934,1934,round of 16,1934-05-27,V-074,Italy,0,Belgium,Germany,2,5,,,away,L
M-1934-03,WC-1934,1934,round of 16,1934-05-27,V-074,Italy,0,Germany,Belgium,5,2,,,home,W
M-1934-04,WC-1934,1934,round of 16,1934-05-27,V-077,Italy,0,Egypt,Hungary,2,4,,,away,L
M-1934-04,WC-1934,1934,round of 16,1934-05-27,V-077,Italy,0,Hungary,Egypt,4,2,,,home,W
M-1934-05,WC-1934,1934,round of 16,1934-05-27,V-080,Italy,0,United States,Italy,1,7,,,away,L
M-1934-05,WC-1934,1934,round of 16,1934-05-27,V-080,Italy,0,Italy,United States,7,1,,,home,W
M-1934-06,WC-1934,1934,round of 16,1934-05-27,V-075,Italy,0,Brazil,Spain,1,3,,,away,L
M-1934-06,WC-1934,1934,round of 16,1934-05-27,V-075,Italy,0,Spain,Brazil,3,1,,,home,W
M-1934-07,WC-1934,1934,round of 16,1934-05-27,V-071,Italy,0,Argentina,Sweden,2,3,,,away,L
M-1934-07,WC-1934,1934,round of 16,1934-05-27,V-071,Italy,0,Sweden,Argentina,3,2,,,home,W
M-1934-08,WC-1934,1934,round of 16,1934-05-27,V-076,Italy,0,Netherlands,Switzerland,2,3,,,away,L
M-1934-08,WC-1934,1934,round of 16,1934-05-27,V-076,Italy,0,Switzerland,Netherlands,3,2,,,home,W
M-1934-09,WC-1934,1934,quarter-finals,1934-05-31,V-071,Italy,0,Hungary,Austria,1,2,,,away,L
M-1934-09,WC-1934,1934,quarter-finals,1934-05-31,V-071,Italy,0,Austria,Hungary,2,1,,,home,W
M-1934-10,WC-1934,1934,quarter-finals,1934-05-31,V-083,Italy,0,Switzerland,Czech Republic,2,3,,,away,L
M-1934-10,WC-1934,1934,quarter-finals,1934-05-31,V-083,Italy,0,Czech Republic,Switzerland,3,2,,,home,W
M-1934-11,WC-1934,1934,quarter-finals,1934-05-31,V-076,Italy,0,Sweden,Germany,1,2,,,away,L
M-1934-11,WC-1934,1934,quarter-finals,1934-05-31,V-076,Italy,0,Germany,Sweden,2,1,,,home,W
M-1934-12,WC-1934,1934,quarter-finals,1934-05-31,V-074,Italy,0,Spain,Italy,1,1,,,away,D
M-1934-12,WC-1934,1934,quarter-finals,1934-05-31,V-074,Italy,0,Italy,Spain,1,1,,,home,D
M-1934-13,WC-1934,1934,quarter-finals,1934-06-01,V-074,Italy,0,Spain,Italy,0,1,,,away,L
M-1934-13,WC-1934,1934,quarter-finals,1934-06-01,V-074,Italy,0,Italy,Spain,1,0,,,home,W
M-1934-14,WC-1934,1934,semi-finals,1934-06-03,V-080,Italy,0,Germany,Czech Republic,1,3,,,away,L
M-1934-14,WC-1934,1934,semi-finals,1934-06-03,V-080,Italy,0,Czech Republic,Germany,3,1,,,home,W
M-1934-15,WC-1934,1934,semi-finals,1934-06-03,V-076,Italy,0,Austria,Italy,0,1,,,away,L
M-1934-15,WC-1934,1934,semi-finals,1934-06-03,V-076,Italy,0,Italy,Austria,1,0,,,home,W
M-1934-16,WC-1934,1934,third-place match,1934-06-07,V-077,Italy,0,Austria,Germany,2,3,,,away,L
M-1934-16,WC-1934,1934,third-place match,1934-06-07,V-077,Italy,0,Germany,Austria,3,2,,,home,W
M-1934-17,WC-1934,1934,final,1934-06-10,V-080,Italy,0,Czech Republic,Italy,1,2,,,away,L
M-1934-17,WC-1934,1934,final,1934-06-10,V-080,Italy,0,Italy,Czech Republic,2,1,,,home,W
M-1938-01,WC-1938,1938,round of 16,1938-06-04,V-047,France,0,Germany,Switzerland,1,1,,,away,D
M-1938-01,WC-1938,1938,round of 16,1938-06-04,V-047,France,0,Switzerland,Germany,1,1,,,home,D
M-1938-02,WC-1938,1938,round of 16,1938-06-05,V-054,France,0,Romania,Cuba,3,3,,,away,D
M-1938-02,WC-1938,1938,round of 16,1938-06-05,V-054,France,0,Cuba,Romania,3,3,,,home,D
M-1938-03,WC-1938,1938,round of 16,1938-06-05,V-048,France,0,Belgium,France,1,3,,,away,L
M-1938-03,WC-1938,1938,round of 16,1938-06-05,V-048,France,0,France,Belgium,3,1,,,home,W
M-1938-04,WC-1938,1938,round of 16,1938-06-05,V-049,France,0,Indonesia,Hungary,0,6,,,away,L
M-1938-04,WC-1938,1938,round of 16,1938-06-05,V-049,France,0,Hungary,Indonesia,6,0,,,home,W
M-1938-05,WC-1938,1938,round of 16,1938-06-05,V-044,France,0,Norway,Italy,1,2,,,away,L
M-1938-05,WC-1938,1938,round of 16,1938-06-05,V-044,France,0,Italy,Norway,2,1,,,home,W
M-1938-06,WC-1938,1938,round of 16,1938-06-05,V-052,France,0,Poland,Brazil,5,6,,,away,L
M-1938-06,WC-1938,1938,round of 16,1938-06-05,V-052,France,0,Brazil,Poland,6,5,,,home,W
M-1938-07,WC-1938,1938,round of 16,1938-06-05,V-040,France,0,Netherlands,Czech Republic,0,3,,,away,L
M-1938-07,WC-1938,1938,round of 16,1938-06-05,V-040,France,0,Czech Republic,Netherlands,3,0,,,home,W
M-1938-08,WC-1938,1938,round of 16,1938-06-09,V-054,France,0,Romania,Cuba,1,2,,,away,L
M-1938-08,WC-1938,1938,round of 16,1938-06-09,V-054,France,0,Cuba,Romania,2,1,,,home,W
M-1938-09,WC-1938,1938,round of 16,1938-06-09,V-047,France,0,Germany,Switzerland,2,4,,,away,L
M-1938-09,WC-1938,1938,round of 16,1938-06-09,V-047,France,0,Switzerland,Germany,4,2,,,home,W
M-1938-10,WC-1938,1938,quarter-finals,1938-06-12,V-039,France,0,Czech Republic,Brazil,1,1,,,away,D
M-1938-10,WC-1938,1938,quarter-finals,1938-06-12,V-039,France,0,Brazil,Czech Republic,1,1,,,home,D
M-1938-11,WC-1938,1938,quarter-finals,1938-06-12,V-042,France,0,Switzerland,Hungary,0,2,,,away,L
M-1938-11,WC-1938,1938,quarter-finals,1938-06-12,V-042,France,0,Hungary,Switzerland,2,0,,,home,W
M-1938-12,WC-1938,1938,quarter-finals,1938-06-12,V-048,France,0,France,Italy,1,3,,,away,L
M-1938-12,WC-1938,1938,quarter-finals,1938-06-12,V-048,France,0,Italy,France,3,1,,,home,W
M-1938-13,WC-1938,1938,quarter-finals,1938-06-12,V-038,France,0,Cuba,Sweden,0,8,,,away,L
M-1938-13,WC-1938,1938,quarter-finals,1938-06-12,V-038,France,0,Sweden,Cuba,8,0,,,home,W
M-1938-14,WC-1938,1938,quarter-finals,1938-06-14,V-039,France,0,Czech Republic,Brazil,1,2,,,away,L
M-1938-14,WC-1938,1938,quarter-finals,1938-06-14,V-039,France,0,Brazil,Czech Republic,2,1,,,home,W
M-1938-15,WC-1938,1938,semi-finals,1938-06-16,V-047,France,0,Sweden,Hungary,1,5,,,away,L
M-1938-15,WC-1938,1938,semi-finals,1938-06-16,V-047,France,0,Hungary,Sweden,5,1,,,home,W
M-1938-16,WC-1938,1938,semi-finals,1938-06-16,V-044,France,0,Brazil,Italy,1,2,,,away,L
M-1938-16,WC-1938,1938,semi-finals,1938-06-16,V-044,France,0,Italy,Brazil,2,1,,,home,W
M-1938-17,WC-1938,1938,third-place match,1938-06-19,V-039,France,0,Sweden,Brazil,2,4,,,away,L
M-1938-17,WC-1938,1938,third-place match,1938-06-19,V-039,France,0,Brazil,Sweden,4,2,,,home,W
M-1938-18,WC-1938,1938,final,1938-06-19,V-048,France,0,Hungary,Italy,2,4,,,away,L
M-1938-18,WC-1938,1938,final,1938-06-19,V-048,France,0,Italy,Hungary,4,2,,,home,W
M-1950-01,WC-1950,1950,group stage,1950-06-24,V-020,Brazil,0,Mexico,Brazil,0,4,,,away,L
M-1950-01,WC-1950,1950,group stage,1950-06-24,V-020,Brazil,0,Brazil,Mexico,4,0,,,home,W
M-1950-02,WC-1950,1950,group stage,1950-06-25,V-007,Brazil,0,Switzerland,Serbia,0,3,,,away,L
M-1950-02,WC-1950,1950,group stage,1950-06-25,V-007,Brazil,0,Serbia,Switzerland,3,0,,,home,W
M-1950-03,WC-1950,1950,group stage,1950-06-25,V-020,Brazil,0,Chile,England,0,2,,,away,L
M-1950-03,WC-1950,1950,group stage,1950-06-25,V-020,Brazil,0,England,Chile,2,0,,,home,W
M-1950-04,WC-1950,1950,group stage,1950-06-25,V-012,Brazil,0,United States,Spain,1,3,,,away,L
M-1950-04,WC-1950,1950,group stage,1950-06-25,V-012,Brazil,0,Spain,United States,3,1,,,home,W
M-1950-05,WC-1950,1950,group stage,1950-06-25,V-023,Brazil,0,Italy,Sweden,2,3,,,away,L
M-1950-05,WC-1950,1950,group stage,1950-06-25,V-023,Brazil,0,Sweden,Italy,3,2,,,home,W
M-1950-06,WC-1950,1950,group stage,1950-06-28,V-023,Brazil,0,Switzerland,Brazil,2,2,,,away,D
M-1950-06,WC-1950,1950,group stage,1950-06-28,V-023,Brazil,0,Brazil,Switzerland,2,2,,,home,D
M-1950-07,WC-1950,1950,group stage,1950-06-28,V-017,Brazil,0,Mexico,Serbia,1,4,,,away,L
M-1950-07,WC-1950,1950,group stage,1950-06-28,V-017,Brazil,0,Serbia,Mexico,4,1,,,home,W
M-1950-08,WC-1950,1950,group stage,1950-06-29,V-020,Brazil,0,Chile,Spain,0,2,,,away,L
M-1950-08,WC-1950,1950,group stage,1950-06-29,V-020,Brazil,0,Spain,Chile,2,0,,,home,W
M-1950-09,WC-1950,1950,group stage,1950-06-29,V-007,Brazil,0,England,United States,0,1,,,away,L
M-1950-09,WC-1950,1950,group stage,1950-06-29,V-007,Brazil,0,United States,England,1,0,,,home,W
M-1950-10,WC-1950,1950,group stage,1950-06-29,V-012,Brazil,0,Paraguay,Sweden,2,2,,,away,D
M-1950-10,WC-1950,1950,group stage,1950-06-29,V-012,Brazil,0,Sweden,Paraguay,2,2,,,home,D
M-1950-11,WC-1950,1950,group stage,1950-07-01,V-020,Brazil,0,Serbia,Brazil,0,2,,,away,L
M-1950-11,WC-1950,1950,group stage,1950-07-01,V-020,Brazil,0,Brazil,Serbia,2,0,,,home,W
M-1950-12,WC-1950,1950,group stage,1950-07-02,V-019,Brazil,0,United States,Chile,2,5,,,away,L
M-1950-12,WC-1950,1950,group stage,1950-07-02,V-019,Brazil,0,Chile,United States,5,2,,,home,W
M-1950-13,WC-1950,1950,group stage,1950-07-02,V-020,Brazil,0,England,Spain,0,1,,,away,L
M-1950-13,WC-1950,1950,group stage,1950-07-02,V-020,Brazil,0,Spain,England,1,0,,,home,W
M-1950-14,WC-1950,1950,group stage,1950-07-02,V-023,Brazil,0,Paraguay,Italy,0,2,,,away,L
M-1950-14,WC-1950,1950,group stage,1950-07-02,V-023,Brazil,0,Italy,Paraguay,2,0,,,home,W
M-1950-15,WC-1950,1950,group stage,1950-07-02,V-007,Brazil,0,Bolivia,Uruguay,0,8,,,away,L
M-1950-15,WC-1950,1950,group stage,1950-07-02,V-007,Brazil,0,Uruguay,Bolivia,8,0,,,home,W
M-1950-16,WC-1950,1950,group stage,1950-07-02,V-017,Brazil,0,Mexico,Switzerland,1,2,,,away,L
M-1950-16,WC-1950,1950,group stage,1950-07-02,V-017,Brazil,0,Switzerland,Mexico,2,1,,,home,W
M-1950-17,WC-1950,1950,final round,1950-07-09,V-020,Brazil,0,Sweden,Brazil,1,7,,,away,L
M-1950-17,WC-1950,1950,final round,1950-07-09,V-020,Brazil,0,Brazil,Sweden,7,1,,,home,W
M-1950-18,WC-1950,1950,final round,1950-07-09,V-023,Brazil,0,Spain,Uruguay,2,2,,,away,D
M-1950-18,WC-1950,1950,final round,1950-07-09,V-023,Brazil,0,Uruguay,Spain,2,2,,,home,D
M-1950-19,WC-1950,1950,final round,1950-07-13,V-020,Brazil,0,Spain,Brazil,1,6,,,away,L
M-1950-19,WC-1950,1950,final round,1950-07-13,V-020,Brazil,0,Brazil,Spain,6,1,,,home,W
M-1950-20,WC-1950,1950,final round,1950-07-13,V-023,Brazil,0,Sweden,Uruguay,2,3,,,away,L
M-1950-20,WC-1950,1950,final round,1950-07-13,V-023,Brazil,0,Uruguay,Sweden,3,2,,,home,W
M-1950-21,WC-1950,1950,final round,1950-07-16,V-023,Brazil,0,Spain,Sweden,1,3,,,away,L
M-1950-21,WC-1950,1950,final round,1950-07-16,V-023,Brazil,0,Sweden,Spain,3,1,,,home,W
M-1950-22,WC-1950,1950,final round,1950-07-16,V-020,Brazil,0,Brazil,Uruguay,1,2,,,away,L
M-1950-22,WC-1950,1950,final round,1950-07-16,V-020,Brazil,0,Uruguay,Brazil,2,1,,,home,W
M-1954-01,WC-1954,1954,group stage,1954-06-16,V-182,Switzerland,0,Mexico,Brazil,0,5,,,away,L
M-1954-01,WC-1954,1954,group stage,1954-06-16,V-182,Switzerland,0,Brazil,Mexico,5,0,,,home,W
M-1954-02,WC-1954,1954,group stage,1954-06-16,V-183,Switzerland,0,France,Serbia,0,1,,,away,L
M-1954-02,WC-1954,1954,group stage,1954-06-16,V-183,Switzerland,0,Serbia,France,1,0,,,home,W
M-1954-03,WC-1954,1954,group stage,1954-06-16,V-185,Switzerland,0,Scotland,Austria,0,1,,,away,L
M-1954-03,WC-1954,1954,group stage,1954-06-16,V-185,Switzerland,0,Austria,Scotland,1,0,,,home,W
M-1954-04,WC-1954,1954,group stage,1954-06-16,V-181,Switzerland,0,Czech Republic,Uruguay,0,2,,,away,L
M-1954-04,WC-1954,1954,group stage,1954-06-16,V-181,Switzerland,0,Uruguay,Czech Republic,2,0,,,home,W
M-1954-05,WC-1954,1954,group stage,1954-06-17,V-183,Switzerland,0,Italy,Switzerland,1,2,,,away,L
M-1954-05,WC-1954,1954,group stage,1954-06-17,V-183,Switzerland,0,Switzerland,Italy,2,1,,,home,W
M-1954-06,WC-1954,1954,group stage,1954-06-17,V-185,Switzerland,0,South Korea,Hungary,0,9,,,away,L
M-1954-06,WC-1954,1954,group stage,1954-06-17,V-185,Switzerland,0,Hungary,South Korea,9,0,,,home,W
M-1954-07,WC-1954,1954,group stage,1954-06-17,V-181,Switzerland,0,Turkey,Germany,1,4,,,away,L
M-1954-07,WC-1954,1954,group stage,1954-06-17,V-181,Switzerland,0,Germany,Turkey,4,1,,,home,W
M-1954-08,WC-1954,1954,group stage,1954-06-17,V-180,Switzerland,0,Belgium,England,4,4,,,away,D
M-1954-08,WC-1954,1954,group stage,1954-06-17,V-180,Switzerland,0,England,Belgium,4,4,,,home,D
M-1954-09,WC-1954,1954,group stage,1954-06-19,V-180,Switzerland,0,Scotland,Uruguay,0,7,,,away,L
M-1954-09,WC-1954,1954,group stage,1954-06-19,V-180,Switzerland,0,Uruguay,Scotland,7,0,,,home,W
M-1954-10,WC-1954,1954,group stage,1954-06-19,V-183,Switzerland,0,Serbia,Brazil,1,1,,,away,D
M-1954-10,WC-1954,1954,group stage,1954-06-19,V-183,Switzerland,0,Brazil,Serbia,1,1,,,home,D
M-1954-11,WC-1954,1954,group stage,1954-06-19,V-185,Switzerland,0,Czech Republic,Austria,0,5,,,away,L
M-1954-11,WC-1954,1954,group stage,1954-06-19,V-185,Switzerland,0,Austria,Czech Republic,5,0,,,home,W
M-1954-12,WC-1954,1954,group stage,1954-06-19,V-182,Switzerland,0,Mexico,France,2,3,,,away,L
M-1954-12,WC-1954,1954,group stage,1954-06-19,V-182,Switzerland,0,France,Mexico,3,2,,,home,W
M-1954-13,WC-1954,1954,group stage,1954-06-20,V-180,Switzerland,0,Germany,Hungary,3,8,,,away,L
M-1954-13,WC-1954,1954,group stage,1954-06-20,V-180,Switzerland,0,Hungary,Germany,8,3,,,home,W
M-1954-14,WC-1954,1954,group stage,1954-06-20,V-182,Switzerland,0,South Korea,Turkey,0,7,,,away,L
M-1954-14,WC-1954,1954,group stage,1954-06-20,V-182,Switzerland,0,Turkey,South Korea,7,0,,,home,W
M-1954-15,WC-1954,1954,group stage,1954-06-20,V-184,Switzerland,0,Belgium,Italy,1,4,,,away,L
M-1954-15,WC-1954,1954,group stage,1954-06-20,V-184,Switzerland,0,Italy,Belgium,4,1,,,home,W
M-1954-16,WC-1954,1954,group stage,1954-06-20,V-181,Switzerland,0,Switzerland,England,0,2,,,away,L
M-1954-16,WC-1954,1954,group stage,1954-06-20,V-181,Switzerland,0,England,Switzerland,2,0,,,home,W
M-1954-17,WC-1954,1954,group stage,1954-06-23,V-185,Switzerland,0,Turkey,Germany,2,7,,,away,L
M-1954-17,WC-1954,1954,group stage,1954-06-23,V-185,Switzerland,0,Germany,Turkey,7,2,,,home,W
M-1954-18,WC-1954,1954,group stage,1954-06-23,V-180,Switzerland,0,Italy,Switzerland,1,4,,,away,L
M-1954-18,WC-1954,1954,group stage,1954-06-23,V-180,Switzerland,0,Switzerland,Italy,4,1,,,home,W
M-1954-19,WC-1954,1954,quarter-finals,1954-06-26,V-183,Switzerland,0,Switzerland,Austria,5,7,,,away,L
M-1954-19,WC-1954,1954,quarter-finals,1954-06-26,V-183,Switzerland,0,Austria,Switzerland,7,5,,,home,W
M-1954-20,WC-1954,1954,quarter-finals,1954-06-26,V-180,Switzerland,0,England,Uruguay,2,4,,,away,L
M-1954-20,WC-1954,1954,quarter-finals,1954-06-26,V-180,Switzerland,0,Uruguay,England,4,2,,,home,W
M-1954-21,WC-1954,1954,quarter-finals,1954-06-27,V-181,Switzerland,0,Brazil,Hungary,2,4,,,away,L
M-1954-21,WC-1954,1954,quarter-finals,1954-06-27,V-181,Switzerland,0,Hungary,Brazil,4,2,,,home,W
M-1954-22,WC-1954,1954,quarter-finals,1954-06-27,V-182,Switzerland,0,Serbia,Germany,0,2,,,away,L
M-1954-22,WC-1954,1954,quarter-finals,1954-06-27,V-182,Switzerland,0,Germany,Serbia,2,0,,,home,W
M-1954-23,WC-1954,1954,semi-finals,1954-06-30,V-183,Switzerland,0,Uruguay,Hungary,2,4,,,away,L
M-1954-23,WC-1954,1954,semi-finals,1954-06-30,V-183,Switzerland,0,Hungary,Uruguay,4,2,,,home,W
M-1954-24,WC-1954,1954,semi-finals,1954-06-30,V-180,Switzerland,0,Austria,Germany,1,6,,,away,L
M-1954-24,WC-1954,1954,semi-finals,1954-06-30,V-180,Switzerland,0,Germany,Austria,6,1,,,home,W
M-1954-25,WC-1954,1954,third-place match,1954-07-03,V-185,Switzerland,0,Uruguay,Austria,1,3,,,away,L
M-1954-25,WC-1954,1954,third-place match,1954-07-03,V-185,Switzerland,0,Austria,Uruguay,3,1,,,home,W
M-1954-26,WC-1954,1954,final,1954-07-04,V-181,Switzerland,0,Hungary,Germany,2,3,,,away,L
M-1954-26,WC-1954,1954,final,1954-07-04,V-181,Switzerland,0,Germany,Hungary,3,2,,,home,W
M-1958-01,WC-1958,1958,group stage,1958-06-08,V-176,Sweden,0,Mexico,Sweden,0,3,,,away,L
M-1958-01,WC-1958,1958,group stage,1958-06-08,V-176,Sweden,0,Sweden,Mexico,3,0,,,home,W
M-1958-02,WC-1958,1958,group stage,1958-06-08,V-173,Sweden,0,Germany,Argentina,3,1,,,away,W
M-1958-02,WC-1958,1958,group stage,1958-06-08,V-173,Sweden,0,Argentina,Germany,1,3,,,home,L
M-1958-03,WC-1958,1958,group stage,1958-06-08,V-171,Sweden,0,Czech Republic,Northern Ireland,0,1,,,away,L
M-1958-03,WC-1958,1958,group stage,1958-06-08,V-171,Sweden,0,Northern Ireland,Czech Republic,1,0,,,home,W
M-1958-04,WC-1958,1958,group stage,1958-06-08,V-174,Sweden,0,Paraguay,France,3,7,,,away,L
M-1958-04,WC-1958,1958,group stage,1958-06-08,V-174,Sweden,0,France,Paraguay,7,3,,,home,W
M-1958-05,WC-1958,1958,group stage,1958-06-08,V-178,Sweden,0,Scotland,Serbia,1,1,,,away,D
M-1958-05,WC-1958,1958,group stage,1958-06-08,V-178,Sweden,0,Serbia,Scotland,1,1,,,home,D
M-1958-06,WC-1958,1958,group stage,1958-06-08,V-175,Sweden,0,Wales,Hungary,1,1,,,away,D
M-1958-06,WC-1958,1958,group stage,1958-06-08,V-175,Sweden,0,Hungary,Wales,1,1,,,home,D
M-1958-07,WC-1958,1958,group stage,1958-06-08,V-177,Sweden,0,Austria,Brazil,0,3,,,away,L
M-1958-07,WC-1958,1958,group stage,1958-06-08,V-177,Sweden,0,Brazil,Austria,3,0,,,home,W
M-1958-08,WC-1958,1958,group stage,1958-06-08,V-170,Sweden,0,England,Russia,2,2,,,away,D
M-1958-08,WC-1958,1958,group stage,1958-06-08,V-170,Sweden,0,Russia,England,2,2,,,home,D
M-1958-09,WC-1958,1958,group stage,1958-06-11,V-171,Sweden,0,Northern Ireland,Argentina,1,3,,,away,L
M-1958-09,WC-1958,1958,group stage,1958-06-11,V-171,Sweden,0,Argentina,Northern Ireland,3,1,,,home,W
M-1958-10,WC-1958,1958,group stage,1958-06-11,V-172,Sweden,0,Czech Republic,Germany,2,2,,,away,D
M-1958-10,WC-1958,1958,group stage,1958-06-11,V-172,Sweden,0,Germany,Czech Republic,2,2,,,home,D
M-1958-11,WC-1958,1958,group stage,1958-06-11,V-174,Sweden,0,Scotland,Paraguay,2,3,,,away,L
M-1958-11,WC-1958,1958,group stage,1958-06-11,V-174,Sweden,0,Paraguay,Scotland,3,2,,,home,W
M-1958-12,WC-1958,1958,group stage,1958-06-11,V-178,Sweden,0,France,Serbia,2,3,,,away,L
M-1958-12,WC-1958,1958,group stage,1958-06-11,V-178,Sweden,0,Serbia,France,3,2,,,home,W
M-1958-13,WC-1958,1958,group stage,1958-06-11,V-176,Sweden,0,Wales,Mexico,1,1,,,away,D
M-1958-13,WC-1958,1958,group stage,1958-06-11,V-176,Sweden,0,Mexico,Wales,1,1,,,home,D
M-1958-14,WC-1958,1958,group stage,1958-06-11,V-170,Sweden,0,England,Brazil,0,0,,,away,D
M-1958-14,WC-1958,1958,group stage,1958-06-11,V-170,Sweden,0,Brazil,England,0,0,,,home,D
M-1958-15,WC-1958,1958,group stage,1958-06-11,V-168,Sweden,0,Austria,Russia,0,2,,,away,L
M-1958-15,WC-1958,1958,group stage,1958-06-11,V-168,Sweden,0,Russia,Austria,2,0,,,home,W
M-1958-16,WC-1958,1958,group stage,1958-06-12,V-176,Sweden,0,Hungary,Sweden,1,2,,,away,L
M-1958-16,WC-1958,1958,group stage,1958-06-12,V-176,Sweden,0,Sweden,Hungary,2,1,,,home,W
M-1958-17,WC-1958,1958,group stage,1958-06-15,V-176,Sweden,0,Wales,Sweden,0,0,,,away,D
M-1958-17,WC-1958,1958,group stage,1958-06-15,V-176,Sweden,0,Sweden,Wales,0,0,,,home,D
M-1958-18,WC-1958,1958,group stage,1958-06-15,V-172,Sweden,0,Argentina,Czech Republic,1,6,,,away,L
M-1958-18,WC-1958,1958,group stage,1958-06-15,V-172,Sweden,0,Czech Republic,Argentina,6,1,,,home,W
M-1958-19,WC-1958,1958,group stage,1958-06-15,V-173,Sweden,0,Northern Ireland,Germany,2,2,,,away,D
M-1958-19,WC-1958,1958,group stage,1958-06-15,V-173,Sweden,0,Germany,Northern Ireland,2,2,,,home,D
M-1958-20,WC-1958,1958,group stage,1958-06-15,V-179,Sweden,0,Scotland,France,1,2,,,away,L
M-1958-20,WC-1958,1958,group stage,1958-06-15,V-179,Sweden,0,France,Scotland,2,1,,,home,W
M-1958-21,WC-1958,1958,group stage,1958-06-15,V-169,Sweden,0,Serbia,Paraguay,3,3,,,away,D
M-1958-21,WC-1958,1958,group stage,1958-06-15,V-169,Sweden,0,Paraguay,Serbia,3,3,,,home,D
M-1958-22,WC-1958,1958,group stage,1958-06-15,V-175,Sweden,0,Mexico,Hungary,0,4,,,away,L
M-1958-22,WC-1958,1958,group stage,1958-06-15,V-175,Sweden,0,Hungary,Mexico,4,0,,,home,W
M-1958-23,WC-1958,1958,group stage,1958-06-15,V-170,Sweden,0,Russia,Brazil,0,2,,,away,L
M-1958-23,WC-1958,1958,group stage,1958-06-15,V-170,Sweden,0,Brazil,Russia,2,0,,,home,W
M-1958-24,WC-1958,1958,group stage,1958-06-15,V-168,Sweden,0,Austria,England,2,2,,,away,D
M-1958-24,WC-1958,1958,group stage,1958-06-15,V-168,Sweden,0,England,Austria,2,2,,,home,D
M-1958-25,WC-1958,1958,group stage,1958-06-17,V-173,Sweden,0,Czech Republic,Northern Ireland,1,2,,,away,L
M-1958-25,WC-1958,1958,group stage,1958-06-17,V-173,Sweden,0,Northern Ireland,Czech Republic,2,1,,,home,W
M-1958-26,WC-1958,1958,group stage,1958-06-17,V-176,Sweden,0,Hungary,Wales,1,2,,,away,L
M-1958-26,WC-1958,1958,group stage,1958-06-17,V-176,Sweden,0,Wales,Hungary,2,1,,,home,W
M-1958-27,WC-1958,1958,group stage,1958-06-17,V-170,Sweden,0,England,Russia,0,1,,,away,L
M-1958-27,WC-1958,1958,group stage,1958-06-17,V-170,Sweden,0,Russia,England,1,0,,,home,W
M-1958-28,WC-1958,1958,quarter-finals,1958-06-19,V-170,Sweden,0,Wales,Brazil,0,1,,,away,L
M-1958-28,WC-1958,1958,quarter-finals,1958-06-19,V-170,Sweden,0,Brazil,Wales,1,0,,,home,W
M-1958-29,WC-1958,1958,quarter-finals,1958-06-19,V-174,Sweden,0,Northern Ireland,France,0,4,,,away,L
M-1958-29,WC-1958,1958,quarter-finals,1958-06-19,V-174,Sweden,0,France,Northern Ireland,4,0,,,home,W
M-1958-30,WC-1958,1958,quarter-finals,1958-06-19,V-176,Sweden,0,Russia,Sweden,0,2,,,away,L
M-1958-30,WC-1958,1958,quarter-finals,1958-06-19,V-176,Sweden,0,Sweden,Russia,2,0,,,home,W
M-1958-31,WC-1958,1958,quarter-finals,1958-06-19,V-173,Sweden,0,Serbia,Germany,0,1,,,away,L
M-1958-31,WC-1958,1958,quarter-finals,1958-06-19,V-173,Sweden,0,Germany,Serbia,1,0,,,home,W
M-1958-32,WC-1958,1958,semi-finals,1958-06-24,V-176,Sweden,0,France,Brazil,2,5,,,away,L
M-1958-32,WC-1958,1958,semi-finals,1958-06-24,V-176,Sweden,0,Brazil,France,5,2,,,home,W
M-1958-33,WC-1958,1958,semi-finals,1958-06-24,V-170,Sweden,0,Germany,Sweden,1,3,,,away,L
M-1958-33,WC-1958,1958,semi-finals,1958-06-24,V-170,Sweden,0,Sweden,Germany,3,1,,,home,W
M-1958-34,WC-1958,1958,third-place match,1958-06-28,V-170,Sweden,0,Germany,France,3,6,,,away,L
M-1958-34,WC-1958,1958,third-place match,1958-06-28,V-170,Sweden,0,France,Germany,6,3,,,home,W
M-1958-35,WC-1958,1958,final,1958-06-29,V-176,Sweden,0,Sweden,Brazil,2,5,,,away,L
M-1958-35,WC-1958,1958,final,1958-06-29,V-176,Sweden,0,Brazil,Sweden,5,2,,,home,W
M-1962-01,WC-1962,1962,group stage,1962-05-30,V-026,Chile,0,Colombia,Uruguay,1,2,,,away,L
M-1962-01,WC-1962,1962,group stage,1962-05-30,V-026,Chile,0,Uruguay,Colombia,2,1,,,home,W
M-1962-02,WC-1962,1962,group stage,1962-05-30,V-028,Chile,0,Switzerland,Chile,1,3,,,away,L
M-1962-02,WC-1962,1962,group stage,1962-05-30,V-028,Chile,0,Chile,Switzerland,3,1,,,home,W
M-1962-03,WC-1962,1962,group stage,1962-05-30,V-029,Chile,0,Mexico,Brazil,0,2,,,away,L
M-1962-03,WC-1962,1962,group stage,1962-05-30,V-029,Chile,0,Brazil,Mexico,2,0,,,home,W
M-1962-04,WC-1962,1962,group stage,1962-05-30,V-027,Chile,0,Bulgaria,Argentina,0,1,,,away,L
M-1962-04,WC-1962,1962,group stage,1962-05-30,V-027,Chile,0,Argentina,Bulgaria,1,0,,,home,W
M-1962-05,WC-1962,1962,group stage,1962-05-31,V-026,Chile,0,Serbia,Russia,0,2,,,away,L
M-1962-05,WC-1962,1962,group stage,1962-05-31,V-026,Chile,0,Russia,Serbia,2,0,,,home,W
M-1962-06,WC-1962,1962,group stage,1962-05-31,V-028,Chile,0,Italy,Germany,0,0,,,away,D
M-1962-06,WC-1962,1962,group stage,1962-05-31,V-028,Chile,0,Germany,Italy,0,0,,,home,D
M-1962-07,WC-1962,1962,group stage,1962-05-31,V-029,Chile,0,Spain,Czech Republic,0,1,,,away,L
M-1962-07,WC-1962,1962,group stage,1962-05-31,V-029,Chile,0,Czech Republic,Spain,1,0,,,home,W
M-1962-08,WC-1962,1962,group stage,1962-05-31,V-027,Chile,0,England,Hungary,1,2,,,away,L
M-1962-08,WC-1962,1962,group stage,1962-05-31,V-027,Chile,0,Hungary,England,2,1,,,home,W
M-1962-09,WC-1962,1962,group stage,1962-06-02,V-026,Chile,0,Uruguay,Serbia,1,3,,,away,L
M-1962-09,WC-1962,1962,group stage,1962-06-02,V-026,Chile,0,Serbia,Uruguay,3,1,,,home,W
M-1962-10,WC-1962,1962,group stage,1962-06-02,V-028,Chile,0,Italy,Chile,0,2,,,away,L
M-1962-10,WC-1962,1962,group stage,1962-06-02,V-028,Chile,0,Chile,Italy,2,0,,,home,W
M-1962-11,WC-1962,1962,group stage,1962-06-02,V-029,Chile,0,Czech Republic,Brazil,0,0,,,away,D
M-1962-11,WC-1962,1962,group stage,1962-06-02,V-029,Chile,0,Brazil,Czech Republic,0,0,,,home,D
M-1962-12,WC-1962,1962,group stage,1962-06-02,V-027,Chile,0,Argentina,England,1,3,,,away,L
M-1962-12,WC-1962,1962,group stage,1962-06-02,V-027,Chile,0,England,Argentina,3,1,,,home,W
M-1962-13,WC-1962,1962,group stage,1962-06-03,V-026,Chile,0,Colombia,Russia,4,4,,,away,D
M-1962-13,WC-1962,1962,group stage,1962-06-03,V-026,Chile,0,Russia,Colombia,4,4,,,home,D
M-1962-14,WC-1962,1962,group stage,1962-06-03,V-028,Chile,0,Switzerland,Germany,1,2,,,away,L
M-1962-14,WC-1962,1962,group stage,1962-06-03,V-028,Chile,0,Germany,Switzerland,2,1,,,home,W
M-1962-15,WC-1962,1962,group stage,1962-06-03,V-029,Chile,0,Mexico,Spain,0,1,,,away,L
M-1962-15,WC-1962,1962,group stage,1962-06-03,V-029,Chile,0,Spain,Mexico,1,0,,,home,W
M-1962-16,WC-1962,1962,group stage,1962-06-03,V-027,Chile,0,Bulgaria,Hungary,1,6,,,away,L
M-1962-16,WC-1962,1962,group stage,1962-06-03,V-027,Chile,0,Hungary,Bulgaria,6,1,,,home,W
M-1962-17,WC-1962,1962,group stage,1962-06-06,V-026,Chile,0,Uruguay,Russia,1,2,,,away,L
M-1962-17,WC-1962,1962,group stage,1962-06-06,V-026,Chile,0,Russia,Uruguay,2,1,,,home,W
M-1962-18,WC-1962,1962,group stage,1962-06-06,V-028,Chile,0,Chile,Germany,0,2,,,away,L
M-1962-18,WC-1962,1962,group stage,1962-06-06,V-028,Chile,0,Germany,Chile,2,0,,,home,W
M-1962-19,WC-1962,1962,group stage,1962-06-06,V-029,Chile,0,Spain,Brazil,1,2,,,away,L
M-1962-19,WC-1962,1962,group stage,1962-06-06,V-029,Chile,0,Brazil,Spain,2,1,,,home,W
M-1962-20,WC-1962,1962,group stage,1962-06-06,V-027,Chile,0,Argentina,Hungary,0,0,,,away,D
M-1962-20,WC-1962,1962,group stage,1962-06-06,V-027,Chile,0,Hungary,Argentina,0,0,,,home,D
M-1962-21,WC-1962,1962,group stage,1962-06-07,V-026,Chile,0,Colombia,Serbia,0,5,,,away,L
M-1962-21,WC-1962,1962,group stage,1962-06-07,V-026,Chile,0,Serbia,Colombia,5,0,,,home,W
M-1962-22,WC-1962,1962,group stage,1962-06-07,V-028,Chile,0,Switzerland,Italy,0,3,,,away,L
M-1962-22,WC-1962,1962,group stage,1962-06-07,V-028,Chile,0,Italy,Switzerland,3,0,,,home,W
M-1962-23,WC-1962,1962,group stage,1962-06-07,V-029,Chile,0,Czech Republic,Mexico,1,3,,,away,L
M-1962-23,WC-1962,1962,group stage,1962-06-07,V-029,Chile,0,Mexico,Czech Republic,3,1,,,home,W
M-1962-24,WC-1962,1962,group stage,1962-06-07,V-027,Chile,0,Bulgaria,England,0,0,,,away,D
M-1962-24,WC-1962,1962,group stage,1962-06-07,V-027,Chile,0,England,Bulgaria,0,0,,,home,D
M-1962-25,WC-1962,1962,quarter-finals,1962-06-10,V-029,Chile,0,England,Brazil,1,3,,,away,L
M-1962-25,WC-1962,1962,quarter-finals,1962-06-10,V-029,Chile,0,Brazil,England,3,1,,,home,W
M-1962-26,WC-1962,1962,quarter-finals,1962-06-10,V-026,Chile,0,Russia,Chile,1,2,,,away,L
M-1962-26,WC-1962,1962,quarter-finals,1962-06-10,V-026,Chile,0,Chile,Russia,2,1,,,home,W
M-1962-27,WC-1962,1962,quarter-finals,1962-06-10,V-027,Chile,0,Hungary,Czech Republic,0,1,,,away,L
M-1962-27,WC-1962,1962,quarter-finals,1962-06-10,V-027,Chile,0,Czech Republic,Hungary,1,0,,,home,W
M-1962-28,WC-1962,1962,quarter-finals,1962-06-10,V-028,Chile,0,Germany,Serbia,0,1,,,away,L
M-1962-28,WC-1962,1962,quarter-finals,1962-06-10,V-028,Chile,0,Serbia,Germany,1,0,,,home,W
M-1962-29,WC-1962,1962,semi-finals,1962-06-13,V-028,Chile,0,Chile,Brazil,2,4,,,away,L
M-1962-29,WC-1962,1962,semi-finals,1962-06-13,V-028,Chile,0,Brazil,Chile,4,2,,,home,W
M-1962-30,WC-1962,1962,semi-finals,1962-06-13,V-029,Chile,0,Serbia,Czech Republic,1,3,,,away,L
M-1962-30,WC-1962,1962,semi-finals,1962-06-13,V-029,Chile,0,Czech Republic,Serbia,3,1,,,home,W
M-1962-31,WC-1962,1962,third-place match,1962-06-16,V-028,Chile,0,Serbia,Chile,0,1,,,away,L
M-1962-31,WC-1962,1962,third-place match,1962-06-16,V-028,Chile,0,Chile,Serbia,1,0,,,home,W
M-1962-32,WC-1962,1962,final,1962-06-17,V-028,Chile,0,Czech Republic,Brazil,1,3,,,away,L
M-1962-32,WC-1962,1962,final,1962-06-17,V-028,Chile,0,Brazil,Czech Republic,3,1,,,home,W
M-1966-01,WC-1966,1966,group stage,1966-07-11,V-032,England,0,Uruguay,England,0,0,,,away,D
M-1966-01,WC-1966,1966,group stage,1966-07-11,V-032,England,0,England,Uruguay,0,0,,,home,D
M-1966-02,WC-1966,1966,group stage,1966-07-12,V-036,England,0,Switzerland,Germany,0,5,,,away,L
M-1966-02,WC-1966,1966,group stage,1966-07-12,V-036,England,0,Germany,Switzerland,5,0,,,home,W
M-1966-03,WC-1966,1966,group stage,1966-07-12,V-031,England,0,Bulgaria,Brazil,0,2,,,away,L
M-1966-03,WC-1966,1966,group stage,1966-07-12,V-031,England,0,Brazil,Bulgaria,2,0,,,home,W
M-1966-04,WC-1966,1966,group stage,1966-07-12,V-035,England,0,North Korea,Russia,0,3,,,away,L
M-1966-04,WC-1966,1966,group stage,1966-07-12,V-035,England,0,Russia,North Korea,3,0,,,home,W
M-1966-05,WC-1966,1966,group stage,1966-07-13,V-032,England,0,Mexico,France,1,1,,,away,D
M-1966-05,WC-1966,1966,group stage,1966-07-13,V-032,England,0,France,Mexico,1,1,,,home,D
M-1966-06,WC-1966,1966,group stage,1966-07-13,V-030,England,0,Spain,Argentina,1,2,,,away,L
M-1966-06,WC-1966,1966,group stage,1966-07-13,V-030,England,0,Argentina,Spain,2,1,,,home,W
M-1966-07,WC-1966,1966,group stage,1966-07-13,V-034,England,0,Hungary,Portugal,1,3,,,away,L
M-1966-07,WC-1966,1966,group stage,1966-07-13,V-034,England,0,Portugal,Hungary,3,1,,,home,W
M-1966-08,WC-1966,1966,group stage,1966-07-13,V-037,England,0,Chile,Italy,0,2,,,away,L
M-1966-08,WC-1966,1966,group stage,1966-07-13,V-037,England,0,Italy,Chile,2,0,,,home,W
M-1966-09,WC-1966,1966,group stage,1966-07-15,V-033,England,0,France,Uruguay,1,2,,,away,L
M-1966-09,WC-1966,1966,group stage,1966-07-15,V-033,England,0,Uruguay,France,2,1,,,home,W
M-1966-10,WC-1966,1966,group stage,1966-07-15,V-036,England,0,Switzerland,Spain,1,2,,,away,L
M-1966-10,WC-1966,1966,group stage,1966-07-15,V-036,England,0,Spain,Switzerland,2,1,,,home,W
M-1966-11,WC-1966,1966,group stage,1966-07-15,V-031,England,0,Brazil,Hungary,1,3,,,away,L
M-1966-11,WC-1966,1966,group stage,1966-07-15,V-031,England,0,Hungary,Brazil,3,1,,,home,W
M-1966-12,WC-1966,1966,group stage,1966-07-15,V-035,England,0,North Korea,Chile,1,1,,,away,D
M-1966-12,WC-1966,1966,group stage,1966-07-15,V-035,England,0,Chile,North Korea,1,1,,,home,D
M-1966-13,WC-1966,1966,group stage,1966-07-16,V-030,England,0,Germany,Argentina,0,0,,,away,D
M-1966-13,WC-1966,1966,group stage,1966-07-16,V-030,England,0,Argentina,Germany,0,0,,,home,D
M-1966-14,WC-1966,1966,group stage,1966-07-16,V-034,England,0,Bulgaria,Portugal,0,3,,,away,L
M-1966-14,WC-1966,1966,group stage,1966-07-16,V-034,England,0,Portugal,Bulgaria,3,0,,,home,W
M-1966-15,WC-1966,1966,group stage,1966-07-16,V-037,England,0,Italy,Russia,0,1,,,away,L
M-1966-15,WC-1966,1966,group stage,1966-07-16,V-037,England,0,Russia,Italy,1,0,,,home,W
M-1966-16,WC-1966,1966,group stage,1966-07-16,V-032,England,0,Mexico,England,0,2,,,away,L
M-1966-16,WC-1966,1966,group stage,1966-07-16,V-032,England,0,England,Mexico,2,0,,,home,W
M-1966-17,WC-1966,1966,group stage,1966-07-19,V-032,England,0,Uruguay,Mexico,0,0,,,away,D
M-1966-17,WC-1966,1966,group stage,1966-07-19,V-032,England,0,Mexico,Uruguay,0,0,,,home,D
M-1966-18,WC-1966,1966,group stage,1966-07-19,V-036,England,0,Switzerland,Argentina,0,2,,,away,L
M-1966-18,WC-1966,1966,group stage,1966-07-19,V-036,England,0,Argentina,Switzerland,2,0,,,home,W
M-1966-19,WC-1966,1966,group stage,1966-07-19,V-031,England,0,Brazil,Portugal,1,3,,,away,L
M-1966-19,WC-1966,1966,group stage,1966-07-19,V-031,England,0,Portugal,Brazil,3,1,,,home,W
M-1966-20,WC-1966,1966,group stage,1966-07-19,V-035,England,0,Italy,North Korea,0,1,,,away,L
M-1966-20,WC-1966,1966,group stage,1966-07-19,V-035,England,0,North Korea,Italy,1,0,,,home,W
M-1966-21,WC-1966,1966,group stage,1966-07-20,V-032,England,0,France,England,0,2,,,away,L
M-1966-21,WC-1966,1966,group stage,1966-07-20,V-032,England,0,England,France,2,0,,,home,W
M-1966-22,WC-1966,1966,group stage,1966-07-20,V-030,England,0,Spain,Germany,1,2,,,away,L
M-1966-22,WC-1966,1966,group stage,1966-07-20,V-030,England,0,Germany,Spain,2,1,,,home,W
M-1966-23,WC-1966,1966,group stage,1966-07-20,V-034,England,0,Bulgaria,Hungary,1,3,,,away,L
M-1966-23,WC-1966,1966,group stage,1966-07-20,V-034,England,0,Hungary,Bulgaria,3,1,,,home,W
M-1966-24,WC-1966,1966,group stage,1966-07-20,V-037,England,0,Chile,Russia,1,2,,,away,L
M-1966-24,WC-1966,1966,group stage,1966-07-20,V-037,England,0,Russia,Chile,2,1,,,home,W
M-1966-25,WC-1966,1966,quarter-finals,1966-07-23,V-032,England,0,Argentina,England,0,1,,,away,L
M-1966-25,WC-1966,1966,quarter-finals,1966-07-23,V-032,England,0,England,Argentina,1,0,,,home,W
M-1966-26,WC-1966,1966,quarter-finals,1966-07-23,V-031,England,0,North Korea,Portugal,3,5,,,away,L
M-1966-26,WC-1966,1966,quarter-finals,1966-07-23,V-031,England,0,Portugal,North Korea,5,3,,,home,W
M-1966-27,WC-1966,1966,quarter-finals,1966-07-23,V-037,England,0,Hungary,Russia,1,2,,,away,L
M-1966-27,WC-1966,1966,quarter-finals,1966-07-23,V-037,England,0,Russia,Hungary,2,1,,,home,W
M-1966-28,WC-1966,1966,quarter-finals,1966-07-23,V-036,England,0,Uruguay,Germany,0,4,,,away,L
M-1966-28,WC-1966,1966,quarter-finals,1966-07-23,V-036,England,0,Germany,Uruguay,4,0,,,home,W
M-1966-29,WC-1966,1966,semi-finals,1966-07-25,V-031,England,0,Russia,Germany,1,2,,,away,L
M-1966-29,WC-1966,1966,semi-finals,1966-07-25,V-031,England,0,Germany,Russia,2,1,,,home,W
M-1966-30,WC-1966,1966,semi-finals,1966-07-26,V-032,England,0,Portugal,England,1,2,,,away,L
M-1966-30,WC-1966,1966,semi-finals,1966-07-26,V-032,England,0,England,Portugal,2,1,,,home,W
M-1966-31,WC-1966,1966,third-place match,1966-07-28,V-032,England,0,Russia,Portugal,1,2,,,away,L
M-1966-31,WC-1966,1966,third-place match,1966-07-28,V-032,England,0,Portugal,Russia,2,1,,,home,W
M-1966-32,WC-1966,1966,final,1966-07-30,V-032,England,0,Germany,England,2,4,,,away,L
M-1966-32,WC-1966,1966,final,1966-07-30,V-032,England,0,England,Germany,4,2,,,home,W
M-1970-01,WC-1970,1970,group stage,1970-05-31,V-102,Mexico,0,Russia,Mexico,0,0,,,away,D
M-1970-01,WC-1970,1970,group stage,1970-05-31,V-102,Mexico,0,Mexico,Russia,0,0,,,home,D
M-1970-02,WC-1970,1970,group stage,1970-06-02,V-107,Mexico,0,Israel,Uruguay,0,2,,,away,L
M-1970-02,WC-1970,1970,group stage,1970-06-02,V-107,Mexico,0,Uruguay,Israel,2,0,,,home,W
M-1970-03,WC-1970,1970,group stage,1970-06-02,V-097,Mexico,0,Romania,England,0,1,,,away,L
M-1970-03,WC-1970,1970,group stage,1970-06-02,V-097,Mexico,0,England,Romania,1,0,,,home,W
M-1970-04,WC-1970,1970,group stage,1970-06-02,V-101,Mexico,0,Bulgaria,Peru,2,3,,,away,L
M-1970-04,WC-1970,1970,group stage,1970-06-02,V-101,Mexico,0,Peru,Bulgaria,3,2,,,home,W
M-1970-05,WC-1970,1970,group stage,1970-06-03,V-102,Mexico,0,El Salvador,Belgium,0,3,,,away,L
M-1970-05,WC-1970,1970,group stage,1970-06-03,V-102,Mexico,0,Belgium,El Salvador,3,0,,,home,W
M-1970-06,WC-1970,1970,group stage,1970-06-03,V-109,Mexico,0,Sweden,Italy,0,1,,,away,L
M-1970-06,WC-1970,1970,group stage,1970-06-03,V-109,Mexico,0,Italy,Sweden,1,0,,,home,W
M-1970-07,WC-1970,1970,group stage,1970-06-03,V-097,Mexico,0,Czech Republic,Brazil,1,4,,,away,L
M-1970-07,WC-1970,1970,group stage,1970-06-03,V-097,Mexico,0,Brazil,Czech Republic,4,1,,,home,W
M-1970-08,WC-1970,1970,group stage,1970-06-03,V-101,Mexico,0,Morocco,Germany,1,2,,,away,L
M-1970-08,WC-1970,1970,group stage,1970-06-03,V-101,Mexico,0,Germany,Morocco,2,1,,,home,W
M-1970-09,WC-1970,1970,group stage,1970-06-06,V-102,Mexico,0,Belgium,Russia,1,4,,,away,L
M-1970-09,WC-1970,1970,group stage,1970-06-06,V-102,Mexico,0,Russia,Belgium,4,1,,,home,W
M-1970-10,WC-1970,1970,group stage,1970-06-06,V-107,Mexico,0,Italy,Uruguay,0,0,,,away,D
M-1970-10,WC-1970,1970,group stage,1970-06-06,V-107,Mexico,0,Uruguay,Italy,0,0,,,home,D
M-1970-11,WC-1970,1970,group stage,1970-06-06,V-097,Mexico,0,Czech Republic,Romania,1,2,,,away,L
M-1970-11,WC-1970,1970,group stage,1970-06-06,V-097,Mexico,0,Romania,Czech Republic,2,1,,,home,W
M-1970-12,WC-1970,1970,group stage,1970-06-06,V-101,Mexico,0,Morocco,Peru,0,3,,,away,L
M-1970-12,WC-1970,1970,group stage,1970-06-06,V-101,Mexico,0,Peru,Morocco,3,0,,,home,W
M-1970-13,WC-1970,1970,group stage,1970-06-07,V-102,Mexico,0,El Salvador,Mexico,0,4,,,away,L
M-1970-13,WC-1970,1970,group stage,1970-06-07,V-102,Mexico,0,Mexico,El Salvador,4,0,,,home,W
M-1970-14,WC-1970,1970,group stage,1970-06-07,V-109,Mexico,0,Israel,Sweden,1,1,,,away,D
M-1970-14,WC-1970,1970,group stage,1970-06-07,V-109,Mexico,0,Sweden,Israel,1,1,,,home,D
M-1970-15,WC-1970,1970,group stage,1970-06-07,V-097,Mexico,0,England,Brazil,0,1,,,away,L
M-1970-15,WC-1970,1970,group stage,1970-06-07,V-097,Mexico,0,Brazil,England,1,0,,,home,W
M-1970-16,WC-1970,1970,group stage,1970-06-07,V-101,Mexico,0,Bulgaria,Germany,2,5,,,away,L
M-1970-16,WC-1970,1970,group stage,1970-06-07,V-101,Mexico,0,Germany,Bulgaria,5,2,,,home,W
M-1970-17,WC-1970,1970,group stage,1970-06-10,V-102,Mexico,0,El Salvador,Russia,0,2,,,away,L
M-1970-17,WC-1970,1970,group stage,1970-06-10,V-102,Mexico,0,Russia,El Salvador,2,0,,,home,W
M-1970-18,WC-1970,1970,group stage,1970-06-10,V-107,Mexico,0,Uruguay,Sweden,0,1,,,away,L
M-1970-18,WC-1970,1970,group stage,1970-06-10,V-107,Mexico,0,Sweden,Uruguay,1,0,,,home,W
M-1970-19,WC-1970,1970,group stage,1970-06-10,V-097,Mexico,0,Romania,Brazil,2,3,,,away,L
M-1970-19,WC-1970,1970,group stage,1970-06-10,V-097,Mexico,0,Brazil,Romania,3,2,,,home,W
M-1970-20,WC-1970,1970,group stage,1970-06-10,V-101,Mexico,0,Peru,Germany,1,3,,,away,L
M-1970-20,WC-1970,1970,group stage,1970-06-10,V-101,Mexico,0,Germany,Peru,3,1,,,home,W
M-1970-21,WC-1970,1970,group stage,1970-06-11,V-102,Mexico,0,Belgium,Mexico,0,1,,,away,L
M-1970-21,WC-1970,1970,group stage,1970-06-11,V-102,Mexico,0,Mexico,Belgium,1,0,,,home,W
M-1970-22,WC-1970,1970,group stage,1970-06-11,V-109,Mexico,0,Israel,Italy,0,0,,,away,D
M-1970-22,WC-1970,1970,group stage,1970-06-11,V-109,Mexico,0,Italy,Israel,0,0,,,home,D
M-1970-23,WC-1970,1970,group stage,1970-06-11,V-097,Mexico,0,Czech Republic,England,0,1,,,away,L
M-1970-23,WC-1970,1970,group stage,1970-06-11,V-097,Mexico,0,England,Czech Republic,1,0,,,home,W
M-1970-24,WC-1970,1970,group stage,1970-06-11,V-101,Mexico,0,Morocco,Bulgaria,1,1,,,away,D
M-1970-24,WC-1970,1970,group stage,1970-06-11,V-101,Mexico,0,Bulgaria,Morocco,1,1,,,home,D
M-1970-25,WC-1970,1970,quarter-finals,1970-06-14,V-097,Mexico,0,Peru,Brazil,2,4,,,away,L
M-1970-25,WC-1970,1970,quarter-finals,1970-06-14,V-097,Mexico,0,Brazil,Peru,4,2,,,home,W
M-1970-26,WC-1970,1970,quarter-finals,1970-06-14,V-109,Mexico,0,Mexico,Italy,1,4,,,away,L
M-1970-26,WC-1970,1970,quarter-finals,1970-06-14,V-109,Mexico,0,Italy,Mexico,4,1,,,home,W
M-1970-27,WC-1970,1970,quarter-finals,1970-06-14,V-102,Mexico,0,Uruguay,Russia,1,0,,,away,W
M-1970-27,WC-1970,1970,quarter-finals,1970-06-14,V-102,Mexico,0,Russia,Uruguay,0,1,,,home,L
M-1970-28,WC-1970,1970,quarter-finals,1970-06-14,V-101,Mexico,0,England,Germany,2,3,,,away,L
M-1970-28,WC-1970,1970,quarter-finals,1970-06-14,V-101,Mexico,0,Germany,England,3,2,,,home,W
M-1970-29,WC-1970,1970,semi-finals,1970-06-17,V-097,Mexico,0,Uruguay,Brazil,1,3,,,away,L
M-1970-29,WC-1970,1970,semi-finals,1970-06-17,V-097,Mexico,0,Brazil,Uruguay,3,1,,,home,W
M-1970-30,WC-1970,1970,semi-finals,1970-06-17,V-102,Mexico,0,Germany,Italy,3,4,,,away,L
M-1970-30,WC-1970,1970,semi-finals,1970-06-17,V-102,Mexico,0,Italy,Germany,4,3,,,home,W
M-1970-31,WC-1970,1970,third-place match,1970-06-20,V-102,Mexico,0,Uruguay,Germany,0,1,,,away,L
M-1970-31,WC-1970,1970,third-place match,1970-06-20,V-102,Mexico,0,Germany,Uruguay,1,0,,,home,W
M-1970-32,WC-1970,1970,final,1970-06-21,V-102,Mexico,0,Italy,Brazil,1,4,,,away,L
M-1970-32,WC-1970,1970,final,1970-06-21,V-102,Mexico,0,Brazil,Italy,4,1,,,home,W
M-1974-01,WC-1974,1974,group stage,1974-06-13,V-059,Germany,0,Serbia,Brazil,0,0,,,away,D
M-1974-01,WC-1974,1974,group stage,1974-06-13,V-059,Germany,0,Brazil,Serbia,0,0,,,home,D
M-1974-02,WC-1974,1974,group stage,1974-06-14,V-055,Germany,0,Chile,Germany,0,1,,,away,L
M-1974-02,WC-1974,1974,group stage,1974-06-14,V-055,Germany,0,Germany,Chile,1,0,,,home,W
M-1974-03,WC-1974,1974,group stage,1974-06-14,V-062,Germany,0,Australia,Germany,0,2,,,away,L
M-1974-03,WC-1974,1974,group stage,1974-06-14,V-062,Germany,0,Germany,Australia,2,0,,,home,W
M-1974-04,WC-1974,1974,group stage,1974-06-14,V-057,Germany,0,Scotland,DR Congo,2,0,,,away,W
M-1974-04,WC-1974,1974,group stage,1974-06-14,V-057,Germany,0,DR Congo,Scotland,0,2,,,home,L
M-1974-05,WC-1974,1974,group stage,1974-06-15,V-058,Germany,0,Bulgaria,Sweden,0,0,,,away,D
M-1974-05,WC-1974,1974,group stage,1974-06-15,V-058,Germany,0,Sweden,Bulgaria,0,0,,,home,D
M-1974-06,WC-1974,1974,group stage,1974-06-15,V-063,Germany,0,Netherlands,Uruguay,2,0,,,away,W
M-1974-06,WC-1974,1974,group stage,1974-06-15,V-063,Germany,0,Uruguay,Netherlands,0,2,,,home,L
M-1974-07,WC-1974,1974,group stage,1974-06-15,V-067,Germany,0,Haiti,Italy,1,3,,,away,L
M-1974-07,WC-1974,1974,group stage,1974-06-15,V-067,Germany,0,Italy,Haiti,3,1,,,home,W
M-1974-08,WC-1974,1974,group stage,1974-06-15,V-069,Germany,0,Argentina,Poland,2,3,,,away,L
M-1974-08,WC-1974,1974,group stage,1974-06-15,V-069,Germany,0,Poland,Argentina,3,2,,,home,W
M-1974-09,WC-1974,1974,group stage,1974-06-18,V-062,Germany,0,Germany,Australia,3,0,,,away,W
M-1974-09,WC-1974,1974,group stage,1974-06-18,V-062,Germany,0,Australia,Germany,0,3,,,home,L
M-1974-10,WC-1974,1974,group stage,1974-06-18,V-055,Germany,0,Germany,Chile,1,1,,,away,D
M-1974-10,WC-1974,1974,group stage,1974-06-18,V-055,Germany,0,Chile,Germany,1,1,,,home,D
M-1974-11,WC-1974,1974,group stage,1974-06-18,V-059,Germany,0,Brazil,Scotland,0,0,,,away,D
M-1974-11,WC-1974,1974,group stage,1974-06-18,V-059,Germany,0,Scotland,Brazil,0,0,,,home,D
M-1974-12,WC-1974,1974,group stage,1974-06-18,V-061,Germany,0,DR Congo,Serbia,0,9,,,away,L
M-1974-12,WC-1974,1974,group stage,1974-06-18,V-061,Germany,0,Serbia,DR Congo,9,0,,,home,W
M-1974-13,WC-1974,1974,group stage,1974-06-19,V-063,Germany,0,Uruguay,Bulgaria,1,1,,,away,D
M-1974-13,WC-1974,1974,group stage,1974-06-19,V-063,Germany,0,Bulgaria,Uruguay,1,1,,,home,D
M-1974-14,WC-1974,1974,group stage,1974-06-19,V-057,Germany,0,Sweden,Netherlands,0,0,,,away,D
M-1974-14,WC-1974,1974,group stage,1974-06-19,V-057,Germany,0,Netherlands,Sweden,0,0,,,home,D
M-1974-15,WC-1974,1974,group stage,1974-06-19,V-069,Germany,0,Italy,Argentina,1,1,,,away,D
M-1974-15,WC-1974,1974,group stage,1974-06-19,V-069,Germany,0,Argentina,Italy,1,1,,,home,D
M-1974-16,WC-1974,1974,group stage,1974-06-19,V-067,Germany,0,Poland,Haiti,7,0,,,away,W
M-1974-16,WC-1974,1974,group stage,1974-06-19,V-067,Germany,0,Haiti,Poland,0,7,,,home,L
M-1974-17,WC-1974,1974,group stage,1974-06-22,V-055,Germany,0,Chile,Australia,0,0,,,away,D
M-1974-17,WC-1974,1974,group stage,1974-06-22,V-055,Germany,0,Australia,Chile,0,0,,,home,D
M-1974-18,WC-1974,1974,group stage,1974-06-22,V-059,Germany,0,Serbia,Scotland,1,1,,,away,D
M-1974-18,WC-1974,1974,group stage,1974-06-22,V-059,Germany,0,Scotland,Serbia,1,1,,,home,D
M-1974-19,WC-1974,1974,group stage,1974-06-22,V-061,Germany,0,Brazil,DR Congo,3,0,,,away,W
M-1974-19,WC-1974,1974,group stage,1974-06-22,V-061,Germany,0,DR Congo,Brazil,0,3,,,home,L
M-1974-20,WC-1974,1974,group stage,1974-06-22,V-062,Germany,0,Germany,Germany,0,1,,,away,L
M-1974-20,WC-1974,1974,group stage,1974-06-22,V-062,Germany,0,Germany,Germany,1,0,,,home,W
M-1974-21,WC-1974,1974,group stage,1974-06-23,V-057,Germany,0,Netherlands,Bulgaria,4,1,,,away,W
M-1974-21,WC-1974,1974,group stage,1974-06-23,V-057,Germany,0,Bulgaria,Netherlands,1,4,,,home,L
M-1974-22,WC-1974,1974,group stage,1974-06-23,V-058,Germany,0,Uruguay,Sweden,0,3,,,away,L
M-1974-22,WC-1974,1974,group stage,1974-06-23,V-058,Germany,0,Sweden,Uruguay,3,0,,,home,W
M-1974-23,WC-1974,1974,group stage,1974-06-23,V-067,Germany,0,Haiti,Argentina,1,4,,,away,L
M-1974-23,WC-1974,1974,group stage,1974-06-23,V-067,Germany,0,Argentina,Haiti,4,1,,,home,W
M-1974-24,WC-1974,1974,group stage,1974-06-23,V-069,Germany,0,Italy,Poland,1,2,,,away,L
M-1974-24,WC-1974,1974,group stage,1974-06-23,V-069,Germany,0,Poland,Italy,2,1,,,home,W
M-1974-25,WC-1974,1974,second group stage,1974-06-26,V-058,Germany,0,Germany,Serbia,2,0,,,away,W
M-1974-25,WC-1974,1974,second group stage,1974-06-26,V-058,Germany,0,Serbia,Germany,0,2,,,home,L
M-1974-26,WC-1974,1974,second group stage,1974-06-26,V-063,Germany,0,Germany,Brazil,0,1,,,away,L
M-1974-26,WC-1974,1974,second group stage,1974-06-26,V-063,Germany,0,Brazil,Germany,1,0,,,home,W
M-1974-27,WC-1974,1974,second group stage,1974-06-26,V-061,Germany,0,Argentina,Netherlands,0,4,,,away,L
M-1974-27,WC-1974,1974,second group stage,1974-06-26,V-061,Germany,0,Netherlands,Argentina,4,0,,,home,W
M-1974-28,WC-1974,1974,second group stage,1974-06-26,V-069,Germany,0,Poland,Sweden,1,0,,,away,W
M-1974-28,WC-1974,1974,second group stage,1974-06-26,V-069,Germany,0,Sweden,Poland,0,1,,,home,L
M-1974-29,WC-1974,1974,second group stage,1974-06-30,V-063,Germany,0,Brazil,Argentina,2,1,,,away,W
M-1974-29,WC-1974,1974,second group stage,1974-06-30,V-063,Germany,0,Argentina,Brazil,1,2,,,home,L
M-1974-30,WC-1974,1974,second group stage,1974-06-30,V-061,Germany,0,Netherlands,Germany,2,0,,,away,W
M-1974-30,WC-1974,1974,second group stage,1974-06-30,V-061,Germany,0,Germany,Netherlands,0,2,,,home,L
M-1974-31,WC-1974,1974,second group stage,1974-06-30,V-059,Germany,0,Serbia,Poland,1,2,,,away,L
M-1974-31,WC-1974,1974,second group stage,1974-06-30,V-059,Germany,0,Poland,Serbia,2,1,,,home,W
M-1974-32,WC-1974,1974,second group stage,1974-06-30,V-058,Germany,0,Sweden,Germany,2,4,,,away,L
M-1974-32,WC-1974,1974,second group stage,1974-06-30,V-058,Germany,0,Germany,Sweden,4,2,,,home,W
M-1974-33,WC-1974,1974,second group stage,1974-07-03,V-059,Germany,0,Germany,Poland,1,0,,,away,W
M-1974-33,WC-1974,1974,second group stage,1974-07-03,V-059,Germany,0,Poland,Germany,0,1,,,home,L
M-1974-34,WC-1974,1974,second group stage,1974-07-03,V-061,Germany,0,Germany,Argentina,1,1,,,away,D
M-1974-34,WC-1974,1974,second group stage,1974-07-03,V-061,Germany,0,Argentina,Germany,1,1,,,home,D
M-1974-35,WC-1974,1974,second group stage,1974-07-03,V-057,Germany,0,Brazil,Netherlands,0,2,,,away,L
M-1974-35,WC-1974,1974,second group stage,1974-07-03,V-057,Germany,0,Netherlands,Brazil,2,0,,,home,W
M-1974-36,WC-1974,1974,second group stage,1974-07-03,V-058,Germany,0,Serbia,Sweden,1,2,,,away,L
M-1974-36,WC-1974,1974,second group stage,1974-07-03,V-058,Germany,0,Sweden,Serbia,2,1,,,home,W
M-1974-37,WC-1974,1974,third-place match,1974-07-06,V-067,Germany,0,Poland,Brazil,1,0,,,away,W
M-1974-37,WC-1974,1974,third-place match,1974-07-06,V-067,Germany,0,Brazil,Poland,0,1,,,home,L
M-1974-38,WC-1974,1974,final,1974-07-07,V-067,Germany,0,Germany,Netherlands,2,1,,,away,W
M-1974-38,WC-1974,1974,final,1974-07-07,V-067,Germany,0,Netherlands,Germany,1,2,,,home,L
M-1978-01,WC-1978,1978,group stage,1978-06-01,V-002,Argentina,0,Poland,Germany,0,0,,,away,D
M-1978-01,WC-1978,1978,group stage,1978-06-01,V-002,Argentina,0,Germany,Poland,0,0,,,home,D
M-1978-02,WC-1978,1978,group stage,1978-06-02,V-004,Argentina,0,France,Italy,1,2,,,away,L
M-1978-02,WC-1978,1978,group stage,1978-06-02,V-004,Argentina,0,Italy,France,2,1,,,home,W
M-1978-03,WC-1978,1978,group stage,1978-06-02,V-006,Argentina,0,Mexico,Tunisia,1,3,,,away,L
M-1978-03,WC-1978,1978,group stage,1978-06-02,V-006,Argentina,0,Tunisia,Mexico,3,1,,,home,W
M-1978-04,WC-1978,1978,group stage,1978-06-02,V-002,Argentina,0,Hungary,Argentina,1,2,,,away,L
M-1978-04,WC-1978,1978,group stage,1978-06-02,V-002,Argentina,0,Argentina,Hungary,2,1,,,home,W
M-1978-05,WC-1978,1978,group stage,1978-06-03,V-001,Argentina,0,Spain,Austria,1,2,,,away,L
M-1978-05,WC-1978,1978,group stage,1978-06-03,V-001,Argentina,0,Austria,Spain,2,1,,,home,W
M-1978-06,WC-1978,1978,group stage,1978-06-03,V-004,Argentina,0,Sweden,Brazil,1,1,,,away,D
M-1978-06,WC-1978,1978,group stage,1978-06-03,V-004,Argentina,0,Brazil,Sweden,1,1,,,home,D
M-1978-07,WC-1978,1978,group stage,1978-06-03,V-005,Argentina,0,Iran,Netherlands,0,3,,,away,L
M-1978-07,WC-1978,1978,group stage,1978-06-03,V-005,Argentina,0,Netherlands,Iran,3,0,,,home,W
M-1978-08,WC-1978,1978,group stage,1978-06-03,V-003,Argentina,0,Scotland,Peru,1,3,,,away,L
M-1978-08,WC-1978,1978,group stage,1978-06-03,V-003,Argentina,0,Peru,Scotland,3,1,,,home,W
M-1978-09,WC-1978,1978,group stage,1978-06-06,V-004,Argentina,0,Hungary,Italy,1,3,,,away,L
M-1978-09,WC-1978,1978,group stage,1978-06-06,V-004,Argentina,0,Italy,Hungary,3,1,,,home,W
M-1978-10,WC-1978,1978,group stage,1978-06-06,V-006,Argentina,0,Tunisia,Poland,0,1,,,away,L
M-1978-10,WC-1978,1978,group stage,1978-06-06,V-006,Argentina,0,Poland,Tunisia,1,0,,,home,W
M-1978-11,WC-1978,1978,group stage,1978-06-06,V-003,Argentina,0,Mexico,Germany,0,6,,,away,L
M-1978-11,WC-1978,1978,group stage,1978-06-06,V-003,Argentina,0,Germany,Mexico,6,0,,,home,W
M-1978-12,WC-1978,1978,group stage,1978-06-06,V-002,Argentina,0,France,Argentina,1,2,,,away,L
M-1978-12,WC-1978,1978,group stage,1978-06-06,V-002,Argentina,0,Argentina,France,2,1,,,home,W
M-1978-13,WC-1978,1978,group stage,1978-06-07,V-001,Argentina,0,Sweden,Austria,0,1,,,away,L
M-1978-13,WC-1978,1978,group stage,1978-06-07,V-001,Argentina,0,Austria,Sweden,1,0,,,home,W
M-1978-14,WC-1978,1978,group stage,1978-06-07,V-004,Argentina,0,Spain,Brazil,0,0,,,away,D
M-1978-14,WC-1978,1978,group stage,1978-06-07,V-004,Argentina,0,Brazil,Spain,0,0,,,home,D
M-1978-15,WC-1978,1978,group stage,1978-06-07,V-005,Argentina,0,Peru,Netherlands,0,0,,,away,D
M-1978-15,WC-1978,1978,group stage,1978-06-07,V-005,Argentina,0,Netherlands,Peru,0,0,,,home,D
M-1978-16,WC-1978,1978,group stage,1978-06-07,V-003,Argentina,0,Iran,Scotland,1,1,,,away,D
M-1978-16,WC-1978,1978,group stage,1978-06-07,V-003,Argentina,0,Scotland,Iran,1,1,,,home,D
M-1978-17,WC-1978,1978,group stage,1978-06-10,V-004,Argentina,0,Hungary,France,1,3,,,away,L
M-1978-17,WC-1978,1978,group stage,1978-06-10,V-004,Argentina,0,France,Hungary,3,1,,,home,W
M-1978-18,WC-1978,1978,group stage,1978-06-10,V-006,Argentina,0,Mexico,Poland,1,3,,,away,L
M-1978-18,WC-1978,1978,group stage,1978-06-10,V-006,Argentina,0,Poland,Mexico,3,1,,,home,W
M-1978-19,WC-1978,1978,group stage,1978-06-10,V-003,Argentina,0,Tunisia,Germany,0,0,,,away,D
M-1978-19,WC-1978,1978,group stage,1978-06-10,V-003,Argentina,0,Germany,Tunisia,0,0,,,home,D
M-1978-20,WC-1978,1978,group stage,1978-06-10,V-002,Argentina,0,Italy,Argentina,1,0,,,away,W
M-1978-20,WC-1978,1978,group stage,1978-06-10,V-002,Argentina,0,Argentina,Italy,0,1,,,home,L
M-1978-21,WC-1978,1978,group stage,1978-06-11,V-004,Argentina,0,Austria,Brazil,0,1,,,away,L
M-1978-21,WC-1978,1978,group stage,1978-06-11,V-004,Argentina,0,Brazil,Austria,1,0,,,home,W
M-1978-22,WC-1978,1978,group stage,1978-06-11,V-001,Argentina,0,Sweden,Spain,0,1,,,away,L
M-1978-22,WC-1978,1978,group stage,1978-06-11,V-001,Argentina,0,Spain,Sweden,1,0,,,home,W
M-1978-23,WC-1978,1978,group stage,1978-06-11,V-003,Argentina,0,Iran,Peru,1,4,,,away,L
M-1978-23,WC-1978,1978,group stage,1978-06-11,V-003,Argentina,0,Peru,Iran,4,1,,,home,W
M-1978-24,WC-1978,1978,group stage,1978-06-11,V-005,Argentina,0,Netherlands,Scotland,2,3,,,away,L
M-1978-24,WC-1978,1978,group stage,1978-06-11,V-005,Argentina,0,Scotland,Netherlands,3,2,,,home,W
M-1978-25,WC-1978,1978,second group stage,1978-06-14,V-003,Argentina,0,Netherlands,Austria,5,1,,,away,W
M-1978-25,WC-1978,1978,second group stage,1978-06-14,V-003,Argentina,0,Austria,Netherlands,1,5,,,home,L
M-1978-26,WC-1978,1978,second group stage,1978-06-14,V-002,Argentina,0,Germany,Italy,0,0,,,away,D
M-1978-26,WC-1978,1978,second group stage,1978-06-14,V-002,Argentina,0,Italy,Germany,0,0,,,home,D
M-1978-27,WC-1978,1978,second group stage,1978-06-14,V-005,Argentina,0,Peru,Brazil,0,3,,,away,L
M-1978-27,WC-1978,1978,second group stage,1978-06-14,V-005,Argentina,0,Brazil,Peru,3,0,,,home,W
M-1978-28,WC-1978,1978,second group stage,1978-06-14,V-006,Argentina,0,Poland,Argentina,0,2,,,away,L
M-1978-28,WC-1978,1978,second group stage,1978-06-14,V-006,Argentina,0,Argentina,Poland,2,0,,,home,W
M-1978-29,WC-1978,1978,second group stage,1978-06-18,V-005,Argentina,0,Poland,Peru,1,0,,,away,W
M-1978-29,WC-1978,1978,second group stage,1978-06-18,V-005,Argentina,0,Peru,Poland,0,1,,,home,L
M-1978-30,WC-1978,1978,second group stage,1978-06-18,V-002,Argentina,0,Austria,Italy,0,1,,,away,L
M-1978-30,WC-1978,1978,second group stage,1978-06-18,V-002,Argentina,0,Italy,Austria,1,0,,,home,W
M-1978-31,WC-1978,1978,second group stage,1978-06-18,V-003,Argentina,0,Germany,Netherlands,2,2,,,away,D
M-1978-31,WC-1978,1978,second group stage,1978-06-18,V-003,Argentina,0,Netherlands,Germany,2,2,,,home,D
M-1978-32,WC-1978,1978,second group stage,1978-06-18,V-006,Argentina,0,Brazil,Argentina,0,0,,,away,D
M-1978-32,WC-1978,1978,second group stage,1978-06-18,V-006,Argentina,0,Argentina,Brazil,0,0,,,home,D
M-1978-33,WC-1978,1978,second group stage,1978-06-21,V-003,Argentina,0,Germany,Austria,2,3,,,away,L
M-1978-33,WC-1978,1978,second group stage,1978-06-21,V-003,Argentina,0,Austria,Germany,3,2,,,home,W
M-1978-34,WC-1978,1978,second group stage,1978-06-21,V-002,Argentina,0,Netherlands,Italy,2,1,,,away,W
M-1978-34,WC-1978,1978,second group stage,1978-06-21,V-002,Argentina,0,Italy,Netherlands,1,2,,,home,L
M-1978-35,WC-1978,1978,second group stage,1978-06-21,V-005,Argentina,0,Poland,Brazil,1,3,,,away,L
M-1978-35,WC-1978,1978,second group stage,1978-06-21,V-005,Argentina,0,Brazil,Poland,3,1,,,home,W
M-1978-36,WC-1978,1978,second group stage,1978-06-21,V-006,Argentina,0,Peru,Argentina,0,6,,,away,L
M-1978-36,WC-1978,1978,second group stage,1978-06-21,V-006,Argentina,0,Argentina,Peru,6,0,,,home,W
M-1978-37,WC-1978,1978,third-place match,1978-06-24,V-002,Argentina,0,Italy,Brazil,1,2,,,away,L
M-1978-37,WC-1978,1978,third-place match,1978-06-24,V-002,Argentina,0,Brazil,Italy,2,1,,,home,W
M-1978-38,WC-1978,1978,final,1978-06-25,V-002,Argentina,0,Netherlands,Argentina,1,3,,,away,L
M-1978-38,WC-1978,1978,final,1978-06-25,V-002,Argentina,0,Argentina,Netherlands,3,1,,,home,W
M-1982-01,WC-1982,1982,group stage,1982-06-13,V-153,Spain,0,Belgium,Argentina,1,0,,,away,W
M-1982-01,WC-1982,1982,group stage,1982-06-13,V-153,Spain,0,Argentina,Belgium,0,1,,,home,L
M-1982-02,WC-1982,1982,group stage,1982-06-14,V-166,Spain,0,Poland,Italy,0,0,,,away,D
M-1982-02,WC-1982,1982,group stage,1982-06-14,V-166,Spain,0,Italy,Poland,0,0,,,home,D
M-1982-03,WC-1982,1982,group stage,1982-06-14,V-163,Spain,0,Russia,Brazil,1,2,,,away,L
M-1982-03,WC-1982,1982,group stage,1982-06-14,V-163,Spain,0,Brazil,Russia,2,1,,,home,W
M-1982-04,WC-1982,1982,group stage,1982-06-15,V-151,Spain,0,Cameroon,Peru,0,0,,,away,D
M-1982-04,WC-1982,1982,group stage,1982-06-15,V-151,Spain,0,Peru,Cameroon,0,0,,,home,D
M-1982-05,WC-1982,1982,group stage,1982-06-15,V-156,Spain,0,El Salvador,Hungary,1,10,,,away,L
M-1982-05,WC-1982,1982,group stage,1982-06-15,V-156,Spain,0,Hungary,El Salvador,10,1,,,home,W
M-1982-06,WC-1982,1982,group stage,1982-06-15,V-160,Spain,0,New Zealand,Scotland,2,5,,,away,L
M-1982-06,WC-1982,1982,group stage,1982-06-15,V-160,Spain,0,Scotland,New Zealand,5,2,,,home,W
M-1982-07,WC-1982,1982,group stage,1982-06-16,V-157,Spain,0,Algeria,Germany,2,1,,,away,W
M-1982-07,WC-1982,1982,group stage,1982-06-16,V-157,Spain,0,Germany,Algeria,1,2,,,home,L
M-1982-08,WC-1982,1982,group stage,1982-06-16,V-155,Spain,0,France,England,1,3,,,away,L
M-1982-08,WC-1982,1982,group stage,1982-06-16,V-155,Spain,0,England,France,3,1,,,home,W
M-1982-09,WC-1982,1982,group stage,1982-06-16,V-164,Spain,0,Honduras,Spain,1,1,,,away,D
M-1982-09,WC-1982,1982,group stage,1982-06-16,V-164,Spain,0,Spain,Honduras,1,1,,,home,D
M-1982-10,WC-1982,1982,group stage,1982-06-17,V-161,Spain,0,Austria,Chile,1,0,,,away,W
M-1982-10,WC-1982,1982,group stage,1982-06-17,V-161,Spain,0,Chile,Austria,0,1,,,home,L
M-1982-11,WC-1982,1982,group stage,1982-06-17,V-165,Spain,0,Kuwait,Czech Republic,1,1,,,away,D
M-1982-11,WC-1982,1982,group stage,1982-06-17,V-165,Spain,0,Czech Republic,Kuwait,1,1,,,home,D
M-1982-12,WC-1982,1982,group stage,1982-06-17,V-167,Spain,0,Northern Ireland,Serbia,0,0,,,away,D
M-1982-12,WC-1982,1982,group stage,1982-06-17,V-167,Spain,0,Serbia,Northern Ireland,0,0,,,home,D
M-1982-13,WC-1982,1982,group stage,1982-06-18,V-166,Spain,0,Peru,Italy,1,1,,,away,D
M-1982-13,WC-1982,1982,group stage,1982-06-18,V-166,Spain,0,Italy,Peru,1,1,,,home,D
M-1982-14,WC-1982,1982,group stage,1982-06-18,V-152,Spain,0,Hungary,Argentina,1,4,,,away,L
M-1982-14,WC-1982,1982,group stage,1982-06-18,V-152,Spain,0,Argentina,Hungary,4,1,,,home,W
M-1982-15,WC-1982,1982,group stage,1982-06-18,V-162,Spain,0,Scotland,Brazil,1,4,,,away,L
M-1982-15,WC-1982,1982,group stage,1982-06-18,V-162,Spain,0,Brazil,Scotland,4,1,,,home,W
M-1982-16,WC-1982,1982,group stage,1982-06-19,V-151,Spain,0,Cameroon,Poland,0,0,,,away,D
M-1982-16,WC-1982,1982,group stage,1982-06-19,V-151,Spain,0,Poland,Cameroon,0,0,,,home,D
M-1982-17,WC-1982,1982,group stage,1982-06-19,V-156,Spain,0,El Salvador,Belgium,0,1,,,away,L
M-1982-17,WC-1982,1982,group stage,1982-06-19,V-156,Spain,0,Belgium,El Salvador,1,0,,,home,W
M-1982-18,WC-1982,1982,group stage,1982-06-19,V-160,Spain,0,New Zealand,Russia,0,3,,,away,L
M-1982-18,WC-1982,1982,group stage,1982-06-19,V-160,Spain,0,Russia,New Zealand,3,0,,,home,W
M-1982-19,WC-1982,1982,group stage,1982-06-20,V-157,Spain,0,Chile,Germany,1,4,,,away,L
M-1982-19,WC-1982,1982,group stage,1982-06-20,V-157,Spain,0,Germany,Chile,4,1,,,home,W
M-1982-20,WC-1982,1982,group stage,1982-06-20,V-155,Spain,0,Czech Republic,England,0,2,,,away,L
M-1982-20,WC-1982,1982,group stage,1982-06-20,V-155,Spain,0,England,Czech Republic,2,0,,,home,W
M-1982-21,WC-1982,1982,group stage,1982-06-20,V-164,Spain,0,Serbia,Spain,1,2,,,away,L
M-1982-21,WC-1982,1982,group stage,1982-06-20,V-164,Spain,0,Spain,Serbia,2,1,,,home,W
M-1982-22,WC-1982,1982,group stage,1982-06-21,V-161,Spain,0,Austria,Algeria,2,0,,,away,W
M-1982-22,WC-1982,1982,group stage,1982-06-21,V-161,Spain,0,Algeria,Austria,0,2,,,home,L
M-1982-23,WC-1982,1982,group stage,1982-06-21,V-165,Spain,0,Kuwait,France,1,4,,,away,L
M-1982-23,WC-1982,1982,group stage,1982-06-21,V-165,Spain,0,France,Kuwait,4,1,,,home,W
M-1982-24,WC-1982,1982,group stage,1982-06-21,V-167,Spain,0,Northern Ireland,Honduras,1,1,,,away,D
M-1982-24,WC-1982,1982,group stage,1982-06-21,V-167,Spain,0,Honduras,Northern Ireland,1,1,,,home,D
M-1982-25,WC-1982,1982,group stage,1982-06-22,V-151,Spain,0,Peru,Poland,1,5,,,away,L
M-1982-25,WC-1982,1982,group stage,1982-06-22,V-151,Spain,0,Poland,Peru,5,1,,,home,W
M-1982-26,WC-1982,1982,group stage,1982-06-22,V-156,Spain,0,Hungary,Belgium,1,1,,,away,D
M-1982-26,WC-1982,1982,group stage,1982-06-22,V-156,Spain,0,Belgium,Hungary,1,1,,,home,D
M-1982-27,WC-1982,1982,group stage,1982-06-22,V-160,Spain,0,Scotland,Russia,2,2,,,away,D
M-1982-27,WC-1982,1982,group stage,1982-06-22,V-160,Spain,0,Russia,Scotland,2,2,,,home,D
M-1982-28,WC-1982,1982,group stage,1982-06-23,V-166,Spain,0,Cameroon,Italy,1,1,,,away,D
M-1982-28,WC-1982,1982,group stage,1982-06-23,V-166,Spain,0,Italy,Cameroon,1,1,,,home,D
M-1982-29,WC-1982,1982,group stage,1982-06-23,V-152,Spain,0,El Salvador,Argentina,0,2,,,away,L
M-1982-29,WC-1982,1982,group stage,1982-06-23,V-152,Spain,0,Argentina,El Salvador,2,0,,,home,W
M-1982-30,WC-1982,1982,group stage,1982-06-23,V-162,Spain,0,New Zealand,Brazil,0,4,,,away,L
M-1982-30,WC-1982,1982,group stage,1982-06-23,V-162,Spain,0,Brazil,New Zealand,4,0,,,home,W
M-1982-31,WC-1982,1982,group stage,1982-06-24,V-161,Spain,0,Chile,Algeria,2,3,,,away,L
M-1982-31,WC-1982,1982,group stage,1982-06-24,V-161,Spain,0,Algeria,Chile,3,2,,,home,W
M-1982-32,WC-1982,1982,group stage,1982-06-24,V-165,Spain,0,Czech Republic,France,1,1,,,away,D
M-1982-32,WC-1982,1982,group stage,1982-06-24,V-165,Spain,0,France,Czech Republic,1,1,,,home,D
M-1982-33,WC-1982,1982,group stage,1982-06-24,V-167,Spain,0,Serbia,Honduras,1,0,,,away,W
M-1982-33,WC-1982,1982,group stage,1982-06-24,V-167,Spain,0,Honduras,Serbia,0,1,,,home,L
M-1982-34,WC-1982,1982,group stage,1982-06-25,V-157,Spain,0,Austria,Germany,0,1,,,away,L
M-1982-34,WC-1982,1982,group stage,1982-06-25,V-157,Spain,0,Germany,Austria,1,0,,,home,W
M-1982-35,WC-1982,1982,group stage,1982-06-25,V-155,Spain,0,Kuwait,England,0,1,,,away,L
M-1982-35,WC-1982,1982,group stage,1982-06-25,V-155,Spain,0,England,Kuwait,1,0,,,home,W
M-1982-36,WC-1982,1982,group stage,1982-06-25,V-164,Spain,0,Northern Ireland,Spain,1,0,,,away,W
M-1982-36,WC-1982,1982,group stage,1982-06-25,V-164,Spain,0,Spain,Northern Ireland,0,1,,,home,L
M-1982-37,WC-1982,1982,second group stage,1982-06-28,V-159,Spain,0,France,Austria,1,0,,,away,W
M-1982-37,WC-1982,1982,second group stage,1982-06-28,V-159,Spain,0,Austria,France,0,1,,,home,L
M-1982-38,WC-1982,1982,second group stage,1982-06-28,V-153,Spain,0,Belgium,Poland,0,3,,,away,L
M-1982-38,WC-1982,1982,second group stage,1982-06-28,V-153,Spain,0,Poland,Belgium,3,0,,,home,W
M-1982-39,WC-1982,1982,second group stage,1982-06-29,V-154,Spain,0,Argentina,Italy,1,2,,,away,L
M-1982-39,WC-1982,1982,second group stage,1982-06-29,V-154,Spain,0,Italy,Argentina,2,1,,,home,W
M-1982-40,WC-1982,1982,second group stage,1982-06-29,V-158,Spain,0,England,Germany,0,0,,,away,D
M-1982-40,WC-1982,1982,second group stage,1982-06-29,V-158,Spain,0,Germany,England,0,0,,,home,D
M-1982-41,WC-1982,1982,second group stage,1982-07-01,V-159,Spain,0,Northern Ireland,Austria,2,2,,,away,D
M-1982-41,WC-1982,1982,second group stage,1982-07-01,V-159,Spain,0,Austria,Northern Ireland,2,2,,,home,D
M-1982-42,WC-1982,1982,second group stage,1982-07-01,V-153,Spain,0,Russia,Belgium,1,0,,,away,W
M-1982-42,WC-1982,1982,second group stage,1982-07-01,V-153,Spain,0,Belgium,Russia,0,1,,,home,L
M-1982-43,WC-1982,1982,second group stage,1982-07-02,V-154,Spain,0,Brazil,Argentina,3,1,,,away,W
M-1982-43,WC-1982,1982,second group stage,1982-07-02,V-154,Spain,0,Argentina,Brazil,1,3,,,home,L
M-1982-44,WC-1982,1982,second group stage,1982-07-02,V-158,Spain,0,Spain,Germany,1,2,,,away,L
M-1982-44,WC-1982,1982,second group stage,1982-07-02,V-158,Spain,0,Germany,Spain,2,1,,,home,W
M-1982-45,WC-1982,1982,second group stage,1982-07-04,V-159,Spain,0,Northern Ireland,France,1,4,,,away,L
M-1982-45,WC-1982,1982,second group stage,1982-07-04,V-159,Spain,0,France,Northern Ireland,4,1,,,home,W
M-1982-46,WC-1982,1982,second group stage,1982-07-04,V-153,Spain,0,Poland,Russia,0,0,,,away,D
M-1982-46,WC-1982,1982,second group stage,1982-07-04,V-153,Spain,0,Russia,Poland,0,0,,,home,D
M-1982-47,WC-1982,1982,second group stage,1982-07-05,V-154,Spain,0,Brazil,Italy,2,3,,,away,L
M-1982-47,WC-1982,1982,second group stage,1982-07-05,V-154,Spain,0,Italy,Brazil,3,2,,,home,W
M-1982-48,WC-1982,1982,second group stage,1982-07-05,V-158,Spain,0,England,Spain,0,0,,,away,D
M-1982-48,WC-1982,1982,second group stage,1982-07-05,V-158,Spain,0,Spain,England,0,0,,,home,D
M-1982-49,WC-1982,1982,semi-finals,1982-07-08,V-153,Spain,0,Italy,Poland,2,0,,,away,W
M-1982-49,WC-1982,1982,semi-finals,1982-07-08,V-153,Spain,0,Poland,Italy,0,2,,,home,L
M-1982-50,WC-1982,1982,semi-finals,1982-07-08,V-163,Spain,1,France,Germany,3,3,4.0,5.0,away,L
M-1982-50,WC-1982,1982,semi-finals,1982-07-08,V-163,Spain,1,Germany,France,3,3,5.0,4.0,home,W
M-1982-51,WC-1982,1982,third-place match,1982-07-10,V-152,Spain,0,France,Poland,2,3,,,away,L
M-1982-51,WC-1982,1982,third-place match,1982-07-10,V-152,Spain,0,Poland,France,3,2,,,home,W
M-1982-52,WC-1982,1982,final,1982-07-11,V-158,Spain,0,Germany,Italy,1,3,,,away,L
M-1982-52,WC-1982,1982,final,1982-07-11,V-158,Spain,0,Italy,Germany,3,1,,,home,W
M-1986-01,WC-1986,1986,group stage,1986-05-31,V-102,Mexico,0,Italy,Bulgaria,1,1,,,away,D
M-1986-01,WC-1986,1986,group stage,1986-05-31,V-102,Mexico,0,Bulgaria,Italy,1,1,,,home,D
M-1986-02,WC-1986,1986,group stage,1986-06-01,V-097,Mexico,0,Brazil,Spain,1,0,,,away,W
M-1986-02,WC-1986,1986,group stage,1986-06-01,V-097,Mexico,0,Spain,Brazil,0,1,,,home,L
M-1986-03,WC-1986,1986,group stage,1986-06-01,V-101,Mexico,0,France,Canada,1,0,,,away,W
M-1986-03,WC-1986,1986,group stage,1986-06-01,V-101,Mexico,0,Canada,France,0,1,,,home,L
M-1986-04,WC-1986,1986,group stage,1986-06-02,V-103,Mexico,0,South Korea,Argentina,1,3,,,away,L
M-1986-04,WC-1986,1986,group stage,1986-06-02,V-103,Mexico,0,Argentina,South Korea,3,1,,,home,W
M-1986-05,WC-1986,1986,group stage,1986-06-02,V-100,Mexico,0,Hungary,Russia,0,6,,,away,L
M-1986-05,WC-1986,1986,group stage,1986-06-02,V-100,Mexico,0,Russia,Hungary,6,0,,,home,W
M-1986-06,WC-1986,1986,group stage,1986-06-02,V-105,Mexico,0,Poland,Morocco,0,0,,,away,D
M-1986-06,WC-1986,1986,group stage,1986-06-02,V-105,Mexico,0,Morocco,Poland,0,0,,,home,D
M-1986-07,WC-1986,1986,group stage,1986-06-03,V-102,Mexico,0,Mexico,Belgium,2,1,,,away,W
M-1986-07,WC-1986,1986,group stage,1986-06-03,V-102,Mexico,0,Belgium,Mexico,1,2,,,home,L
M-1986-08,WC-1986,1986,group stage,1986-06-03,V-098,Mexico,0,Northern Ireland,Algeria,1,1,,,away,D
M-1986-08,WC-1986,1986,group stage,1986-06-03,V-098,Mexico,0,Algeria,Northern Ireland,1,1,,,home,D
M-1986-09,WC-1986,1986,group stage,1986-06-03,V-104,Mexico,0,England,Portugal,0,1,,,away,L
M-1986-09,WC-1986,1986,group stage,1986-06-03,V-104,Mexico,0,Portugal,England,1,0,,,home,W
M-1986-10,WC-1986,1986,group stage,1986-06-04,V-109,Mexico,0,Iraq,Paraguay,0,1,,,away,L
M-1986-10,WC-1986,1986,group stage,1986-06-04,V-109,Mexico,0,Paraguay,Iraq,1,0,,,home,W
M-1986-11,WC-1986,1986,group stage,1986-06-04,V-108,Mexico,0,Germany,Uruguay,1,1,,,away,D
M-1986-11,WC-1986,1986,group stage,1986-06-04,V-108,Mexico,0,Uruguay,Germany,1,1,,,home,D
M-1986-12,WC-1986,1986,group stage,1986-06-04,V-106,Mexico,0,Denmark,Scotland,1,0,,,away,W
M-1986-12,WC-1986,1986,group stage,1986-06-04,V-106,Mexico,0,Scotland,Denmark,0,1,,,home,L
M-1986-13,WC-1986,1986,group stage,1986-06-05,V-107,Mexico,0,Argentina,Italy,1,1,,,away,D
M-1986-13,WC-1986,1986,group stage,1986-06-05,V-107,Mexico,0,Italy,Argentina,1,1,,,home,D
M-1986-14,WC-1986,1986,group stage,1986-06-05,V-101,Mexico,0,Russia,France,1,1,,,away,D
M-1986-14,WC-1986,1986,group stage,1986-06-05,V-101,Mexico,0,France,Russia,1,1,,,home,D
M-1986-15,WC-1986,1986,group stage,1986-06-05,V-103,Mexico,0,Bulgaria,South Korea,1,1,,,away,D
M-1986-15,WC-1986,1986,group stage,1986-06-05,V-103,Mexico,0,South Korea,Bulgaria,1,1,,,home,D
M-1986-16,WC-1986,1986,group stage,1986-06-06,V-100,Mexico,0,Canada,Hungary,0,2,,,away,L
M-1986-16,WC-1986,1986,group stage,1986-06-06,V-100,Mexico,0,Hungary,Canada,2,0,,,home,W
M-1986-17,WC-1986,1986,group stage,1986-06-06,V-097,Mexico,0,Algeria,Brazil,0,1,,,away,L
M-1986-17,WC-1986,1986,group stage,1986-06-06,V-097,Mexico,0,Brazil,Algeria,1,0,,,home,W
M-1986-18,WC-1986,1986,group stage,1986-06-06,V-104,Mexico,0,Morocco,England,0,0,,,away,D
M-1986-18,WC-1986,1986,group stage,1986-06-06,V-104,Mexico,0,England,Morocco,0,0,,,home,D
M-1986-19,WC-1986,1986,group stage,1986-06-07,V-102,Mexico,0,Paraguay,Mexico,1,1,,,away,D
M-1986-19,WC-1986,1986,group stage,1986-06-07,V-102,Mexico,0,Mexico,Paraguay,1,1,,,home,D
M-1986-20,WC-1986,1986,group stage,1986-06-07,V-098,Mexico,0,Spain,Northern Ireland,2,1,,,away,W
M-1986-20,WC-1986,1986,group stage,1986-06-07,V-098,Mexico,0,Northern Ireland,Spain,1,2,,,home,L
M-1986-21,WC-1986,1986,group stage,1986-06-07,V-105,Mexico,0,Portugal,Poland,0,1,,,away,L
M-1986-21,WC-1986,1986,group stage,1986-06-07,V-105,Mexico,0,Poland,Portugal,1,0,,,home,W
M-1986-22,WC-1986,1986,group stage,1986-06-08,V-109,Mexico,0,Belgium,Iraq,2,1,,,away,W
M-1986-22,WC-1986,1986,group stage,1986-06-08,V-109,Mexico,0,Iraq,Belgium,1,2,,,home,L
M-1986-23,WC-1986,1986,group stage,1986-06-08,V-108,Mexico,0,Scotland,Germany,1,2,,,away,L
M-1986-23,WC-1986,1986,group stage,1986-06-08,V-108,Mexico,0,Germany,Scotland,2,1,,,home,W
M-1986-24,WC-1986,1986,group stage,1986-06-08,V-106,Mexico,0,Uruguay,Denmark,1,6,,,away,L
M-1986-24,WC-1986,1986,group stage,1986-06-08,V-106,Mexico,0,Denmark,Uruguay,6,1,,,home,W
M-1986-25,WC-1986,1986,group stage,1986-06-09,V-101,Mexico,0,France,Hungary,3,0,,,away,W
M-1986-25,WC-1986,1986,group stage,1986-06-09,V-101,Mexico,0,Hungary,France,0,3,,,home,L
M-1986-26,WC-1986,1986,group stage,1986-06-09,V-100,Mexico,0,Canada,Russia,0,2,,,away,L
M-1986-26,WC-1986,1986,group stage,1986-06-09,V-100,Mexico,0,Russia,Canada,2,0,,,home,W
M-1986-27,WC-1986,1986,group stage,1986-06-10,V-103,Mexico,0,Bulgaria,Argentina,0,2,,,away,L
M-1986-27,WC-1986,1986,group stage,1986-06-10,V-103,Mexico,0,Argentina,Bulgaria,2,0,,,home,W
M-1986-28,WC-1986,1986,group stage,1986-06-10,V-107,Mexico,0,Italy,South Korea,3,2,,,away,W
M-1986-28,WC-1986,1986,group stage,1986-06-10,V-107,Mexico,0,South Korea,Italy,2,3,,,home,L
M-1986-29,WC-1986,1986,group stage,1986-06-11,V-102,Mexico,0,Mexico,Iraq,1,0,,,away,W
M-1986-29,WC-1986,1986,group stage,1986-06-11,V-102,Mexico,0,Iraq,Mexico,0,1,,,home,L
M-1986-30,WC-1986,1986,group stage,1986-06-11,V-109,Mexico,0,Belgium,Paraguay,2,2,,,away,D
M-1986-30,WC-1986,1986,group stage,1986-06-11,V-109,Mexico,0,Paraguay,Belgium,2,2,,,home,D
M-1986-31,WC-1986,1986,group stage,1986-06-11,V-105,Mexico,0,Poland,England,0,3,,,away,L
M-1986-31,WC-1986,1986,group stage,1986-06-11,V-105,Mexico,0,England,Poland,3,0,,,home,W
M-1986-32,WC-1986,1986,group stage,1986-06-11,V-098,Mexico,0,Morocco,Portugal,3,1,,,away,W
M-1986-32,WC-1986,1986,group stage,1986-06-11,V-098,Mexico,0,Portugal,Morocco,1,3,,,home,L
M-1986-33,WC-1986,1986,group stage,1986-06-12,V-104,Mexico,0,Spain,Algeria,3,0,,,away,W
M-1986-33,WC-1986,1986,group stage,1986-06-12,V-104,Mexico,0,Algeria,Spain,0,3,,,home,L
M-1986-34,WC-1986,1986,group stage,1986-06-12,V-097,Mexico,0,Brazil,Northern Ireland,3,0,,,away,W
M-1986-34,WC-1986,1986,group stage,1986-06-12,V-097,Mexico,0,Northern Ireland,Brazil,0,3,,,home,L
M-1986-35,WC-1986,1986,group stage,1986-06-13,V-108,Mexico,0,Germany,Denmark,0,2,,,away,L
M-1986-35,WC-1986,1986,group stage,1986-06-13,V-108,Mexico,0,Denmark,Germany,2,0,,,home,W
M-1986-36,WC-1986,1986,group stage,1986-06-13,V-106,Mexico,0,Uruguay,Scotland,0,0,,,away,D
M-1986-36,WC-1986,1986,group stage,1986-06-13,V-106,Mexico,0,Scotland,Uruguay,0,0,,,home,D
M-1986-37,WC-1986,1986,round of 16,1986-06-15,V-102,Mexico,0,Bulgaria,Mexico,0,2,,,away,L
M-1986-37,WC-1986,1986,round of 16,1986-06-15,V-102,Mexico,0,Mexico,Bulgaria,2,0,,,home,W
M-1986-38,WC-1986,1986,round of 16,1986-06-15,V-101,Mexico,0,Belgium,Russia,4,3,,,away,W
M-1986-38,WC-1986,1986,round of 16,1986-06-15,V-101,Mexico,0,Russia,Belgium,3,4,,,home,L
M-1986-39,WC-1986,1986,round of 16,1986-06-16,V-097,Mexico,0,Poland,Brazil,0,4,,,away,L
M-1986-39,WC-1986,1986,round of 16,1986-06-16,V-097,Mexico,0,Brazil,Poland,4,0,,,home,W
M-1986-40,WC-1986,1986,round of 16,1986-06-16,V-107,Mexico,0,Uruguay,Argentina,0,1,,,away,L
M-1986-40,WC-1986,1986,round of 16,1986-06-16,V-107,Mexico,0,Argentina,Uruguay,1,0,,,home,W
M-1986-41,WC-1986,1986,round of 16,1986-06-17,V-103,Mexico,0,France,Italy,2,0,,,away,W
M-1986-41,WC-1986,1986,round of 16,1986-06-17,V-103,Mexico,0,Italy,France,0,2,,,home,L
M-1986-42,WC-1986,1986,round of 16,1986-06-17,V-105,Mexico,0,Germany,Morocco,1,0,,,away,W
M-1986-42,WC-1986,1986,round of 16,1986-06-17,V-105,Mexico,0,Morocco,Germany,0,1,,,home,L
M-1986-43,WC-1986,1986,round of 16,1986-06-18,V-102,Mexico,0,Paraguay,England,0,3,,,away,L
M-1986-43,WC-1986,1986,round of 16,1986-06-18,V-102,Mexico,0,England,Paraguay,3,0,,,home,W
M-1986-44,WC-1986,1986,round of 16,1986-06-18,V-108,Mexico,0,Spain,Denmark,5,1,,,away,W
M-1986-44,WC-1986,1986,round of 16,1986-06-18,V-108,Mexico,0,Denmark,Spain,1,5,,,home,L
M-1986-45,WC-1986,1986,quarter-finals,1986-06-21,V-097,Mexico,1,France,Brazil,1,1,4.0,3.0,away,W
M-1986-45,WC-1986,1986,quarter-finals,1986-06-21,V-097,Mexico,1,Brazil,France,1,1,3.0,4.0,home,L
M-1986-46,WC-1986,1986,quarter-finals,1986-06-21,V-105,Mexico,1,Mexico,Germany,0,0,1.0,4.0,away,L
M-1986-46,WC-1986,1986,quarter-finals,1986-06-21,V-105,Mexico,1,Germany,Mexico,0,0,4.0,1.0,home,W
M-1986-47,WC-1986,1986,quarter-finals,1986-06-22,V-102,Mexico,0,England,Argentina,1,2,,,away,L
M-1986-47,WC-1986,1986,quarter-finals,1986-06-22,V-102,Mexico,0,Argentina,England,2,1,,,home,W
M-1986-48,WC-1986,1986,quarter-finals,1986-06-22,V-107,Mexico,1,Belgium,Spain,1,1,5.0,4.0,away,W
M-1986-48,WC-1986,1986,quarter-finals,1986-06-22,V-107,Mexico,1,Spain,Belgium,1,1,4.0,5.0,home,L
M-1986-49,WC-1986,1986,semi-finals,1986-06-25,V-097,Mexico,0,Germany,France,2,0,,,away,W
M-1986-49,WC-1986,1986,semi-finals,1986-06-25,V-097,Mexico,0,France,Germany,0,2,,,home,L
M-1986-50,WC-1986,1986,semi-finals,1986-06-25,V-102,Mexico,0,Belgium,Argentina,0,2,,,away,L
M-1986-50,WC-1986,1986,semi-finals,1986-06-25,V-102,Mexico,0,Argentina,Belgium,2,0,,,home,W
M-1986-51,WC-1986,1986,third-place match,1986-06-28,V-107,Mexico,0,France,Belgium,4,2,,,away,W
M-1986-51,WC-1986,1986,third-place match,1986-06-28,V-107,Mexico,0,Belgium,France,2,4,,,home,L
M-1986-52,WC-1986,1986,final,1986-06-29,V-102,Mexico,0,Germany,Argentina,2,3,,,away,L
M-1986-52,WC-1986,1986,final,1986-06-29,V-102,Mexico,0,Argentina,Germany,3,2,,,home,W
M-1990-01,WC-1990,1990,group stage,1990-06-08,V-076,Italy,0,Cameroon,Argentina,1,0,,,away,W
M-1990-01,WC-1990,1990,group stage,1990-06-08,V-076,Italy,0,Argentina,Cameroon,0,1,,,home,L
M-1990-02,WC-1990,1990,group stage,1990-06-09,V-070,Italy,0,Romania,Russia,2,0,,,away,W
M-1990-02,WC-1990,1990,group stage,1990-06-09,V-070,Italy,0,Russia,Romania,0,2,,,home,L
M-1990-03,WC-1990,1990,group stage,1990-06-09,V-071,Italy,0,Colombia,United Arab Emirates,2,0,,,away,W
M-1990-03,WC-1990,1990,group stage,1990-06-09,V-071,Italy,0,United Arab Emirates,Colombia,0,2,,,home,L
M-1990-04,WC-1990,1990,group stage,1990-06-09,V-081,Italy,0,Austria,Italy,0,1,,,away,L
M-1990-04,WC-1990,1990,group stage,1990-06-09,V-081,Italy,0,Italy,Austria,1,0,,,home,W
M-1990-05,WC-1990,1990,group stage,1990-06-10,V-073,Italy,0,Czech Republic,United States,5,1,,,away,W
M-1990-05,WC-1990,1990,group stage,1990-06-10,V-073,Italy,0,United States,Czech Republic,1,5,,,home,L
M-1990-06,WC-1990,1990,group stage,1990-06-10,V-084,Italy,0,Sweden,Brazil,1,2,,,away,L
M-1990-06,WC-1990,1990,group stage,1990-06-10,V-084,Italy,0,Brazil,Sweden,2,1,,,home,W
M-1990-07,WC-1990,1990,group stage,1990-06-10,V-076,Italy,0,Serbia,Germany,1,4,,,away,L
M-1990-07,WC-1990,1990,group stage,1990-06-10,V-076,Italy,0,Germany,Serbia,4,1,,,home,W
M-1990-08,WC-1990,1990,group stage,1990-06-11,V-075,Italy,0,Scotland,Costa Rica,0,1,,,away,L
M-1990-08,WC-1990,1990,group stage,1990-06-11,V-075,Italy,0,Costa Rica,Scotland,1,0,,,home,W
M-1990-09,WC-1990,1990,group stage,1990-06-11,V-072,Italy,0,Republic of Ireland,England,1,1,,,away,D
M-1990-09,WC-1990,1990,group stage,1990-06-11,V-072,Italy,0,England,Republic of Ireland,1,1,,,home,D
M-1990-10,WC-1990,1990,group stage,1990-06-12,V-086,Italy,0,South Korea,Belgium,0,2,,,away,L
M-1990-10,WC-1990,1990,group stage,1990-06-12,V-086,Italy,0,Belgium,South Korea,2,0,,,home,W
M-1990-11,WC-1990,1990,group stage,1990-06-12,V-079,Italy,0,Egypt,Netherlands,1,1,,,away,D
M-1990-11,WC-1990,1990,group stage,1990-06-12,V-079,Italy,0,Netherlands,Egypt,1,1,,,home,D
M-1990-12,WC-1990,1990,group stage,1990-06-13,V-085,Italy,0,Spain,Uruguay,0,0,,,away,D
M-1990-12,WC-1990,1990,group stage,1990-06-13,V-085,Italy,0,Uruguay,Spain,0,0,,,home,D
M-1990-13,WC-1990,1990,group stage,1990-06-13,V-078,Italy,0,Russia,Argentina,0,2,,,away,L
M-1990-13,WC-1990,1990,group stage,1990-06-13,V-078,Italy,0,Argentina,Russia,2,0,,,home,W
M-1990-14,WC-1990,1990,group stage,1990-06-14,V-070,Italy,0,Romania,Cameroon,1,2,,,away,L
M-1990-14,WC-1990,1990,group stage,1990-06-14,V-070,Italy,0,Cameroon,Romania,2,1,,,home,W
M-1990-15,WC-1990,1990,group stage,1990-06-14,V-071,Italy,0,Colombia,Serbia,0,1,,,away,L
M-1990-15,WC-1990,1990,group stage,1990-06-14,V-071,Italy,0,Serbia,Colombia,1,0,,,home,W
M-1990-16,WC-1990,1990,group stage,1990-06-14,V-081,Italy,0,United States,Italy,0,1,,,away,L
M-1990-16,WC-1990,1990,group stage,1990-06-14,V-081,Italy,0,Italy,United States,1,0,,,home,W
M-1990-17,WC-1990,1990,group stage,1990-06-15,V-073,Italy,0,Czech Republic,Austria,1,0,,,away,W
M-1990-17,WC-1990,1990,group stage,1990-06-15,V-073,Italy,0,Austria,Czech Republic,0,1,,,home,L
M-1990-18,WC-1990,1990,group stage,1990-06-15,V-076,Italy,0,United Arab Emirates,Germany,1,5,,,away,L
M-1990-18,WC-1990,1990,group stage,1990-06-15,V-076,Italy,0,Germany,United Arab Emirates,5,1,,,home,W
M-1990-19,WC-1990,1990,group stage,1990-06-16,V-084,Italy,0,Costa Rica,Brazil,0,1,,,away,L
M-1990-19,WC-1990,1990,group stage,1990-06-16,V-084,Italy,0,Brazil,Costa Rica,1,0,,,home,W
M-1990-20,WC-1990,1990,group stage,1990-06-16,V-075,Italy,0,Scotland,Sweden,2,1,,,away,W
M-1990-20,WC-1990,1990,group stage,1990-06-16,V-075,Italy,0,Sweden,Scotland,1,2,,,home,L
M-1990-21,WC-1990,1990,group stage,1990-06-16,V-072,Italy,0,Netherlands,England,0,0,,,away,D
M-1990-21,WC-1990,1990,group stage,1990-06-16,V-072,Italy,0,England,Netherlands,0,0,,,home,D
M-1990-22,WC-1990,1990,group stage,1990-06-17,V-079,Italy,0,Egypt,Republic of Ireland,0,0,,,away,D
M-1990-22,WC-1990,1990,group stage,1990-06-17,V-079,Italy,0,Republic of Ireland,Egypt,0,0,,,home,D
M-1990-23,WC-1990,1990,group stage,1990-06-17,V-086,Italy,0,Uruguay,Belgium,1,3,,,away,L
M-1990-23,WC-1990,1990,group stage,1990-06-17,V-086,Italy,0,Belgium,Uruguay,3,1,,,home,W
M-1990-24,WC-1990,1990,group stage,1990-06-17,V-085,Italy,0,Spain,South Korea,3,1,,,away,W
M-1990-24,WC-1990,1990,group stage,1990-06-17,V-085,Italy,0,South Korea,Spain,1,3,,,home,L
M-1990-25,WC-1990,1990,group stage,1990-06-18,V-078,Italy,0,Romania,Argentina,1,1,,,away,D
M-1990-25,WC-1990,1990,group stage,1990-06-18,V-078,Italy,0,Argentina,Romania,1,1,,,home,D
M-1990-26,WC-1990,1990,group stage,1990-06-18,V-070,Italy,0,Russia,Cameroon,4,0,,,away,W
M-1990-26,WC-1990,1990,group stage,1990-06-18,V-070,Italy,0,Cameroon,Russia,0,4,,,home,L
M-1990-27,WC-1990,1990,group stage,1990-06-19,V-076,Italy,0,Colombia,Germany,1,1,,,away,D
M-1990-27,WC-1990,1990,group stage,1990-06-19,V-076,Italy,0,Germany,Colombia,1,1,,,home,D
M-1990-28,WC-1990,1990,group stage,1990-06-19,V-071,Italy,0,United Arab Emirates,Serbia,1,4,,,away,L
M-1990-28,WC-1990,1990,group stage,1990-06-19,V-071,Italy,0,Serbia,United Arab Emirates,4,1,,,home,W
M-1990-29,WC-1990,1990,group stage,1990-06-19,V-073,Italy,0,United States,Austria,1,2,,,away,L
M-1990-29,WC-1990,1990,group stage,1990-06-19,V-073,Italy,0,Austria,United States,2,1,,,home,W
M-1990-30,WC-1990,1990,group stage,1990-06-19,V-081,Italy,0,Czech Republic,Italy,0,2,,,away,L
M-1990-30,WC-1990,1990,group stage,1990-06-19,V-081,Italy,0,Italy,Czech Republic,2,0,,,home,W
M-1990-31,WC-1990,1990,group stage,1990-06-20,V-084,Italy,0,Scotland,Brazil,0,1,,,away,L
M-1990-31,WC-1990,1990,group stage,1990-06-20,V-084,Italy,0,Brazil,Scotland,1,0,,,home,W
M-1990-32,WC-1990,1990,group stage,1990-06-20,V-075,Italy,0,Costa Rica,Sweden,2,1,,,away,W
M-1990-32,WC-1990,1990,group stage,1990-06-20,V-075,Italy,0,Sweden,Costa Rica,1,2,,,home,L
M-1990-33,WC-1990,1990,group stage,1990-06-21,V-086,Italy,0,Spain,Belgium,2,1,,,away,W
M-1990-33,WC-1990,1990,group stage,1990-06-21,V-086,Italy,0,Belgium,Spain,1,2,,,home,L
M-1990-34,WC-1990,1990,group stage,1990-06-21,V-085,Italy,0,Uruguay,South Korea,1,0,,,away,W
M-1990-34,WC-1990,1990,group stage,1990-06-21,V-085,Italy,0,South Korea,Uruguay,0,1,,,home,L
M-1990-35,WC-1990,1990,group stage,1990-06-21,V-072,Italy,0,Egypt,England,0,1,,,away,L
M-1990-35,WC-1990,1990,group stage,1990-06-21,V-072,Italy,0,England,Egypt,1,0,,,home,W
M-1990-36,WC-1990,1990,group stage,1990-06-21,V-079,Italy,0,Netherlands,Republic of Ireland,1,1,,,away,D
M-1990-36,WC-1990,1990,group stage,1990-06-21,V-079,Italy,0,Republic of Ireland,Netherlands,1,1,,,home,D
M-1990-37,WC-1990,1990,round of 16,1990-06-23,V-078,Italy,0,Colombia,Cameroon,1,2,,,away,L
M-1990-37,WC-1990,1990,round of 16,1990-06-23,V-078,Italy,0,Cameroon,Colombia,2,1,,,home,W
M-1990-38,WC-1990,1990,round of 16,1990-06-23,V-070,Italy,0,Costa Rica,Czech Republic,1,4,,,away,L
M-1990-38,WC-1990,1990,round of 16,1990-06-23,V-070,Italy,0,Czech Republic,Costa Rica,4,1,,,home,W
M-1990-39,WC-1990,1990,round of 16,1990-06-24,V-084,Italy,0,Argentina,Brazil,1,0,,,away,W
M-1990-39,WC-1990,1990,round of 16,1990-06-24,V-084,Italy,0,Brazil,Argentina,0,1,,,home,L
M-1990-40,WC-1990,1990,round of 16,1990-06-24,V-076,Italy,0,Netherlands,Germany,1,2,,,away,L
M-1990-40,WC-1990,1990,round of 16,1990-06-24,V-076,Italy,0,Germany,Netherlands,2,1,,,home,W
M-1990-41,WC-1990,1990,round of 16,1990-06-25,V-075,Italy,1,Romania,Republic of Ireland,0,0,4.0,5.0,away,L
M-1990-41,WC-1990,1990,round of 16,1990-06-25,V-075,Italy,1,Republic of Ireland,Romania,0,0,5.0,4.0,home,W
M-1990-42,WC-1990,1990,round of 16,1990-06-25,V-081,Italy,0,Uruguay,Italy,0,2,,,away,L
M-1990-42,WC-1990,1990,round of 16,1990-06-25,V-081,Italy,0,Italy,Uruguay,2,0,,,home,W
M-1990-43,WC-1990,1990,round of 16,1990-06-26,V-086,Italy,0,Serbia,Spain,2,1,,,away,W
M-1990-43,WC-1990,1990,round of 16,1990-06-26,V-086,Italy,0,Spain,Serbia,1,2,,,home,L
M-1990-44,WC-1990,1990,round of 16,1990-06-26,V-071,Italy,0,Belgium,England,0,1,,,away,L
M-1990-44,WC-1990,1990,round of 16,1990-06-26,V-071,Italy,0,England,Belgium,1,0,,,home,W
M-1990-45,WC-1990,1990,quarter-finals,1990-06-30,V-073,Italy,1,Serbia,Argentina,0,0,2.0,3.0,away,L
M-1990-45,WC-1990,1990,quarter-finals,1990-06-30,V-073,Italy,1,Argentina,Serbia,0,0,3.0,2.0,home,W
M-1990-46,WC-1990,1990,quarter-finals,1990-06-30,V-081,Italy,0,Italy,Republic of Ireland,1,0,,,away,W
M-1990-46,WC-1990,1990,quarter-finals,1990-06-30,V-081,Italy,0,Republic of Ireland,Italy,0,1,,,home,L
M-1990-47,WC-1990,1990,quarter-finals,1990-07-01,V-076,Italy,0,Germany,Czech Republic,1,0,,,away,W
M-1990-47,WC-1990,1990,quarter-finals,1990-07-01,V-076,Italy,0,Czech Republic,Germany,0,1,,,home,L
M-1990-48,WC-1990,1990,quarter-finals,1990-07-01,V-078,Italy,0,England,Cameroon,3,2,,,away,W
M-1990-48,WC-1990,1990,quarter-finals,1990-07-01,V-078,Italy,0,Cameroon,England,2,3,,,home,L
M-1990-49,WC-1990,1990,semi-finals,1990-07-03,V-078,Italy,1,Italy,Argentina,1,1,3.0,4.0,away,L
M-1990-49,WC-1990,1990,semi-finals,1990-07-03,V-078,Italy,1,Argentina,Italy,1,1,4.0,3.0,home,W
M-1990-50,WC-1990,1990,semi-finals,1990-07-04,V-084,Italy,1,England,Germany,1,1,3.0,4.0,away,L
M-1990-50,WC-1990,1990,semi-finals,1990-07-04,V-084,Italy,1,Germany,England,1,1,4.0,3.0,home,W
M-1990-51,WC-1990,1990,third-place match,1990-07-07,V-070,Italy,0,England,Italy,1,2,,,away,L
M-1990-51,WC-1990,1990,third-place match,1990-07-07,V-070,Italy,0,Italy,England,2,1,,,home,W
M-1990-52,WC-1990,1990,final,1990-07-08,V-081,Italy,0,Argentina,Germany,0,1,,,away,L
M-1990-52,WC-1990,1990,final,1990-07-08,V-081,Italy,0,Germany,Argentina,1,0,,,home,W
M-1994-01,WC-1994,1994,group stage,1994-06-17,V-188,United States,0,Bolivia,Germany,0,1,,,away,L
M-1994-01,WC-1994,1994,group stage,1994-06-17,V-188,United States,0,Germany,Bolivia,1,0,,,home,W
M-1994-02,WC-1994,1994,group stage,1994-06-17,V-189,United States,0,South Korea,Spain,2,2,,,away,D
M-1994-02,WC-1994,1994,group stage,1994-06-17,V-189,United States,0,Spain,South Korea,2,2,,,home,D
M-1994-03,WC-1994,1994,group stage,1994-06-18,V-201,United States,0,Switzerland,United States,1,1,,,away,D
M-1994-03,WC-1994,1994,group stage,1994-06-18,V-201,United States,0,United States,Switzerland,1,1,,,home,D
M-1994-04,WC-1994,1994,group stage,1994-06-18,V-190,United States,0,Republic of Ireland,Italy,1,0,,,away,W
M-1994-04,WC-1994,1994,group stage,1994-06-18,V-190,United States,0,Italy,Republic of Ireland,0,1,,,home,L
M-1994-05,WC-1994,1994,group stage,1994-06-18,V-199,United States,0,Romania,Colombia,3,1,,,away,W
M-1994-05,WC-1994,1994,group stage,1994-06-18,V-199,United States,0,Colombia,Romania,1,3,,,home,L
M-1994-06,WC-1994,1994,group stage,1994-06-19,V-198,United States,0,Morocco,Belgium,0,1,,,away,L
M-1994-06,WC-1994,1994,group stage,1994-06-19,V-198,United States,0,Belgium,Morocco,1,0,,,home,W
M-1994-07,WC-1994,1994,group stage,1994-06-19,V-205,United States,0,Mexico,Norway,0,1,,,away,L
M-1994-07,WC-1994,1994,group stage,1994-06-19,V-205,United States,0,Norway,Mexico,1,0,,,home,W
M-1994-08,WC-1994,1994,group stage,1994-06-19,V-199,United States,0,Sweden,Cameroon,2,2,,,away,D
M-1994-08,WC-1994,1994,group stage,1994-06-19,V-199,United States,0,Cameroon,Sweden,2,2,,,home,D
M-1994-09,WC-1994,1994,group stage,1994-06-20,V-204,United States,0,Russia,Brazil,0,2,,,away,L
M-1994-09,WC-1994,1994,group stage,1994-06-20,V-204,United States,0,Brazil,Russia,2,0,,,home,W
M-1994-10,WC-1994,1994,group stage,1994-06-20,V-205,United States,0,Saudi Arabia,Netherlands,1,2,,,away,L
M-1994-10,WC-1994,1994,group stage,1994-06-20,V-205,United States,0,Netherlands,Saudi Arabia,2,1,,,home,W
M-1994-11,WC-1994,1994,group stage,1994-06-21,V-192,United States,0,Greece,Argentina,0,4,,,away,L
M-1994-11,WC-1994,1994,group stage,1994-06-21,V-192,United States,0,Argentina,Greece,4,0,,,home,W
M-1994-12,WC-1994,1994,group stage,1994-06-21,V-188,United States,0,Spain,Germany,1,1,,,away,D
M-1994-12,WC-1994,1994,group stage,1994-06-21,V-188,United States,0,Germany,Spain,1,1,,,home,D
M-1994-13,WC-1994,1994,group stage,1994-06-21,V-189,United States,0,Bulgaria,Nigeria,0,3,,,away,L
M-1994-13,WC-1994,1994,group stage,1994-06-21,V-189,United States,0,Nigeria,Bulgaria,3,0,,,home,W
M-1994-14,WC-1994,1994,group stage,1994-06-22,V-201,United States,0,Switzerland,Romania,4,1,,,away,W
M-1994-14,WC-1994,1994,group stage,1994-06-22,V-201,United States,0,Romania,Switzerland,1,4,,,home,L
M-1994-15,WC-1994,1994,group stage,1994-06-22,V-199,United States,0,Colombia,United States,1,2,,,away,L
M-1994-15,WC-1994,1994,group stage,1994-06-22,V-199,United States,0,United States,Colombia,2,1,,,home,W
M-1994-16,WC-1994,1994,group stage,1994-06-23,V-190,United States,0,Norway,Italy,0,1,,,away,L
M-1994-16,WC-1994,1994,group stage,1994-06-23,V-190,United States,0,Italy,Norway,1,0,,,home,W
M-1994-17,WC-1994,1994,group stage,1994-06-23,V-192,United States,0,Bolivia,South Korea,0,0,,,away,D
M-1994-17,WC-1994,1994,group stage,1994-06-23,V-192,United States,0,South Korea,Bolivia,0,0,,,home,D
M-1994-18,WC-1994,1994,group stage,1994-06-24,V-198,United States,0,Republic of Ireland,Mexico,1,2,,,away,L
M-1994-18,WC-1994,1994,group stage,1994-06-24,V-198,United States,0,Mexico,Republic of Ireland,2,1,,,home,W
M-1994-19,WC-1994,1994,group stage,1994-06-24,V-204,United States,0,Cameroon,Brazil,0,3,,,away,L
M-1994-19,WC-1994,1994,group stage,1994-06-24,V-204,United States,0,Brazil,Cameroon,3,0,,,home,W
M-1994-20,WC-1994,1994,group stage,1994-06-24,V-201,United States,0,Russia,Sweden,1,3,,,away,L
M-1994-20,WC-1994,1994,group stage,1994-06-24,V-201,United States,0,Sweden,Russia,3,1,,,home,W
M-1994-21,WC-1994,1994,group stage,1994-06-25,V-198,United States,0,Netherlands,Belgium,0,1,,,away,L
M-1994-21,WC-1994,1994,group stage,1994-06-25,V-198,United States,0,Belgium,Netherlands,1,0,,,home,W
M-1994-22,WC-1994,1994,group stage,1994-06-25,V-190,United States,0,Morocco,Saudi Arabia,1,2,,,away,L
M-1994-22,WC-1994,1994,group stage,1994-06-25,V-190,United States,0,Saudi Arabia,Morocco,2,1,,,home,W
M-1994-23,WC-1994,1994,group stage,1994-06-25,V-192,United States,0,Nigeria,Argentina,1,2,,,away,L
M-1994-23,WC-1994,1994,group stage,1994-06-25,V-192,United States,0,Argentina,Nigeria,2,1,,,home,W
M-1994-24,WC-1994,1994,group stage,1994-06-26,V-188,United States,0,Greece,Bulgaria,0,4,,,away,L
M-1994-24,WC-1994,1994,group stage,1994-06-26,V-188,United States,0,Bulgaria,Greece,4,0,,,home,W
M-1994-25,WC-1994,1994,group stage,1994-06-26,V-204,United States,0,Colombia,Switzerland,2,0,,,away,W
M-1994-25,WC-1994,1994,group stage,1994-06-26,V-204,United States,0,Switzerland,Colombia,0,2,,,home,L
M-1994-26,WC-1994,1994,group stage,1994-06-26,V-199,United States,0,Romania,United States,1,0,,,away,W
M-1994-26,WC-1994,1994,group stage,1994-06-26,V-199,United States,0,United States,Romania,0,1,,,home,L
M-1994-27,WC-1994,1994,group stage,1994-06-27,V-188,United States,0,Spain,Bolivia,3,1,,,away,W
M-1994-27,WC-1994,1994,group stage,1994-06-27,V-188,United States,0,Bolivia,Spain,1,3,,,home,L
M-1994-28,WC-1994,1994,group stage,1994-06-27,V-189,United States,0,South Korea,Germany,2,3,,,away,L
M-1994-28,WC-1994,1994,group stage,1994-06-27,V-189,United States,0,Germany,South Korea,3,2,,,home,W
M-1994-29,WC-1994,1994,group stage,1994-06-28,V-205,United States,0,Mexico,Italy,1,1,,,away,D
M-1994-29,WC-1994,1994,group stage,1994-06-28,V-205,United States,0,Italy,Mexico,1,1,,,home,D
M-1994-30,WC-1994,1994,group stage,1994-06-28,V-190,United States,0,Norway,Republic of Ireland,0,0,,,away,D
M-1994-30,WC-1994,1994,group stage,1994-06-28,V-190,United States,0,Republic of Ireland,Norway,0,0,,,home,D
M-1994-31,WC-1994,1994,group stage,1994-06-28,V-204,United States,0,Cameroon,Russia,1,6,,,away,L
M-1994-31,WC-1994,1994,group stage,1994-06-28,V-204,United States,0,Russia,Cameroon,6,1,,,home,W
M-1994-32,WC-1994,1994,group stage,1994-06-28,V-201,United States,0,Sweden,Brazil,1,1,,,away,D
M-1994-32,WC-1994,1994,group stage,1994-06-28,V-201,United States,0,Brazil,Sweden,1,1,,,home,D
M-1994-33,WC-1994,1994,group stage,1994-06-29,V-205,United States,0,Saudi Arabia,Belgium,1,0,,,away,W
M-1994-33,WC-1994,1994,group stage,1994-06-29,V-205,United States,0,Belgium,Saudi Arabia,0,1,,,home,L
M-1994-34,WC-1994,1994,group stage,1994-06-29,V-198,United States,0,Netherlands,Morocco,2,1,,,away,W
M-1994-34,WC-1994,1994,group stage,1994-06-29,V-198,United States,0,Morocco,Netherlands,1,2,,,home,L
M-1994-35,WC-1994,1994,group stage,1994-06-30,V-189,United States,0,Bulgaria,Argentina,2,0,,,away,W
M-1994-35,WC-1994,1994,group stage,1994-06-30,V-189,United States,0,Argentina,Bulgaria,0,2,,,home,L
M-1994-36,WC-1994,1994,group stage,1994-06-30,V-192,United States,0,Nigeria,Greece,2,0,,,away,W
M-1994-36,WC-1994,1994,group stage,1994-06-30,V-192,United States,0,Greece,Nigeria,0,2,,,home,L
M-1994-37,WC-1994,1994,round of 16,1994-07-02,V-188,United States,0,Belgium,Germany,2,3,,,away,L
M-1994-37,WC-1994,1994,round of 16,1994-07-02,V-188,United States,0,Germany,Belgium,3,2,,,home,W
M-1994-38,WC-1994,1994,round of 16,1994-07-02,V-205,United States,0,Switzerland,Spain,0,3,,,away,L
M-1994-38,WC-1994,1994,round of 16,1994-07-02,V-205,United States,0,Spain,Switzerland,3,0,,,home,W
M-1994-39,WC-1994,1994,round of 16,1994-07-03,V-189,United States,0,Sweden,Saudi Arabia,3,1,,,away,W
M-1994-39,WC-1994,1994,round of 16,1994-07-03,V-189,United States,0,Saudi Arabia,Sweden,1,3,,,home,L
M-1994-40,WC-1994,1994,round of 16,1994-07-03,V-199,United States,0,Argentina,Romania,2,3,,,away,L
M-1994-40,WC-1994,1994,round of 16,1994-07-03,V-199,United States,0,Romania,Argentina,3,2,,,home,W
M-1994-41,WC-1994,1994,round of 16,1994-07-04,V-198,United States,0,Republic of Ireland,Netherlands,0,2,,,away,L
M-1994-41,WC-1994,1994,round of 16,1994-07-04,V-198,United States,0,Netherlands,Republic of Ireland,2,0,,,home,W
M-1994-42,WC-1994,1994,round of 16,1994-07-04,V-204,United States,0,United States,Brazil,0,1,,,away,L
M-1994-42,WC-1994,1994,round of 16,1994-07-04,V-204,United States,0,Brazil,United States,1,0,,,home,W
M-1994-43,WC-1994,1994,round of 16,1994-07-05,V-192,United States,0,Italy,Nigeria,2,1,,,away,W
M-1994-43,WC-1994,1994,round of 16,1994-07-05,V-192,United States,0,Nigeria,Italy,1,2,,,home,L
M-1994-44,WC-1994,1994,round of 16,1994-07-05,V-190,United States,1,Bulgaria,Mexico,1,1,3.0,1.0,away,W
M-1994-44,WC-1994,1994,round of 16,1994-07-05,V-190,United States,1,Mexico,Bulgaria,1,1,1.0,3.0,home,L
M-1994-45,WC-1994,1994,quarter-finals,1994-07-09,V-192,United States,0,Spain,Italy,1,2,,,away,L
M-1994-45,WC-1994,1994,quarter-finals,1994-07-09,V-192,United States,0,Italy,Spain,2,1,,,home,W
M-1994-46,WC-1994,1994,quarter-finals,1994-07-09,V-189,United States,0,Brazil,Netherlands,3,2,,,away,W
M-1994-46,WC-1994,1994,quarter-finals,1994-07-09,V-189,United States,0,Netherlands,Brazil,2,3,,,home,L
M-1994-47,WC-1994,1994,quarter-finals,1994-07-10,V-190,United States,0,Germany,Bulgaria,1,2,,,away,L
M-1994-47,WC-1994,1994,quarter-finals,1994-07-10,V-190,United States,0,Bulgaria,Germany,2,1,,,home,W
M-1994-48,WC-1994,1994,quarter-finals,1994-07-10,V-204,United States,1,Sweden,Romania,2,2,5.0,4.0,away,W
M-1994-48,WC-1994,1994,quarter-finals,1994-07-10,V-204,United States,1,Romania,Sweden,2,2,4.0,5.0,home,L
M-1994-49,WC-1994,1994,semi-finals,1994-07-13,V-190,United States,0,Italy,Bulgaria,2,1,,,away,W
M-1994-49,WC-1994,1994,semi-finals,1994-07-13,V-190,United States,0,Bulgaria,Italy,1,2,,,home,L
M-1994-50,WC-1994,1994,semi-finals,1994-07-13,V-199,United States,0,Brazil,Sweden,1,0,,,away,W
M-1994-50,WC-1994,1994,semi-finals,1994-07-13,V-199,United States,0,Sweden,Brazil,0,1,,,home,L
M-1994-51,WC-1994,1994,third-place match,1994-07-16,V-199,United States,0,Bulgaria,Sweden,0,4,,,away,L
M-1994-51,WC-1994,1994,third-place match,1994-07-16,V-199,United States,0,Sweden,Bulgaria,4,0,,,home,W
M-1994-52,WC-1994,1994,final,1994-07-17,V-199,United States,1,Italy,Brazil,0,0,2.0,3.0,away,L
M-1994-52,WC-1994,1994,final,1994-07-17,V-199,United States,1,Brazil,Italy,0,0,3.0,2.0,home,W
M-1998-01,WC-1998,1998,group stage,1998-06-10,V-050,France,0,Scotland,Brazil,1,2,,,away,L
M-1998-01,WC-1998,1998,group stage,1998-06-10,V-050,France,0,Brazil,Scotland,2,1,,,home,W
M-1998-02,WC-1998,1998,group stage,1998-06-10,V-045,France,0,Norway,Morocco,2,2,,,away,D
M-1998-02,WC-1998,1998,group stage,1998-06-10,V-045,France,0,Morocco,Norway,2,2,,,home,D
M-1998-03,WC-1998,1998,group stage,1998-06-11,V-039,France,0,Chile,Italy,2,2,,,away,D
M-1998-03,WC-1998,1998,group stage,1998-06-11,V-039,France,0,Italy,Chile,2,2,,,home,D
M-1998-04,WC-1998,1998,group stage,1998-06-11,V-053,France,0,Austria,Cameroon,1,1,,,away,D
M-1998-04,WC-1998,1998,group stage,1998-06-11,V-053,France,0,Cameroon,Austria,1,1,,,home,D
M-1998-05,WC-1998,1998,group stage,1998-06-12,V-045,France,0,Bulgaria,Paraguay,0,0,,,away,D
M-1998-05,WC-1998,1998,group stage,1998-06-12,V-045,France,0,Paraguay,Bulgaria,0,0,,,home,D
M-1998-06,WC-1998,1998,group stage,1998-06-12,V-041,France,0,Denmark,Saudi Arabia,1,0,,,away,W
M-1998-06,WC-1998,1998,group stage,1998-06-12,V-041,France,0,Saudi Arabia,Denmark,0,1,,,home,L
M-1998-07,WC-1998,1998,group stage,1998-06-12,V-044,France,0,South Africa,France,0,3,,,away,L
M-1998-07,WC-1998,1998,group stage,1998-06-12,V-044,France,0,France,South Africa,3,0,,,home,W
M-1998-08,WC-1998,1998,group stage,1998-06-13,V-046,France,0,Nigeria,Spain,3,2,,,away,W
M-1998-08,WC-1998,1998,group stage,1998-06-13,V-046,France,0,Spain,Nigeria,2,3,,,home,L
M-1998-09,WC-1998,1998,group stage,1998-06-13,V-043,France,0,Mexico,South Korea,3,1,,,away,W
M-1998-09,WC-1998,1998,group stage,1998-06-13,V-043,France,0,South Korea,Mexico,1,3,,,home,L
M-1998-10,WC-1998,1998,group stage,1998-06-13,V-050,France,0,Belgium,Netherlands,0,0,,,away,D
M-1998-10,WC-1998,1998,group stage,1998-06-13,V-050,France,0,Netherlands,Belgium,0,0,,,home,D
M-1998-11,WC-1998,1998,group stage,1998-06-14,V-053,France,0,Japan,Argentina,0,1,,,away,L
M-1998-11,WC-1998,1998,group stage,1998-06-14,V-053,France,0,Argentina,Japan,1,0,,,home,W
M-1998-12,WC-1998,1998,group stage,1998-06-14,V-051,France,0,Iran,Serbia,0,1,,,away,L
M-1998-12,WC-1998,1998,group stage,1998-06-14,V-051,France,0,Serbia,Iran,1,0,,,home,W
M-1998-13,WC-1998,1998,group stage,1998-06-14,V-041,France,0,Croatia,Jamaica,3,1,,,away,W
M-1998-13,WC-1998,1998,group stage,1998-06-14,V-041,France,0,Jamaica,Croatia,1,3,,,home,L
M-1998-14,WC-1998,1998,group stage,1998-06-15,V-044,France,0,Tunisia,England,0,2,,,away,L
M-1998-14,WC-1998,1998,group stage,1998-06-15,V-044,France,0,England,Tunisia,2,0,,,home,W
M-1998-15,WC-1998,1998,group stage,1998-06-15,V-043,France,0,Colombia,Romania,0,1,,,away,L
M-1998-15,WC-1998,1998,group stage,1998-06-15,V-043,France,0,Romania,Colombia,1,0,,,home,W
M-1998-16,WC-1998,1998,group stage,1998-06-15,V-047,France,0,United States,Germany,0,2,,,away,L
M-1998-16,WC-1998,1998,group stage,1998-06-15,V-047,France,0,Germany,United States,2,0,,,home,W
M-1998-17,WC-1998,1998,group stage,1998-06-16,V-039,France,0,Norway,Scotland,1,1,,,away,D
M-1998-17,WC-1998,1998,group stage,1998-06-16,V-039,France,0,Scotland,Norway,1,1,,,home,D
M-1998-18,WC-1998,1998,group stage,1998-06-16,V-046,France,0,Morocco,Brazil,0,3,,,away,L
M-1998-18,WC-1998,1998,group stage,1998-06-16,V-046,France,0,Brazil,Morocco,3,0,,,home,W
M-1998-19,WC-1998,1998,group stage,1998-06-17,V-051,France,0,Austria,Chile,1,1,,,away,D
M-1998-19,WC-1998,1998,group stage,1998-06-17,V-051,France,0,Chile,Austria,1,1,,,home,D
M-1998-20,WC-1998,1998,group stage,1998-06-17,V-045,France,0,Cameroon,Italy,0,3,,,away,L
M-1998-20,WC-1998,1998,group stage,1998-06-17,V-045,France,0,Italy,Cameroon,3,0,,,home,W
M-1998-21,WC-1998,1998,group stage,1998-06-18,V-053,France,0,Denmark,South Africa,1,1,,,away,D
M-1998-21,WC-1998,1998,group stage,1998-06-18,V-053,France,0,South Africa,Denmark,1,1,,,home,D
M-1998-22,WC-1998,1998,group stage,1998-06-18,V-050,France,0,Saudi Arabia,France,0,4,,,away,L
M-1998-22,WC-1998,1998,group stage,1998-06-18,V-050,France,0,France,Saudi Arabia,4,0,,,home,W
M-1998-23,WC-1998,1998,group stage,1998-06-19,V-047,France,0,Bulgaria,Nigeria,0,1,,,away,L
M-1998-23,WC-1998,1998,group stage,1998-06-19,V-047,France,0,Nigeria,Bulgaria,1,0,,,home,W
M-1998-24,WC-1998,1998,group stage,1998-06-19,V-051,France,0,Paraguay,Spain,0,0,,,away,D
M-1998-24,WC-1998,1998,group stage,1998-06-19,V-051,France,0,Spain,Paraguay,0,0,,,home,D
M-1998-25,WC-1998,1998,group stage,1998-06-20,V-046,France,0,Croatia,Japan,1,0,,,away,W
M-1998-25,WC-1998,1998,group stage,1998-06-20,V-046,France,0,Japan,Croatia,0,1,,,home,L
M-1998-26,WC-1998,1998,group stage,1998-06-20,V-039,France,0,Mexico,Belgium,2,2,,,away,D
M-1998-26,WC-1998,1998,group stage,1998-06-20,V-039,France,0,Belgium,Mexico,2,2,,,home,D
M-1998-27,WC-1998,1998,group stage,1998-06-20,V-044,France,0,South Korea,Netherlands,0,5,,,away,L
M-1998-27,WC-1998,1998,group stage,1998-06-20,V-044,France,0,Netherlands,South Korea,5,0,,,home,W
M-1998-28,WC-1998,1998,group stage,1998-06-21,V-041,France,0,Serbia,Germany,2,2,,,away,D
M-1998-28,WC-1998,1998,group stage,1998-06-21,V-041,France,0,Germany,Serbia,2,2,,,home,D
M-1998-29,WC-1998,1998,group stage,1998-06-21,V-047,France,0,Jamaica,Argentina,0,5,,,away,L
M-1998-29,WC-1998,1998,group stage,1998-06-21,V-047,France,0,Argentina,Jamaica,5,0,,,home,W
M-1998-30,WC-1998,1998,group stage,1998-06-21,V-043,France,0,Iran,United States,2,1,,,away,W
M-1998-30,WC-1998,1998,group stage,1998-06-21,V-043,France,0,United States,Iran,1,2,,,home,L
M-1998-31,WC-1998,1998,group stage,1998-06-22,V-045,France,0,Tunisia,Colombia,0,1,,,away,L
M-1998-31,WC-1998,1998,group stage,1998-06-22,V-045,France,0,Colombia,Tunisia,1,0,,,home,W
M-1998-32,WC-1998,1998,group stage,1998-06-22,V-053,France,0,England,Romania,1,2,,,away,L
M-1998-32,WC-1998,1998,group stage,1998-06-22,V-053,France,0,Romania,England,2,1,,,home,W
M-1998-33,WC-1998,1998,group stage,1998-06-23,V-046,France,0,Cameroon,Chile,1,1,,,away,D
M-1998-33,WC-1998,1998,group stage,1998-06-23,V-046,France,0,Chile,Cameroon,1,1,,,home,D
M-1998-34,WC-1998,1998,group stage,1998-06-23,V-050,France,0,Austria,Italy,1,2,,,away,L
M-1998-34,WC-1998,1998,group stage,1998-06-23,V-050,France,0,Italy,Austria,2,1,,,home,W
M-1998-35,WC-1998,1998,group stage,1998-06-23,V-044,France,0,Norway,Brazil,2,1,,,away,W
M-1998-35,WC-1998,1998,group stage,1998-06-23,V-044,France,0,Brazil,Norway,1,2,,,home,L
M-1998-36,WC-1998,1998,group stage,1998-06-23,V-051,France,0,Morocco,Scotland,3,0,,,away,W
M-1998-36,WC-1998,1998,group stage,1998-06-23,V-051,France,0,Scotland,Morocco,0,3,,,home,L
M-1998-37,WC-1998,1998,group stage,1998-06-24,V-043,France,0,Denmark,France,1,2,,,away,L
M-1998-37,WC-1998,1998,group stage,1998-06-24,V-043,France,0,France,Denmark,2,1,,,home,W
M-1998-38,WC-1998,1998,group stage,1998-06-24,V-039,France,0,Saudi Arabia,South Africa,2,2,,,away,D
M-1998-38,WC-1998,1998,group stage,1998-06-24,V-039,France,0,South Africa,Saudi Arabia,2,2,,,home,D
M-1998-39,WC-1998,1998,group stage,1998-06-24,V-053,France,0,Paraguay,Nigeria,3,1,,,away,W
M-1998-39,WC-1998,1998,group stage,1998-06-24,V-053,France,0,Nigeria,Paraguay,1,3,,,home,L
M-1998-40,WC-1998,1998,group stage,1998-06-24,V-041,France,0,Bulgaria,Spain,1,6,,,away,L
M-1998-40,WC-1998,1998,group stage,1998-06-24,V-041,France,0,Spain,Bulgaria,6,1,,,home,W
M-1998-41,WC-1998,1998,group stage,1998-06-25,V-047,France,0,South Korea,Belgium,1,1,,,away,D
M-1998-41,WC-1998,1998,group stage,1998-06-25,V-047,France,0,Belgium,South Korea,1,1,,,home,D
M-1998-42,WC-1998,1998,group stage,1998-06-25,V-051,France,0,Mexico,Netherlands,2,2,,,away,D
M-1998-42,WC-1998,1998,group stage,1998-06-25,V-051,France,0,Netherlands,Mexico,2,2,,,home,D
M-1998-43,WC-1998,1998,group stage,1998-06-25,V-045,France,0,Iran,Germany,0,2,,,away,L
M-1998-43,WC-1998,1998,group stage,1998-06-25,V-045,France,0,Germany,Iran,2,0,,,home,W
M-1998-44,WC-1998,1998,group stage,1998-06-25,V-046,France,0,Serbia,United States,1,0,,,away,W
M-1998-44,WC-1998,1998,group stage,1998-06-25,V-046,France,0,United States,Serbia,0,1,,,home,L
M-1998-45,WC-1998,1998,group stage,1998-06-26,V-039,France,0,Croatia,Argentina,0,1,,,away,L
M-1998-45,WC-1998,1998,group stage,1998-06-26,V-039,France,0,Argentina,Croatia,1,0,,,home,W
M-1998-46,WC-1998,1998,group stage,1998-06-26,V-043,France,0,Jamaica,Japan,2,1,,,away,W
M-1998-46,WC-1998,1998,group stage,1998-06-26,V-043,France,0,Japan,Jamaica,1,2,,,home,L
M-1998-47,WC-1998,1998,group stage,1998-06-26,V-041,France,0,England,Colombia,2,0,,,away,W
M-1998-47,WC-1998,1998,group stage,1998-06-26,V-041,France,0,Colombia,England,0,2,,,home,L
M-1998-48,WC-1998,1998,group stage,1998-06-26,V-050,France,0,Tunisia,Romania,1,1,,,away,D
M-1998-48,WC-1998,1998,group stage,1998-06-26,V-050,France,0,Romania,Tunisia,1,1,,,home,D
M-1998-49,WC-1998,1998,round of 16,1998-06-27,V-044,France,0,Norway,Italy,0,1,,,away,L
M-1998-49,WC-1998,1998,round of 16,1998-06-27,V-044,France,0,Italy,Norway,1,0,,,home,W
M-1998-50,WC-1998,1998,round of 16,1998-06-27,V-047,France,0,Chile,Brazil,1,4,,,away,L
M-1998-50,WC-1998,1998,round of 16,1998-06-27,V-047,France,0,Brazil,Chile,4,1,,,home,W
M-1998-51,WC-1998,1998,round of 16,1998-06-28,V-041,France,0,Paraguay,France,0,1,,,away,L
M-1998-51,WC-1998,1998,round of 16,1998-06-28,V-041,France,0,France,Paraguay,1,0,,,home,W
M-1998-52,WC-1998,1998,round of 16,1998-06-28,V-050,France,0,Denmark,Nigeria,4,1,,,away,W
M-1998-52,WC-1998,1998,round of 16,1998-06-28,V-050,France,0,Nigeria,Denmark,1,4,,,home,L
M-1998-53,WC-1998,1998,round of 16,1998-06-29,V-045,France,0,Mexico,Germany,1,2,,,away,L
M-1998-53,WC-1998,1998,round of 16,1998-06-29,V-045,France,0,Germany,Mexico,2,1,,,home,W
M-1998-54,WC-1998,1998,round of 16,1998-06-29,V-053,France,0,Serbia,Netherlands,1,2,,,away,L
M-1998-54,WC-1998,1998,round of 16,1998-06-29,V-053,France,0,Netherlands,Serbia,2,1,,,home,W
M-1998-55,WC-1998,1998,round of 16,1998-06-30,V-039,France,0,Croatia,Romania,1,0,,,away,W
M-1998-55,WC-1998,1998,round of 16,1998-06-30,V-039,France,0,Romania,Croatia,0,1,,,home,L
M-1998-56,WC-1998,1998,round of 16,1998-06-30,V-051,France,1,England,Argentina,2,2,3.0,4.0,away,L
M-1998-56,WC-1998,1998,round of 16,1998-06-30,V-051,France,1,Argentina,England,2,2,4.0,3.0,home,W
M-1998-57,WC-1998,1998,quarter-finals,1998-07-03,V-050,France,1,France,Italy,0,0,4.0,3.0,away,W
M-1998-57,WC-1998,1998,quarter-finals,1998-07-03,V-050,France,1,Italy,France,0,0,3.0,4.0,home,L
M-1998-58,WC-1998,1998,quarter-finals,1998-07-03,V-046,France,0,Denmark,Brazil,2,3,,,away,L
M-1998-58,WC-1998,1998,quarter-finals,1998-07-03,V-046,France,0,Brazil,Denmark,3,2,,,home,W
M-1998-59,WC-1998,1998,quarter-finals,1998-07-04,V-044,France,0,Argentina,Netherlands,1,2,,,away,L
M-1998-59,WC-1998,1998,quarter-finals,1998-07-04,V-044,France,0,Netherlands,Argentina,2,1,,,home,W
M-1998-60,WC-1998,1998,quarter-finals,1998-07-04,V-043,France,0,Croatia,Germany,3,0,,,away,W
M-1998-60,WC-1998,1998,quarter-finals,1998-07-04,V-043,France,0,Germany,Croatia,0,3,,,home,L
M-1998-61,WC-1998,1998,semi-finals,1998-07-07,V-044,France,1,Netherlands,Brazil,1,1,2.0,4.0,away,L
M-1998-61,WC-1998,1998,semi-finals,1998-07-07,V-044,France,1,Brazil,Netherlands,1,1,4.0,2.0,home,W
M-1998-62,WC-1998,1998,semi-finals,1998-07-08,V-050,France,0,Croatia,France,1,2,,,away,L
M-1998-62,WC-1998,1998,semi-finals,1998-07-08,V-050,France,0,France,Croatia,2,1,,,home,W
M-1998-63,WC-1998,1998,third-place match,1998-07-11,V-047,France,0,Croatia,Netherlands,2,1,,,away,W
M-1998-63,WC-1998,1998,third-place match,1998-07-11,V-047,France,0,Netherlands,Croatia,1,2,,,home,L
M-1998-64,WC-1998,1998,final,1998-07-12,V-050,France,0,France,Brazil,3,0,,,away,W
M-1998-64,WC-1998,1998,final,1998-07-12,V-050,France,0,Brazil,France,0,3,,,home,L
M-2002-01,WC-2002,2002,group stage,2002-05-31,V-148,South Korea,0,Senegal,France,1,0,,,away,W
M-2002-01,WC-2002,2002,group stage,2002-05-31,V-148,South Korea,0,France,Senegal,0,1,,,home,L
M-2002-02,WC-2002,2002,group stage,2002-06-01,V-090,Japan,0,Cameroon,Republic of Ireland,1,1,,,away,D
M-2002-02,WC-2002,2002,group stage,2002-06-01,V-090,Japan,0,Republic of Ireland,Cameroon,1,1,,,home,D
M-2002-03,WC-2002,2002,group stage,2002-06-01,V-150,South Korea,0,Denmark,Uruguay,2,1,,,away,W
M-2002-03,WC-2002,2002,group stage,2002-06-01,V-150,South Korea,0,Uruguay,Denmark,1,2,,,home,L
M-2002-04,WC-2002,2002,group stage,2002-06-01,V-093,Japan,0,Saudi Arabia,Germany,0,8,,,away,L
M-2002-04,WC-2002,2002,group stage,2002-06-01,V-093,Japan,0,Germany,Saudi Arabia,8,0,,,home,W
M-2002-05,WC-2002,2002,group stage,2002-06-02,V-087,Japan,0,Nigeria,Argentina,0,1,,,away,L
M-2002-05,WC-2002,2002,group stage,2002-06-02,V-087,Japan,0,Argentina,Nigeria,1,0,,,home,W
M-2002-06,WC-2002,2002,group stage,2002-06-02,V-141,South Korea,0,South Africa,Paraguay,2,2,,,away,D
M-2002-06,WC-2002,2002,group stage,2002-06-02,V-141,South Korea,0,Paraguay,South Africa,2,2,,,home,D
M-2002-07,WC-2002,2002,group stage,2002-06-02,V-092,Japan,0,Sweden,England,1,1,,,away,D
M-2002-07,WC-2002,2002,group stage,2002-06-02,V-092,Japan,0,England,Sweden,1,1,,,home,D
M-2002-08,WC-2002,2002,group stage,2002-06-02,V-144,South Korea,0,Slovenia,Spain,1,3,,,away,L
M-2002-08,WC-2002,2002,group stage,2002-06-02,V-144,South Korea,0,Spain,Slovenia,3,1,,,home,W
M-2002-09,WC-2002,2002,group stage,2002-06-03,V-090,Japan,0,Mexico,Croatia,1,0,,,away,W
M-2002-09,WC-2002,2002,group stage,2002-06-03,V-090,Japan,0,Croatia,Mexico,0,1,,,home,L
M-2002-10,WC-2002,2002,group stage,2002-06-03,V-150,South Korea,0,Turkey,Brazil,1,2,,,away,L
M-2002-10,WC-2002,2002,group stage,2002-06-03,V-150,South Korea,0,Brazil,Turkey,2,1,,,home,W
M-2002-11,WC-2002,2002,group stage,2002-06-03,V-093,Japan,0,Ecuador,Italy,0,2,,,away,L
M-2002-11,WC-2002,2002,group stage,2002-06-03,V-093,Japan,0,Italy,Ecuador,2,0,,,home,W
M-2002-12,WC-2002,2002,group stage,2002-06-04,V-144,South Korea,0,Costa Rica,China,2,0,,,away,W
M-2002-12,WC-2002,2002,group stage,2002-06-04,V-144,South Korea,0,China,Costa Rica,0,2,,,home,L
M-2002-13,WC-2002,2002,group stage,2002-06-04,V-092,Japan,0,Belgium,Japan,2,2,,,away,D
M-2002-13,WC-2002,2002,group stage,2002-06-04,V-092,Japan,0,Japan,Belgium,2,2,,,home,D
M-2002-14,WC-2002,2002,group stage,2002-06-04,V-141,South Korea,0,Poland,South Korea,0,2,,,away,L
M-2002-14,WC-2002,2002,group stage,2002-06-04,V-141,South Korea,0,South Korea,Poland,2,0,,,home,W
M-2002-15,WC-2002,2002,group stage,2002-06-05,V-088,Japan,0,Tunisia,Russia,0,2,,,away,L
M-2002-15,WC-2002,2002,group stage,2002-06-05,V-088,Japan,0,Russia,Tunisia,2,0,,,home,W
M-2002-16,WC-2002,2002,group stage,2002-06-05,V-149,South Korea,0,Portugal,United States,2,3,,,away,L
M-2002-16,WC-2002,2002,group stage,2002-06-05,V-149,South Korea,0,United States,Portugal,3,2,,,home,W
M-2002-17,WC-2002,2002,group stage,2002-06-05,V-087,Japan,0,Republic of Ireland,Germany,1,1,,,away,D
M-2002-17,WC-2002,2002,group stage,2002-06-05,V-087,Japan,0,Germany,Republic of Ireland,1,1,,,home,D
M-2002-18,WC-2002,2002,group stage,2002-06-06,V-142,South Korea,0,Senegal,Denmark,1,1,,,away,D
M-2002-18,WC-2002,2002,group stage,2002-06-06,V-142,South Korea,0,Denmark,Senegal,1,1,,,home,D
M-2002-19,WC-2002,2002,group stage,2002-06-06,V-092,Japan,0,Saudi Arabia,Cameroon,0,1,,,away,L
M-2002-19,WC-2002,2002,group stage,2002-06-06,V-092,Japan,0,Cameroon,Saudi Arabia,1,0,,,home,W
M-2002-20,WC-2002,2002,group stage,2002-06-06,V-141,South Korea,0,Uruguay,France,0,0,,,away,D
M-2002-20,WC-2002,2002,group stage,2002-06-06,V-141,South Korea,0,France,Uruguay,0,0,,,home,D
M-2002-21,WC-2002,2002,group stage,2002-06-07,V-088,Japan,0,Nigeria,Sweden,1,2,,,away,L
M-2002-21,WC-2002,2002,group stage,2002-06-07,V-088,Japan,0,Sweden,Nigeria,2,1,,,home,W
M-2002-22,WC-2002,2002,group stage,2002-06-07,V-146,South Korea,0,Paraguay,Spain,1,3,,,away,L
M-2002-22,WC-2002,2002,group stage,2002-06-07,V-146,South Korea,0,Spain,Paraguay,3,1,,,home,W
M-2002-23,WC-2002,2002,group stage,2002-06-07,V-093,Japan,0,England,Argentina,1,0,,,away,W
M-2002-23,WC-2002,2002,group stage,2002-06-07,V-093,Japan,0,Argentina,England,0,1,,,home,L
M-2002-24,WC-2002,2002,group stage,2002-06-08,V-142,South Korea,0,Slovenia,South Africa,0,1,,,away,L
M-2002-24,WC-2002,2002,group stage,2002-06-08,V-142,South Korea,0,South Africa,Slovenia,1,0,,,home,W
M-2002-25,WC-2002,2002,group stage,2002-06-08,V-087,Japan,0,Croatia,Italy,2,1,,,away,W
M-2002-25,WC-2002,2002,group stage,2002-06-08,V-087,Japan,0,Italy,Croatia,1,2,,,home,L
M-2002-26,WC-2002,2002,group stage,2002-06-08,V-147,South Korea,0,China,Brazil,0,4,,,away,L
M-2002-26,WC-2002,2002,group stage,2002-06-08,V-147,South Korea,0,Brazil,China,4,0,,,home,W
M-2002-27,WC-2002,2002,group stage,2002-06-09,V-089,Japan,0,Ecuador,Mexico,1,2,,,away,L
M-2002-27,WC-2002,2002,group stage,2002-06-09,V-089,Japan,0,Mexico,Ecuador,2,1,,,home,W
M-2002-28,WC-2002,2002,group stage,2002-06-09,V-145,South Korea,0,Turkey,Costa Rica,1,1,,,away,D
M-2002-28,WC-2002,2002,group stage,2002-06-09,V-145,South Korea,0,Costa Rica,Turkey,1,1,,,home,D
M-2002-29,WC-2002,2002,group stage,2002-06-09,V-095,Japan,0,Russia,Japan,0,1,,,away,L
M-2002-29,WC-2002,2002,group stage,2002-06-09,V-095,Japan,0,Japan,Russia,1,0,,,home,W
M-2002-30,WC-2002,2002,group stage,2002-06-10,V-142,South Korea,0,United States,South Korea,1,1,,,away,D
M-2002-30,WC-2002,2002,group stage,2002-06-10,V-142,South Korea,0,South Korea,United States,1,1,,,home,D
M-2002-31,WC-2002,2002,group stage,2002-06-10,V-096,Japan,0,Belgium,Tunisia,1,1,,,away,D
M-2002-31,WC-2002,2002,group stage,2002-06-10,V-096,Japan,0,Tunisia,Belgium,1,1,,,home,D
M-2002-32,WC-2002,2002,group stage,2002-06-10,V-146,South Korea,0,Poland,Portugal,0,4,,,away,L
M-2002-32,WC-2002,2002,group stage,2002-06-10,V-146,South Korea,0,Portugal,Poland,4,0,,,home,W
M-2002-33,WC-2002,2002,group stage,2002-06-11,V-145,South Korea,0,France,Denmark,0,2,,,away,L
M-2002-33,WC-2002,2002,group stage,2002-06-11,V-145,South Korea,0,Denmark,France,2,0,,,home,W
M-2002-34,WC-2002,2002,group stage,2002-06-11,V-149,South Korea,0,Uruguay,Senegal,3,3,,,away,D
M-2002-34,WC-2002,2002,group stage,2002-06-11,V-149,South Korea,0,Senegal,Uruguay,3,3,,,home,D
M-2002-35,WC-2002,2002,group stage,2002-06-11,V-094,Japan,0,Germany,Cameroon,2,0,,,away,W
M-2002-35,WC-2002,2002,group stage,2002-06-11,V-094,Japan,0,Cameroon,Germany,0,2,,,home,L
M-2002-36,WC-2002,2002,group stage,2002-06-11,V-095,Japan,0,Republic of Ireland,Saudi Arabia,3,0,,,away,W
M-2002-36,WC-2002,2002,group stage,2002-06-11,V-095,Japan,0,Saudi Arabia,Republic of Ireland,0,3,,,home,L
M-2002-37,WC-2002,2002,group stage,2002-06-12,V-091,Japan,0,England,Nigeria,0,0,,,away,D
M-2002-37,WC-2002,2002,group stage,2002-06-12,V-091,Japan,0,Nigeria,England,0,0,,,home,D
M-2002-38,WC-2002,2002,group stage,2002-06-12,V-089,Japan,0,Argentina,Sweden,1,1,,,away,D
M-2002-38,WC-2002,2002,group stage,2002-06-12,V-089,Japan,0,Sweden,Argentina,1,1,,,home,D
M-2002-39,WC-2002,2002,group stage,2002-06-12,V-147,South Korea,0,Paraguay,Slovenia,3,1,,,away,W
M-2002-39,WC-2002,2002,group stage,2002-06-12,V-147,South Korea,0,Slovenia,Paraguay,1,3,,,home,L
M-2002-40,WC-2002,2002,group stage,2002-06-12,V-143,South Korea,0,Spain,South Africa,3,2,,,away,W
M-2002-40,WC-2002,2002,group stage,2002-06-12,V-143,South Korea,0,South Africa,Spain,2,3,,,home,L
M-2002-41,WC-2002,2002,group stage,2002-06-13,V-149,South Korea,0,Brazil,Costa Rica,5,2,,,away,W
M-2002-41,WC-2002,2002,group stage,2002-06-13,V-149,South Korea,0,Costa Rica,Brazil,2,5,,,home,L
M-2002-42,WC-2002,2002,group stage,2002-06-13,V-148,South Korea,0,China,Turkey,0,3,,,away,L
M-2002-42,WC-2002,2002,group stage,2002-06-13,V-148,South Korea,0,Turkey,China,3,0,,,home,W
M-2002-43,WC-2002,2002,group stage,2002-06-13,V-095,Japan,0,Croatia,Ecuador,0,1,,,away,L
M-2002-43,WC-2002,2002,group stage,2002-06-13,V-095,Japan,0,Ecuador,Croatia,1,0,,,home,W
M-2002-44,WC-2002,2002,group stage,2002-06-13,V-096,Japan,0,Italy,Mexico,1,1,,,away,D
M-2002-44,WC-2002,2002,group stage,2002-06-13,V-096,Japan,0,Mexico,Italy,1,1,,,home,D
M-2002-45,WC-2002,2002,group stage,2002-06-14,V-094,Japan,0,Russia,Belgium,2,3,,,away,L
M-2002-45,WC-2002,2002,group stage,2002-06-14,V-094,Japan,0,Belgium,Russia,3,2,,,home,W
M-2002-46,WC-2002,2002,group stage,2002-06-14,V-091,Japan,0,Japan,Tunisia,2,0,,,away,W
M-2002-46,WC-2002,2002,group stage,2002-06-14,V-091,Japan,0,Tunisia,Japan,0,2,,,home,L
M-2002-47,WC-2002,2002,group stage,2002-06-14,V-143,South Korea,0,United States,Poland,1,3,,,away,L
M-2002-47,WC-2002,2002,group stage,2002-06-14,V-143,South Korea,0,Poland,United States,3,1,,,home,W
M-2002-48,WC-2002,2002,group stage,2002-06-14,V-145,South Korea,0,South Korea,Portugal,1,0,,,away,W
M-2002-48,WC-2002,2002,group stage,2002-06-14,V-145,South Korea,0,Portugal,South Korea,0,1,,,home,L
M-2002-49,WC-2002,2002,round of 16,2002-06-15,V-147,South Korea,0,Paraguay,Germany,0,1,,,away,L
M-2002-49,WC-2002,2002,round of 16,2002-06-15,V-147,South Korea,0,Germany,Paraguay,1,0,,,home,W
M-2002-50,WC-2002,2002,round of 16,2002-06-15,V-090,Japan,0,England,Denmark,3,0,,,away,W
M-2002-50,WC-2002,2002,round of 16,2002-06-15,V-090,Japan,0,Denmark,England,0,3,,,home,L
M-2002-51,WC-2002,2002,round of 16,2002-06-16,V-096,Japan,0,Senegal,Sweden,2,1,,,away,W
M-2002-51,WC-2002,2002,round of 16,2002-06-16,V-096,Japan,0,Sweden,Senegal,1,2,,,home,L
M-2002-52,WC-2002,2002,round of 16,2002-06-16,V-149,South Korea,1,Republic of Ireland,Spain,1,1,2.0,3.0,away,L
M-2002-52,WC-2002,2002,round of 16,2002-06-16,V-149,South Korea,1,Spain,Republic of Ireland,1,1,3.0,2.0,home,W
M-2002-53,WC-2002,2002,round of 16,2002-06-17,V-146,South Korea,0,United States,Mexico,2,0,,,away,W
M-2002-53,WC-2002,2002,round of 16,2002-06-17,V-146,South Korea,0,Mexico,United States,0,2,,,home,L
M-2002-54,WC-2002,2002,round of 16,2002-06-17,V-088,Japan,0,Belgium,Brazil,0,2,,,away,L
M-2002-54,WC-2002,2002,round of 16,2002-06-17,V-088,Japan,0,Brazil,Belgium,2,0,,,home,W
M-2002-55,WC-2002,2002,round of 16,2002-06-18,V-089,Japan,0,Turkey,Japan,1,0,,,away,W
M-2002-55,WC-2002,2002,round of 16,2002-06-18,V-089,Japan,0,Japan,Turkey,0,1,,,home,L
M-2002-56,WC-2002,2002,round of 16,2002-06-18,V-143,South Korea,0,Italy,South Korea,1,2,,,away,L
M-2002-56,WC-2002,2002,round of 16,2002-06-18,V-143,South Korea,0,South Korea,Italy,2,1,,,home,W
M-2002-57,WC-2002,2002,quarter-finals,2002-06-21,V-094,Japan,0,Brazil,England,2,1,,,away,W
M-2002-57,WC-2002,2002,quarter-finals,2002-06-21,V-094,Japan,0,England,Brazil,1,2,,,home,L
M-2002-58,WC-2002,2002,quarter-finals,2002-06-21,V-150,South Korea,0,United States,Germany,0,1,,,away,L
M-2002-58,WC-2002,2002,quarter-finals,2002-06-21,V-150,South Korea,0,Germany,United States,1,0,,,home,W
M-2002-59,WC-2002,2002,quarter-finals,2002-06-22,V-144,South Korea,1,South Korea,Spain,0,0,5.0,3.0,away,W
M-2002-59,WC-2002,2002,quarter-finals,2002-06-22,V-144,South Korea,1,Spain,South Korea,0,0,3.0,5.0,home,L
M-2002-60,WC-2002,2002,quarter-finals,2002-06-22,V-091,Japan,0,Turkey,Senegal,1,0,,,away,W
M-2002-60,WC-2002,2002,quarter-finals,2002-06-22,V-091,Japan,0,Senegal,Turkey,0,1,,,home,L
M-2002-61,WC-2002,2002,semi-finals,2002-06-25,V-148,South Korea,0,South Korea,Germany,0,1,,,away,L
M-2002-61,WC-2002,2002,semi-finals,2002-06-25,V-148,South Korea,0,Germany,South Korea,1,0,,,home,W
M-2002-62,WC-2002,2002,semi-finals,2002-06-26,V-092,Japan,0,Turkey,Brazil,0,1,,,away,L
M-2002-62,WC-2002,2002,semi-finals,2002-06-26,V-092,Japan,0,Brazil,Turkey,1,0,,,home,W
M-2002-63,WC-2002,2002,third-place match,2002-06-29,V-142,South Korea,0,Turkey,South Korea,3,2,,,away,W
M-2002-63,WC-2002,2002,third-place match,2002-06-29,V-142,South Korea,0,South Korea,Turkey,2,3,,,home,L
M-2002-64,WC-2002,2002,final,2002-06-30,V-095,Japan,0,Brazil,Germany,2,0,,,away,W
M-2002-64,WC-2002,2002,final,2002-06-30,V-095,Japan,0,Germany,Brazil,0,2,,,home,L
M-2006-01,WC-2006,2006,group stage,2006-06-09,V-066,Germany,0,Costa Rica,Germany,2,4,,,away,L
M-2006-01,WC-2006,2006,group stage,2006-06-09,V-066,Germany,0,Germany,Costa Rica,4,2,,,home,W
M-2006-02,WC-2006,2006,group stage,2006-06-09,V-060,Germany,0,Ecuador,Poland,2,0,,,away,W
M-2006-02,WC-2006,2006,group stage,2006-06-09,V-060,Germany,0,Poland,Ecuador,0,2,,,home,L
M-2006-03,WC-2006,2006,group stage,2006-06-10,V-059,Germany,0,Paraguay,England,0,1,,,away,L
M-2006-03,WC-2006,2006,group stage,2006-06-10,V-059,Germany,0,England,Paraguay,1,0,,,home,W
M-2006-04,WC-2006,2006,group stage,2006-06-10,V-057,Germany,0,Sweden,Trinidad and Tobago,0,0,,,away,D
M-2006-04,WC-2006,2006,group stage,2006-06-10,V-057,Germany,0,Trinidad and Tobago,Sweden,0,0,,,home,D
M-2006-05,WC-2006,2006,group stage,2006-06-10,V-062,Germany,0,Ivory Coast,Argentina,1,2,,,away,L
M-2006-05,WC-2006,2006,group stage,2006-06-10,V-062,Germany,0,Argentina,Ivory Coast,2,1,,,home,W
M-2006-06,WC-2006,2006,group stage,2006-06-11,V-065,Germany,0,Netherlands,Serbia,1,0,,,away,W
M-2006-06,WC-2006,2006,group stage,2006-06-11,V-065,Germany,0,Serbia,Netherlands,0,1,,,home,L
M-2006-07,WC-2006,2006,group stage,2006-06-11,V-068,Germany,0,Iran,Mexico,1,3,,,away,L
M-2006-07,WC-2006,2006,group stage,2006-06-11,V-068,Germany,0,Mexico,Iran,3,1,,,home,W
M-2006-08,WC-2006,2006,group stage,2006-06-11,V-056,Germany,0,Portugal,Angola,1,0,,,away,W
M-2006-08,WC-2006,2006,group stage,2006-06-11,V-056,Germany,0,Angola,Portugal,0,1,,,home,L
M-2006-09,WC-2006,2006,group stage,2006-06-12,V-064,Germany,0,Japan,Australia,1,3,,,away,L
M-2006-09,WC-2006,2006,group stage,2006-06-12,V-064,Germany,0,Australia,Japan,3,1,,,home,W
M-2006-10,WC-2006,2006,group stage,2006-06-12,V-060,Germany,0,Czech Republic,United States,3,0,,,away,W
M-2006-10,WC-2006,2006,group stage,2006-06-12,V-060,Germany,0,United States,Czech Republic,0,3,,,home,L
M-2006-11,WC-2006,2006,group stage,2006-06-12,V-063,Germany,0,Ghana,Italy,0,2,,,away,L
M-2006-11,WC-2006,2006,group stage,2006-06-12,V-063,Germany,0,Italy,Ghana,2,0,,,home,W
M-2006-12,WC-2006,2006,group stage,2006-06-13,V-059,Germany,0,Togo,South Korea,1,2,,,away,L
M-2006-12,WC-2006,2006,group stage,2006-06-13,V-059,Germany,0,South Korea,Togo,2,1,,,home,W
M-2006-13,WC-2006,2006,group stage,2006-06-13,V-069,Germany,0,Switzerland,France,0,0,,,away,D
M-2006-13,WC-2006,2006,group stage,2006-06-13,V-069,Germany,0,France,Switzerland,0,0,,,home,D
M-2006-14,WC-2006,2006,group stage,2006-06-13,V-055,Germany,0,Croatia,Brazil,0,1,,,away,L
M-2006-14,WC-2006,2006,group stage,2006-06-13,V-055,Germany,0,Brazil,Croatia,1,0,,,home,W
M-2006-15,WC-2006,2006,group stage,2006-06-14,V-065,Germany,0,Ukraine,Spain,0,4,,,away,L
M-2006-15,WC-2006,2006,group stage,2006-06-14,V-065,Germany,0,Spain,Ukraine,4,0,,,home,W
M-2006-16,WC-2006,2006,group stage,2006-06-14,V-066,Germany,0,Saudi Arabia,Tunisia,2,2,,,away,D
M-2006-16,WC-2006,2006,group stage,2006-06-14,V-066,Germany,0,Tunisia,Saudi Arabia,2,2,,,home,D
M-2006-17,WC-2006,2006,group stage,2006-06-14,V-057,Germany,0,Poland,Germany,0,1,,,away,L
M-2006-17,WC-2006,2006,group stage,2006-06-14,V-057,Germany,0,Germany,Poland,1,0,,,home,W
M-2006-18,WC-2006,2006,group stage,2006-06-15,V-062,Germany,0,Costa Rica,Ecuador,0,3,,,away,L
M-2006-18,WC-2006,2006,group stage,2006-06-15,V-062,Germany,0,Ecuador,Costa Rica,3,0,,,home,W
M-2006-19,WC-2006,2006,group stage,2006-06-15,V-068,Germany,0,Trinidad and Tobago,England,0,2,,,away,L
M-2006-19,WC-2006,2006,group stage,2006-06-15,V-068,Germany,0,England,Trinidad and Tobago,2,0,,,home,W
M-2006-20,WC-2006,2006,group stage,2006-06-15,V-055,Germany,0,Paraguay,Sweden,0,1,,,away,L
M-2006-20,WC-2006,2006,group stage,2006-06-15,V-055,Germany,0,Sweden,Paraguay,1,0,,,home,W
M-2006-21,WC-2006,2006,group stage,2006-06-16,V-060,Germany,0,Serbia,Argentina,0,6,,,away,L
M-2006-21,WC-2006,2006,group stage,2006-06-16,V-060,Germany,0,Argentina,Serbia,6,0,,,home,W
M-2006-22,WC-2006,2006,group stage,2006-06-16,V-069,Germany,0,Ivory Coast,Netherlands,1,2,,,away,L
M-2006-22,WC-2006,2006,group stage,2006-06-16,V-069,Germany,0,Netherlands,Ivory Coast,2,1,,,home,W
M-2006-23,WC-2006,2006,group stage,2006-06-16,V-063,Germany,0,Angola,Mexico,0,0,,,away,D
M-2006-23,WC-2006,2006,group stage,2006-06-16,V-063,Germany,0,Mexico,Angola,0,0,,,home,D
M-2006-24,WC-2006,2006,group stage,2006-06-17,V-059,Germany,0,Iran,Portugal,0,2,,,away,L
M-2006-24,WC-2006,2006,group stage,2006-06-17,V-059,Germany,0,Portugal,Iran,2,0,,,home,W
M-2006-25,WC-2006,2006,group stage,2006-06-17,V-056,Germany,0,Ghana,Czech Republic,2,0,,,away,W
M-2006-25,WC-2006,2006,group stage,2006-06-17,V-056,Germany,0,Czech Republic,Ghana,0,2,,,home,L
M-2006-26,WC-2006,2006,group stage,2006-06-17,V-064,Germany,0,United States,Italy,1,1,,,away,D
M-2006-26,WC-2006,2006,group stage,2006-06-17,V-064,Germany,0,Italy,United States,1,1,,,home,D
M-2006-27,WC-2006,2006,group stage,2006-06-18,V-068,Germany,0,Croatia,Japan,0,0,,,away,D
M-2006-27,WC-2006,2006,group stage,2006-06-18,V-068,Germany,0,Japan,Croatia,0,0,,,home,D
M-2006-28,WC-2006,2006,group stage,2006-06-18,V-066,Germany,0,Australia,Brazil,0,2,,,away,L
M-2006-28,WC-2006,2006,group stage,2006-06-18,V-066,Germany,0,Brazil,Australia,2,0,,,home,W
M-2006-29,WC-2006,2006,group stage,2006-06-18,V-065,Germany,0,South Korea,France,1,1,,,away,D
M-2006-29,WC-2006,2006,group stage,2006-06-18,V-065,Germany,0,France,South Korea,1,1,,,home,D
M-2006-30,WC-2006,2006,group stage,2006-06-19,V-057,Germany,0,Switzerland,Togo,2,0,,,away,W
M-2006-30,WC-2006,2006,group stage,2006-06-19,V-057,Germany,0,Togo,Switzerland,0,2,,,home,L
M-2006-31,WC-2006,2006,group stage,2006-06-19,V-062,Germany,0,Ukraine,Saudi Arabia,4,0,,,away,W
M-2006-31,WC-2006,2006,group stage,2006-06-19,V-062,Germany,0,Saudi Arabia,Ukraine,0,4,,,home,L
M-2006-32,WC-2006,2006,group stage,2006-06-19,V-069,Germany,0,Tunisia,Spain,1,3,,,away,L
M-2006-32,WC-2006,2006,group stage,2006-06-19,V-069,Germany,0,Spain,Tunisia,3,1,,,home,W
M-2006-33,WC-2006,2006,group stage,2006-06-20,V-063,Germany,0,Poland,Costa Rica,2,1,,,away,W
M-2006-33,WC-2006,2006,group stage,2006-06-20,V-063,Germany,0,Costa Rica,Poland,1,2,,,home,L
M-2006-34,WC-2006,2006,group stage,2006-06-20,V-055,Germany,0,Germany,Ecuador,3,0,,,away,W
M-2006-34,WC-2006,2006,group stage,2006-06-20,V-055,Germany,0,Ecuador,Germany,0,3,,,home,L
M-2006-35,WC-2006,2006,group stage,2006-06-20,V-064,Germany,0,Trinidad and Tobago,Paraguay,0,2,,,away,L
M-2006-35,WC-2006,2006,group stage,2006-06-20,V-064,Germany,0,Paraguay,Trinidad and Tobago,2,0,,,home,W
M-2006-36,WC-2006,2006,group stage,2006-06-20,V-056,Germany,0,England,Sweden,2,2,,,away,D
M-2006-36,WC-2006,2006,group stage,2006-06-20,V-056,Germany,0,Sweden,England,2,2,,,home,D
M-2006-37,WC-2006,2006,group stage,2006-06-21,V-065,Germany,0,Angola,Iran,1,1,,,away,D
M-2006-37,WC-2006,2006,group stage,2006-06-21,V-065,Germany,0,Iran,Angola,1,1,,,home,D
M-2006-38,WC-2006,2006,group stage,2006-06-21,V-060,Germany,0,Mexico,Portugal,1,2,,,away,L
M-2006-38,WC-2006,2006,group stage,2006-06-21,V-060,Germany,0,Portugal,Mexico,2,1,,,home,W
M-2006-39,WC-2006,2006,group stage,2006-06-21,V-066,Germany,0,Serbia,Ivory Coast,2,3,,,away,L
M-2006-39,WC-2006,2006,group stage,2006-06-21,V-066,Germany,0,Ivory Coast,Serbia,3,2,,,home,W
M-2006-40,WC-2006,2006,group stage,2006-06-21,V-059,Germany,0,Argentina,Netherlands,0,0,,,away,D
M-2006-40,WC-2006,2006,group stage,2006-06-21,V-059,Germany,0,Netherlands,Argentina,0,0,,,home,D
M-2006-41,WC-2006,2006,group stage,2006-06-22,V-062,Germany,0,Italy,Czech Republic,2,0,,,away,W
M-2006-41,WC-2006,2006,group stage,2006-06-22,V-062,Germany,0,Czech Republic,Italy,0,2,,,home,L
M-2006-42,WC-2006,2006,group stage,2006-06-22,V-068,Germany,0,United States,Ghana,1,2,,,away,L
M-2006-42,WC-2006,2006,group stage,2006-06-22,V-068,Germany,0,Ghana,United States,2,1,,,home,W
M-2006-43,WC-2006,2006,group stage,2006-06-22,V-069,Germany,0,Australia,Croatia,2,2,,,away,D
M-2006-43,WC-2006,2006,group stage,2006-06-22,V-069,Germany,0,Croatia,Australia,2,2,,,home,D
M-2006-44,WC-2006,2006,group stage,2006-06-22,V-057,Germany,0,Brazil,Japan,4,1,,,away,W
M-2006-44,WC-2006,2006,group stage,2006-06-22,V-057,Germany,0,Japan,Brazil,1,4,,,home,L
M-2006-45,WC-2006,2006,group stage,2006-06-23,V-064,Germany,0,Spain,Saudi Arabia,1,0,,,away,W
M-2006-45,WC-2006,2006,group stage,2006-06-23,V-064,Germany,0,Saudi Arabia,Spain,0,1,,,home,L
M-2006-46,WC-2006,2006,group stage,2006-06-23,V-055,Germany,0,Tunisia,Ukraine,0,1,,,away,L
M-2006-46,WC-2006,2006,group stage,2006-06-23,V-055,Germany,0,Ukraine,Tunisia,1,0,,,home,W
M-2006-47,WC-2006,2006,group stage,2006-06-23,V-063,Germany,0,South Korea,Switzerland,0,2,,,away,L
M-2006-47,WC-2006,2006,group stage,2006-06-23,V-063,Germany,0,Switzerland,South Korea,2,0,,,home,W
M-2006-48,WC-2006,2006,group stage,2006-06-23,V-056,Germany,0,France,Togo,2,0,,,away,W
M-2006-48,WC-2006,2006,group stage,2006-06-23,V-056,Germany,0,Togo,France,0,2,,,home,L
M-2006-49,WC-2006,2006,round of 16,2006-06-24,V-066,Germany,0,Sweden,Germany,0,2,,,away,L
M-2006-49,WC-2006,2006,round of 16,2006-06-24,V-066,Germany,0,Germany,Sweden,2,0,,,home,W
M-2006-50,WC-2006,2006,round of 16,2006-06-24,V-065,Germany,0,Mexico,Argentina,1,2,,,away,L
M-2006-50,WC-2006,2006,round of 16,2006-06-24,V-065,Germany,0,Argentina,Mexico,2,1,,,home,W
M-2006-51,WC-2006,2006,round of 16,2006-06-25,V-069,Germany,0,Ecuador,England,0,1,,,away,L
M-2006-51,WC-2006,2006,round of 16,2006-06-25,V-069,Germany,0,England,Ecuador,1,0,,,home,W
M-2006-52,WC-2006,2006,round of 16,2006-06-25,V-068,Germany,0,Netherlands,Portugal,0,1,,,away,L
M-2006-52,WC-2006,2006,round of 16,2006-06-25,V-068,Germany,0,Portugal,Netherlands,1,0,,,home,W
M-2006-53,WC-2006,2006,round of 16,2006-06-26,V-064,Germany,0,Australia,Italy,0,1,,,away,L
M-2006-53,WC-2006,2006,round of 16,2006-06-26,V-064,Germany,0,Italy,Australia,1,0,,,home,W
M-2006-54,WC-2006,2006,round of 16,2006-06-26,V-056,Germany,1,Ukraine,Switzerland,0,0,3.0,0.0,away,W
M-2006-54,WC-2006,2006,round of 16,2006-06-26,V-056,Germany,1,Switzerland,Ukraine,0,0,0.0,3.0,home,L
M-2006-55,WC-2006,2006,round of 16,2006-06-27,V-057,Germany,0,Ghana,Brazil,0,3,,,away,L
M-2006-55,WC-2006,2006,round of 16,2006-06-27,V-057,Germany,0,Brazil,Ghana,3,0,,,home,W
M-2006-56,WC-2006,2006,round of 16,2006-06-27,V-063,Germany,0,France,Spain,3,1,,,away,W
M-2006-56,WC-2006,2006,round of 16,2006-06-27,V-063,Germany,0,Spain,France,1,3,,,home,L
M-2006-57,WC-2006,2006,quarter-finals,2006-06-30,V-055,Germany,1,Argentina,Germany,1,1,2.0,4.0,away,L
M-2006-57,WC-2006,2006,quarter-finals,2006-06-30,V-055,Germany,1,Germany,Argentina,1,1,4.0,2.0,home,W
M-2006-58,WC-2006,2006,quarter-finals,2006-06-30,V-062,Germany,0,Ukraine,Italy,0,3,,,away,L
M-2006-58,WC-2006,2006,quarter-finals,2006-06-30,V-062,Germany,0,Italy,Ukraine,3,0,,,home,W
M-2006-59,WC-2006,2006,quarter-finals,2006-07-01,V-060,Germany,1,Portugal,England,0,0,3.0,1.0,away,W
M-2006-59,WC-2006,2006,quarter-finals,2006-07-01,V-060,Germany,1,England,Portugal,0,0,1.0,3.0,home,L
M-2006-60,WC-2006,2006,quarter-finals,2006-07-01,V-059,Germany,0,France,Brazil,1,0,,,away,W
M-2006-60,WC-2006,2006,quarter-finals,2006-07-01,V-059,Germany,0,Brazil,France,0,1,,,home,L
M-2006-61,WC-2006,2006,semi-finals,2006-07-04,V-057,Germany,0,Italy,Germany,2,0,,,away,W
M-2006-61,WC-2006,2006,semi-finals,2006-07-04,V-057,Germany,0,Germany,Italy,0,2,,,home,L
M-2006-62,WC-2006,2006,semi-finals,2006-07-05,V-066,Germany,0,France,Portugal,1,0,,,away,W
M-2006-62,WC-2006,2006,semi-finals,2006-07-05,V-066,Germany,0,Portugal,France,0,1,,,home,L
M-2006-63,WC-2006,2006,third-place match,2006-07-08,V-069,Germany,0,Portugal,Germany,1,3,,,away,L
M-2006-63,WC-2006,2006,third-place match,2006-07-08,V-069,Germany,0,Germany,Portugal,3,1,,,home,W
M-2006-64,WC-2006,2006,final,2006-07-09,V-055,Germany,1,France,Italy,1,1,3.0,5.0,away,L
M-2006-64,WC-2006,2006,final,2006-07-09,V-055,Germany,1,Italy,France,1,1,5.0,3.0,home,W
M-2010-01,WC-2010,2010,group stage,2010-06-11,V-135,South Africa,0,Mexico,South Africa,1,1,,,away,D
M-2010-01,WC-2010,2010,group stage,2010-06-11,V-135,South Africa,0,South Africa,Mexico,1,1,,,home,D
M-2010-02,WC-2010,2010,group stage,2010-06-11,V-132,South Africa,0,France,Uruguay,0,0,,,away,D
M-2010-02,WC-2010,2010,group stage,2010-06-11,V-132,South Africa,0,Uruguay,France,0,0,,,home,D
M-2010-03,WC-2010,2010,group stage,2010-06-12,V-138,South Africa,0,Greece,South Korea,0,2,,,away,L
M-2010-03,WC-2010,2010,group stage,2010-06-12,V-138,South Africa,0,South Korea,Greece,2,0,,,home,W
M-2010-04,WC-2010,2010,group stage,2010-06-12,V-134,South Africa,0,Nigeria,Argentina,0,1,,,away,L
M-2010-04,WC-2010,2010,group stage,2010-06-12,V-134,South Africa,0,Argentina,Nigeria,1,0,,,home,W
M-2010-05,WC-2010,2010,group stage,2010-06-12,V-140,South Africa,0,United States,England,1,1,,,away,D
M-2010-05,WC-2010,2010,group stage,2010-06-12,V-140,South Africa,0,England,United States,1,1,,,home,D
M-2010-06,WC-2010,2010,group stage,2010-06-13,V-137,South Africa,0,Slovenia,Algeria,1,0,,,away,W
M-2010-06,WC-2010,2010,group stage,2010-06-13,V-137,South Africa,0,Algeria,Slovenia,0,1,,,home,L
M-2010-07,WC-2010,2010,group stage,2010-06-13,V-139,South Africa,0,Ghana,Serbia,1,0,,,away,W
M-2010-07,WC-2010,2010,group stage,2010-06-13,V-139,South Africa,0,Serbia,Ghana,0,1,,,home,L
M-2010-08,WC-2010,2010,group stage,2010-06-13,V-133,South Africa,0,Australia,Germany,0,4,,,away,L
M-2010-08,WC-2010,2010,group stage,2010-06-13,V-133,South Africa,0,Germany,Australia,4,0,,,home,W
M-2010-09,WC-2010,2010,group stage,2010-06-14,V-135,South Africa,0,Denmark,Netherlands,0,2,,,away,L
M-2010-09,WC-2010,2010,group stage,2010-06-14,V-135,South Africa,0,Netherlands,Denmark,2,0,,,home,W
M-2010-10,WC-2010,2010,group stage,2010-06-14,V-131,South Africa,0,Cameroon,Japan,0,1,,,away,L
M-2010-10,WC-2010,2010,group stage,2010-06-14,V-131,South Africa,0,Japan,Cameroon,1,0,,,home,W
M-2010-11,WC-2010,2010,group stage,2010-06-14,V-132,South Africa,0,Paraguay,Italy,1,1,,,away,D
M-2010-11,WC-2010,2010,group stage,2010-06-14,V-132,South Africa,0,Italy,Paraguay,1,1,,,home,D
M-2010-12,WC-2010,2010,group stage,2010-06-15,V-140,South Africa,0,Slovakia,New Zealand,1,1,,,away,D
M-2010-12,WC-2010,2010,group stage,2010-06-15,V-140,South Africa,0,New Zealand,Slovakia,1,1,,,home,D
M-2010-13,WC-2010,2010,group stage,2010-06-15,V-138,South Africa,0,Portugal,Ivory Coast,0,0,,,away,D
M-2010-13,WC-2010,2010,group stage,2010-06-15,V-138,South Africa,0,Ivory Coast,Portugal,0,0,,,home,D
M-2010-14,WC-2010,2010,group stage,2010-06-15,V-134,South Africa,0,North Korea,Brazil,1,2,,,away,L
M-2010-14,WC-2010,2010,group stage,2010-06-15,V-134,South Africa,0,Brazil,North Korea,2,1,,,home,W
M-2010-15,WC-2010,2010,group stage,2010-06-16,V-136,South Africa,0,Chile,Honduras,1,0,,,away,W
M-2010-15,WC-2010,2010,group stage,2010-06-16,V-136,South Africa,0,Honduras,Chile,0,1,,,home,L
M-2010-16,WC-2010,2010,group stage,2010-06-16,V-133,South Africa,0,Switzerland,Spain,1,0,,,away,W
M-2010-16,WC-2010,2010,group stage,2010-06-16,V-133,South Africa,0,Spain,Switzerland,0,1,,,home,L
M-2010-17,WC-2010,2010,group stage,2010-06-16,V-139,South Africa,0,Uruguay,South Africa,3,0,,,away,W
M-2010-17,WC-2010,2010,group stage,2010-06-16,V-139,South Africa,0,South Africa,Uruguay,0,3,,,home,L
M-2010-18,WC-2010,2010,group stage,2010-06-17,V-135,South Africa,0,South Korea,Argentina,1,4,,,away,L
M-2010-18,WC-2010,2010,group stage,2010-06-17,V-135,South Africa,0,Argentina,South Korea,4,1,,,home,W
M-2010-19,WC-2010,2010,group stage,2010-06-17,V-131,South Africa,0,Nigeria,Greece,1,2,,,away,L
M-2010-19,WC-2010,2010,group stage,2010-06-17,V-131,South Africa,0,Greece,Nigeria,2,1,,,home,W
M-2010-20,WC-2010,2010,group stage,2010-06-17,V-137,South Africa,0,Mexico,France,2,0,,,away,W
M-2010-20,WC-2010,2010,group stage,2010-06-17,V-137,South Africa,0,France,Mexico,0,2,,,home,L
M-2010-21,WC-2010,2010,group stage,2010-06-18,V-138,South Africa,0,Serbia,Germany,1,0,,,away,W
M-2010-21,WC-2010,2010,group stage,2010-06-18,V-138,South Africa,0,Germany,Serbia,0,1,,,home,L
M-2010-22,WC-2010,2010,group stage,2010-06-18,V-134,South Africa,0,United States,Slovenia,2,2,,,away,D
M-2010-22,WC-2010,2010,group stage,2010-06-18,V-134,South Africa,0,Slovenia,United States,2,2,,,home,D
M-2010-23,WC-2010,2010,group stage,2010-06-18,V-132,South Africa,0,Algeria,England,0,0,,,away,D
M-2010-23,WC-2010,2010,group stage,2010-06-18,V-132,South Africa,0,England,Algeria,0,0,,,home,D
M-2010-24,WC-2010,2010,group stage,2010-06-19,V-133,South Africa,0,Japan,Netherlands,0,1,,,away,L
M-2010-24,WC-2010,2010,group stage,2010-06-19,V-133,South Africa,0,Netherlands,Japan,1,0,,,home,W
M-2010-25,WC-2010,2010,group stage,2010-06-19,V-140,South Africa,0,Australia,Ghana,1,1,,,away,D
M-2010-25,WC-2010,2010,group stage,2010-06-19,V-140,South Africa,0,Ghana,Australia,1,1,,,home,D
M-2010-26,WC-2010,2010,group stage,2010-06-19,V-139,South Africa,0,Denmark,Cameroon,2,1,,,away,W
M-2010-26,WC-2010,2010,group stage,2010-06-19,V-139,South Africa,0,Cameroon,Denmark,1,2,,,home,L
M-2010-27,WC-2010,2010,group stage,2010-06-20,V-131,South Africa,0,Paraguay,Slovakia,2,0,,,away,W
M-2010-27,WC-2010,2010,group stage,2010-06-20,V-131,South Africa,0,Slovakia,Paraguay,0,2,,,home,L
M-2010-28,WC-2010,2010,group stage,2010-06-20,V-136,South Africa,0,New Zealand,Italy,1,1,,,away,D
M-2010-28,WC-2010,2010,group stage,2010-06-20,V-136,South Africa,0,Italy,New Zealand,1,1,,,home,D
M-2010-29,WC-2010,2010,group stage,2010-06-20,V-135,South Africa,0,Ivory Coast,Brazil,1,3,,,away,L
M-2010-29,WC-2010,2010,group stage,2010-06-20,V-135,South Africa,0,Brazil,Ivory Coast,3,1,,,home,W
M-2010-30,WC-2010,2010,group stage,2010-06-21,V-132,South Africa,0,North Korea,Portugal,0,7,,,away,L
M-2010-30,WC-2010,2010,group stage,2010-06-21,V-132,South Africa,0,Portugal,North Korea,7,0,,,home,W
M-2010-31,WC-2010,2010,group stage,2010-06-21,V-138,South Africa,0,Switzerland,Chile,0,1,,,away,L
M-2010-31,WC-2010,2010,group stage,2010-06-21,V-138,South Africa,0,Chile,Switzerland,1,0,,,home,W
M-2010-32,WC-2010,2010,group stage,2010-06-21,V-134,South Africa,0,Honduras,Spain,0,2,,,away,L
M-2010-32,WC-2010,2010,group stage,2010-06-21,V-134,South Africa,0,Spain,Honduras,2,0,,,home,W
M-2010-33,WC-2010,2010,group stage,2010-06-22,V-131,South Africa,0,South Africa,France,2,1,,,away,W
M-2010-33,WC-2010,2010,group stage,2010-06-22,V-131,South Africa,0,France,South Africa,1,2,,,home,L
M-2010-34,WC-2010,2010,group stage,2010-06-22,V-140,South Africa,0,Uruguay,Mexico,1,0,,,away,W
M-2010-34,WC-2010,2010,group stage,2010-06-22,V-140,South Africa,0,Mexico,Uruguay,0,1,,,home,L
M-2010-35,WC-2010,2010,group stage,2010-06-22,V-137,South Africa,0,Argentina,Greece,2,0,,,away,W
M-2010-35,WC-2010,2010,group stage,2010-06-22,V-137,South Africa,0,Greece,Argentina,0,2,,,home,L
M-2010-36,WC-2010,2010,group stage,2010-06-22,V-133,South Africa,0,South Korea,Nigeria,2,2,,,away,D
M-2010-36,WC-2010,2010,group stage,2010-06-22,V-133,South Africa,0,Nigeria,South Korea,2,2,,,home,D
M-2010-37,WC-2010,2010,group stage,2010-06-23,V-138,South Africa,0,England,Slovenia,1,0,,,away,W
M-2010-37,WC-2010,2010,group stage,2010-06-23,V-138,South Africa,0,Slovenia,England,0,1,,,home,L
M-2010-38,WC-2010,2010,group stage,2010-06-23,V-139,South Africa,0,Algeria,United States,0,1,,,away,L
M-2010-38,WC-2010,2010,group stage,2010-06-23,V-139,South Africa,0,United States,Algeria,1,0,,,home,W
M-2010-39,WC-2010,2010,group stage,2010-06-23,V-136,South Africa,0,Serbia,Australia,1,2,,,away,L
M-2010-39,WC-2010,2010,group stage,2010-06-23,V-136,South Africa,0,Australia,Serbia,2,1,,,home,W
M-2010-40,WC-2010,2010,group stage,2010-06-23,V-135,South Africa,0,Germany,Ghana,1,0,,,away,W
M-2010-40,WC-2010,2010,group stage,2010-06-23,V-135,South Africa,0,Ghana,Germany,0,1,,,home,L
M-2010-41,WC-2010,2010,group stage,2010-06-24,V-137,South Africa,0,New Zealand,Paraguay,0,0,,,away,D
M-2010-41,WC-2010,2010,group stage,2010-06-24,V-137,South Africa,0,Paraguay,New Zealand,0,0,,,home,D
M-2010-42,WC-2010,2010,group stage,2010-06-24,V-134,South Africa,0,Italy,Slovakia,2,3,,,away,L
M-2010-42,WC-2010,2010,group stage,2010-06-24,V-134,South Africa,0,Slovakia,Italy,3,2,,,home,W
M-2010-43,WC-2010,2010,group stage,2010-06-24,V-132,South Africa,0,Netherlands,Cameroon,2,1,,,away,W
M-2010-43,WC-2010,2010,group stage,2010-06-24,V-132,South Africa,0,Cameroon,Netherlands,1,2,,,home,L
M-2010-44,WC-2010,2010,group stage,2010-06-24,V-140,South Africa,0,Japan,Denmark,3,1,,,away,W
M-2010-44,WC-2010,2010,group stage,2010-06-24,V-140,South Africa,0,Denmark,Japan,1,3,,,home,L
M-2010-45,WC-2010,2010,group stage,2010-06-25,V-136,South Africa,0,Ivory Coast,North Korea,3,0,,,away,W
M-2010-45,WC-2010,2010,group stage,2010-06-25,V-136,South Africa,0,North Korea,Ivory Coast,0,3,,,home,L
M-2010-46,WC-2010,2010,group stage,2010-06-25,V-133,South Africa,0,Brazil,Portugal,0,0,,,away,D
M-2010-46,WC-2010,2010,group stage,2010-06-25,V-133,South Africa,0,Portugal,Brazil,0,0,,,home,D
M-2010-47,WC-2010,2010,group stage,2010-06-25,V-139,South Africa,0,Spain,Chile,2,1,,,away,W
M-2010-47,WC-2010,2010,group stage,2010-06-25,V-139,South Africa,0,Chile,Spain,1,2,,,home,L
M-2010-48,WC-2010,2010,group stage,2010-06-25,V-131,South Africa,0,Honduras,Switzerland,0,0,,,away,D
M-2010-48,WC-2010,2010,group stage,2010-06-25,V-131,South Africa,0,Switzerland,Honduras,0,0,,,home,D
M-2010-49,WC-2010,2010,round of 16,2010-06-26,V-138,South Africa,0,South Korea,Uruguay,1,2,,,away,L
M-2010-49,WC-2010,2010,round of 16,2010-06-26,V-138,South Africa,0,Uruguay,South Korea,2,1,,,home,W
M-2010-50,WC-2010,2010,round of 16,2010-06-26,V-140,South Africa,0,Ghana,United States,2,1,,,away,W
M-2010-50,WC-2010,2010,round of 16,2010-06-26,V-140,South Africa,0,United States,Ghana,1,2,,,home,L
M-2010-51,WC-2010,2010,round of 16,2010-06-27,V-131,South Africa,0,England,Germany,1,4,,,away,L
M-2010-51,WC-2010,2010,round of 16,2010-06-27,V-131,South Africa,0,Germany,England,4,1,,,home,W
M-2010-52,WC-2010,2010,round of 16,2010-06-27,V-135,South Africa,0,Mexico,Argentina,1,3,,,away,L
M-2010-52,WC-2010,2010,round of 16,2010-06-27,V-135,South Africa,0,Argentina,Mexico,3,1,,,home,W
M-2010-53,WC-2010,2010,round of 16,2010-06-28,V-133,South Africa,0,Slovakia,Netherlands,1,2,,,away,L
M-2010-53,WC-2010,2010,round of 16,2010-06-28,V-133,South Africa,0,Netherlands,Slovakia,2,1,,,home,W
M-2010-54,WC-2010,2010,round of 16,2010-06-28,V-134,South Africa,0,Chile,Brazil,0,3,,,away,L
M-2010-54,WC-2010,2010,round of 16,2010-06-28,V-134,South Africa,0,Brazil,Chile,3,0,,,home,W
M-2010-55,WC-2010,2010,round of 16,2010-06-29,V-139,South Africa,1,Japan,Paraguay,0,0,3.0,5.0,away,L
M-2010-55,WC-2010,2010,round of 16,2010-06-29,V-139,South Africa,1,Paraguay,Japan,0,0,5.0,3.0,home,W
M-2010-56,WC-2010,2010,round of 16,2010-06-29,V-132,South Africa,0,Portugal,Spain,0,1,,,away,L
M-2010-56,WC-2010,2010,round of 16,2010-06-29,V-132,South Africa,0,Spain,Portugal,1,0,,,home,W
M-2010-57,WC-2010,2010,quarter-finals,2010-07-02,V-138,South Africa,0,Brazil,Netherlands,1,2,,,away,L
M-2010-57,WC-2010,2010,quarter-finals,2010-07-02,V-138,South Africa,0,Netherlands,Brazil,2,1,,,home,W
M-2010-58,WC-2010,2010,quarter-finals,2010-07-02,V-135,South Africa,1,Ghana,Uruguay,1,1,2.0,4.0,away,L
M-2010-58,WC-2010,2010,quarter-finals,2010-07-02,V-135,South Africa,1,Uruguay,Ghana,1,1,4.0,2.0,home,W
M-2010-59,WC-2010,2010,quarter-finals,2010-07-03,V-132,South Africa,0,Germany,Argentina,4,0,,,away,W
M-2010-59,WC-2010,2010,quarter-finals,2010-07-03,V-132,South Africa,0,Argentina,Germany,0,4,,,home,L
M-2010-60,WC-2010,2010,quarter-finals,2010-07-03,V-134,South Africa,0,Spain,Paraguay,1,0,,,away,W
M-2010-60,WC-2010,2010,quarter-finals,2010-07-03,V-134,South Africa,0,Paraguay,Spain,0,1,,,home,L
M-2010-61,WC-2010,2010,semi-finals,2010-07-06,V-132,South Africa,0,Netherlands,Uruguay,3,2,,,away,W
M-2010-61,WC-2010,2010,semi-finals,2010-07-06,V-132,South Africa,0,Uruguay,Netherlands,2,3,,,home,L
M-2010-62,WC-2010,2010,semi-finals,2010-07-07,V-133,South Africa,0,Spain,Germany,1,0,,,away,W
M-2010-62,WC-2010,2010,semi-finals,2010-07-07,V-133,South Africa,0,Germany,Spain,0,1,,,home,L
M-2010-63,WC-2010,2010,third-place match,2010-07-10,V-138,South Africa,0,Germany,Uruguay,3,2,,,away,W
M-2010-63,WC-2010,2010,third-place match,2010-07-10,V-138,South Africa,0,Uruguay,Germany,2,3,,,home,L
M-2010-64,WC-2010,2010,final,2010-07-11,V-135,South Africa,0,Spain,Netherlands,1,0,,,away,W
M-2010-64,WC-2010,2010,final,2010-07-11,V-135,South Africa,0,Netherlands,Spain,0,1,,,home,L
M-2014-01,WC-2014,2014,group stage,2014-06-12,V-022,Brazil,0,Croatia,Brazil,1,3,,,away,L
M-2014-01,WC-2014,2014,group stage,2014-06-12,V-022,Brazil,0,Brazil,Croatia,3,1,,,home,W
M-2014-02,WC-2014,2014,group stage,2014-06-13,V-015,Brazil,0,Cameroon,Mexico,0,1,,,away,L
M-2014-02,WC-2014,2014,group stage,2014-06-13,V-015,Brazil,0,Mexico,Cameroon,1,0,,,home,W
M-2014-03,WC-2014,2014,group stage,2014-06-13,V-021,Brazil,0,Netherlands,Spain,5,1,,,away,W
M-2014-03,WC-2014,2014,group stage,2014-06-13,V-021,Brazil,0,Spain,Netherlands,1,5,,,home,L
M-2014-04,WC-2014,2014,group stage,2014-06-13,V-010,Brazil,0,Australia,Chile,1,3,,,away,L
M-2014-04,WC-2014,2014,group stage,2014-06-13,V-010,Brazil,0,Chile,Australia,3,1,,,home,W
M-2014-05,WC-2014,2014,group stage,2014-06-14,V-008,Brazil,0,Greece,Colombia,0,3,,,away,L
M-2014-05,WC-2014,2014,group stage,2014-06-14,V-008,Brazil,0,Colombia,Greece,3,0,,,home,W
M-2014-06,WC-2014,2014,group stage,2014-06-14,V-013,Brazil,0,Costa Rica,Uruguay,3,1,,,away,W
M-2014-06,WC-2014,2014,group stage,2014-06-14,V-013,Brazil,0,Uruguay,Costa Rica,1,3,,,home,L
M-2014-07,WC-2014,2014,group stage,2014-06-14,V-014,Brazil,0,Italy,England,2,1,,,away,W
M-2014-07,WC-2014,2014,group stage,2014-06-14,V-014,Brazil,0,England,Italy,1,2,,,home,L
M-2014-08,WC-2014,2014,group stage,2014-06-14,V-018,Brazil,0,Japan,Ivory Coast,1,2,,,away,L
M-2014-08,WC-2014,2014,group stage,2014-06-14,V-018,Brazil,0,Ivory Coast,Japan,2,1,,,home,W
M-2014-09,WC-2014,2014,group stage,2014-06-15,V-009,Brazil,0,Ecuador,Switzerland,1,2,,,away,L
M-2014-09,WC-2014,2014,group stage,2014-06-15,V-009,Brazil,0,Switzerland,Ecuador,2,1,,,home,W
M-2014-10,WC-2014,2014,group stage,2014-06-15,V-016,Brazil,0,Honduras,France,0,3,,,away,L
M-2014-10,WC-2014,2014,group stage,2014-06-15,V-016,Brazil,0,France,Honduras,3,0,,,home,W
M-2014-11,WC-2014,2014,group stage,2014-06-15,V-020,Brazil,0,Bosnia and Herzegovina,Argentina,1,2,,,away,L
M-2014-11,WC-2014,2014,group stage,2014-06-15,V-020,Brazil,0,Argentina,Bosnia and Herzegovina,2,1,,,home,W
M-2014-12,WC-2014,2014,group stage,2014-06-16,V-021,Brazil,0,Portugal,Germany,0,4,,,away,L
M-2014-12,WC-2014,2014,group stage,2014-06-16,V-021,Brazil,0,Germany,Portugal,4,0,,,home,W
M-2014-13,WC-2014,2014,group stage,2014-06-16,V-011,Brazil,0,Nigeria,Iran,0,0,,,away,D
M-2014-13,WC-2014,2014,group stage,2014-06-16,V-011,Brazil,0,Iran,Nigeria,0,0,,,home,D
M-2014-14,WC-2014,2014,group stage,2014-06-16,V-015,Brazil,0,United States,Ghana,2,1,,,away,W
M-2014-14,WC-2014,2014,group stage,2014-06-16,V-015,Brazil,0,Ghana,United States,1,2,,,home,L
M-2014-15,WC-2014,2014,group stage,2014-06-17,V-008,Brazil,0,Algeria,Belgium,1,2,,,away,L
M-2014-15,WC-2014,2014,group stage,2014-06-17,V-008,Brazil,0,Belgium,Algeria,2,1,,,home,W
M-2014-16,WC-2014,2014,group stage,2014-06-17,V-013,Brazil,0,Mexico,Brazil,0,0,,,away,D
M-2014-16,WC-2014,2014,group stage,2014-06-17,V-013,Brazil,0,Brazil,Mexico,0,0,,,home,D
M-2014-17,WC-2014,2014,group stage,2014-06-17,V-010,Brazil,0,South Korea,Russia,1,1,,,away,D
M-2014-17,WC-2014,2014,group stage,2014-06-17,V-010,Brazil,0,Russia,South Korea,1,1,,,home,D
M-2014-18,WC-2014,2014,group stage,2014-06-18,V-016,Brazil,0,Netherlands,Australia,3,2,,,away,W
M-2014-18,WC-2014,2014,group stage,2014-06-18,V-016,Brazil,0,Australia,Netherlands,2,3,,,home,L
M-2014-19,WC-2014,2014,group stage,2014-06-18,V-020,Brazil,0,Chile,Spain,2,0,,,away,W
M-2014-19,WC-2014,2014,group stage,2014-06-18,V-020,Brazil,0,Spain,Chile,0,2,,,home,L
M-2014-20,WC-2014,2014,group stage,2014-06-18,V-014,Brazil,0,Croatia,Cameroon,4,0,,,away,W
M-2014-20,WC-2014,2014,group stage,2014-06-18,V-014,Brazil,0,Cameroon,Croatia,0,4,,,home,L
M-2014-21,WC-2014,2014,group stage,2014-06-19,V-009,Brazil,0,Ivory Coast,Colombia,1,2,,,away,L
M-2014-21,WC-2014,2014,group stage,2014-06-19,V-009,Brazil,0,Colombia,Ivory Coast,2,1,,,home,W
M-2014-22,WC-2014,2014,group stage,2014-06-19,V-022,Brazil,0,England,Uruguay,1,2,,,away,L
M-2014-22,WC-2014,2014,group stage,2014-06-19,V-022,Brazil,0,Uruguay,England,2,1,,,home,W
M-2014-23,WC-2014,2014,group stage,2014-06-19,V-015,Brazil,0,Greece,Japan,0,0,,,away,D
M-2014-23,WC-2014,2014,group stage,2014-06-19,V-015,Brazil,0,Japan,Greece,0,0,,,home,D
M-2014-24,WC-2014,2014,group stage,2014-06-20,V-018,Brazil,0,Costa Rica,Italy,1,0,,,away,W
M-2014-24,WC-2014,2014,group stage,2014-06-20,V-018,Brazil,0,Italy,Costa Rica,0,1,,,home,L
M-2014-25,WC-2014,2014,group stage,2014-06-20,V-021,Brazil,0,France,Switzerland,5,2,,,away,W
M-2014-25,WC-2014,2014,group stage,2014-06-20,V-021,Brazil,0,Switzerland,France,2,5,,,home,L
M-2014-26,WC-2014,2014,group stage,2014-06-20,V-011,Brazil,0,Ecuador,Honduras,2,1,,,away,W
M-2014-26,WC-2014,2014,group stage,2014-06-20,V-011,Brazil,0,Honduras,Ecuador,1,2,,,home,L
M-2014-27,WC-2014,2014,group stage,2014-06-21,V-008,Brazil,0,Iran,Argentina,0,1,,,away,L
M-2014-27,WC-2014,2014,group stage,2014-06-21,V-008,Brazil,0,Argentina,Iran,1,0,,,home,W
M-2014-28,WC-2014,2014,group stage,2014-06-21,V-013,Brazil,0,Ghana,Germany,2,2,,,away,D
M-2014-28,WC-2014,2014,group stage,2014-06-21,V-013,Brazil,0,Germany,Ghana,2,2,,,home,D
M-2014-29,WC-2014,2014,group stage,2014-06-21,V-010,Brazil,0,Bosnia and Herzegovina,Nigeria,0,1,,,away,L
M-2014-29,WC-2014,2014,group stage,2014-06-21,V-010,Brazil,0,Nigeria,Bosnia and Herzegovina,1,0,,,home,W
M-2014-30,WC-2014,2014,group stage,2014-06-22,V-020,Brazil,0,Russia,Belgium,0,1,,,away,L
M-2014-30,WC-2014,2014,group stage,2014-06-22,V-020,Brazil,0,Belgium,Russia,1,0,,,home,W
M-2014-31,WC-2014,2014,group stage,2014-06-22,V-016,Brazil,0,Algeria,South Korea,4,2,,,away,W
M-2014-31,WC-2014,2014,group stage,2014-06-22,V-016,Brazil,0,South Korea,Algeria,2,4,,,home,L
M-2014-32,WC-2014,2014,group stage,2014-06-22,V-014,Brazil,0,Portugal,United States,2,2,,,away,D
M-2014-32,WC-2014,2014,group stage,2014-06-22,V-014,Brazil,0,United States,Portugal,2,2,,,home,D
M-2014-33,WC-2014,2014,group stage,2014-06-23,V-011,Brazil,0,Spain,Australia,3,0,,,away,W
M-2014-33,WC-2014,2014,group stage,2014-06-23,V-011,Brazil,0,Australia,Spain,0,3,,,home,L
M-2014-34,WC-2014,2014,group stage,2014-06-23,V-022,Brazil,0,Chile,Netherlands,0,2,,,away,L
M-2014-34,WC-2014,2014,group stage,2014-06-23,V-022,Brazil,0,Netherlands,Chile,2,0,,,home,W
M-2014-35,WC-2014,2014,group stage,2014-06-23,V-009,Brazil,0,Brazil,Cameroon,4,1,,,away,W
M-2014-35,WC-2014,2014,group stage,2014-06-23,V-009,Brazil,0,Cameroon,Brazil,1,4,,,home,L
M-2014-36,WC-2014,2014,group stage,2014-06-23,V-018,Brazil,0,Mexico,Croatia,3,1,,,away,W
M-2014-36,WC-2014,2014,group stage,2014-06-23,V-018,Brazil,0,Croatia,Mexico,1,3,,,home,L
M-2014-37,WC-2014,2014,group stage,2014-06-24,V-008,Brazil,0,England,Costa Rica,0,0,,,away,D
M-2014-37,WC-2014,2014,group stage,2014-06-24,V-008,Brazil,0,Costa Rica,England,0,0,,,home,D
M-2014-38,WC-2014,2014,group stage,2014-06-24,V-015,Brazil,0,Uruguay,Italy,1,0,,,away,W
M-2014-38,WC-2014,2014,group stage,2014-06-24,V-015,Brazil,0,Italy,Uruguay,0,1,,,home,L
M-2014-39,WC-2014,2014,group stage,2014-06-24,V-010,Brazil,0,Colombia,Japan,4,1,,,away,W
M-2014-39,WC-2014,2014,group stage,2014-06-24,V-010,Brazil,0,Japan,Colombia,1,4,,,home,L
M-2014-40,WC-2014,2014,group stage,2014-06-24,V-013,Brazil,0,Ivory Coast,Greece,1,2,,,away,L
M-2014-40,WC-2014,2014,group stage,2014-06-24,V-013,Brazil,0,Greece,Ivory Coast,2,1,,,home,W
M-2014-41,WC-2014,2014,group stage,2014-06-25,V-021,Brazil,0,Iran,Bosnia and Herzegovina,1,3,,,away,L
M-2014-41,WC-2014,2014,group stage,2014-06-25,V-021,Brazil,0,Bosnia and Herzegovina,Iran,3,1,,,home,W
M-2014-42,WC-2014,2014,group stage,2014-06-25,V-016,Brazil,0,Argentina,Nigeria,3,2,,,away,W
M-2014-42,WC-2014,2014,group stage,2014-06-25,V-016,Brazil,0,Nigeria,Argentina,2,3,,,home,L
M-2014-43,WC-2014,2014,group stage,2014-06-25,V-014,Brazil,0,Switzerland,Honduras,3,0,,,away,W
M-2014-43,WC-2014,2014,group stage,2014-06-25,V-014,Brazil,0,Honduras,Switzerland,0,3,,,home,L
M-2014-44,WC-2014,2014,group stage,2014-06-25,V-020,Brazil,0,France,Ecuador,0,0,,,away,D
M-2014-44,WC-2014,2014,group stage,2014-06-25,V-020,Brazil,0,Ecuador,France,0,0,,,home,D
M-2014-45,WC-2014,2014,group stage,2014-06-26,V-009,Brazil,0,Ghana,Portugal,1,2,,,away,L
M-2014-45,WC-2014,2014,group stage,2014-06-26,V-009,Brazil,0,Portugal,Ghana,2,1,,,home,W
M-2014-46,WC-2014,2014,group stage,2014-06-26,V-018,Brazil,0,Germany,United States,1,0,,,away,W
M-2014-46,WC-2014,2014,group stage,2014-06-26,V-018,Brazil,0,United States,Germany,0,1,,,home,L
M-2014-47,WC-2014,2014,group stage,2014-06-26,V-011,Brazil,0,Russia,Algeria,1,1,,,away,D
M-2014-47,WC-2014,2014,group stage,2014-06-26,V-011,Brazil,0,Algeria,Russia,1,1,,,home,D
M-2014-48,WC-2014,2014,group stage,2014-06-26,V-022,Brazil,0,Belgium,South Korea,1,0,,,away,W
M-2014-48,WC-2014,2014,group stage,2014-06-26,V-022,Brazil,0,South Korea,Belgium,0,1,,,home,L
M-2014-49,WC-2014,2014,round of 16,2014-06-28,V-008,Brazil,1,Chile,Brazil,1,1,2.0,3.0,away,L
M-2014-49,WC-2014,2014,round of 16,2014-06-28,V-008,Brazil,1,Brazil,Chile,1,1,3.0,2.0,home,W
M-2014-50,WC-2014,2014,round of 16,2014-06-28,V-020,Brazil,0,Uruguay,Colombia,0,2,,,away,L
M-2014-50,WC-2014,2014,round of 16,2014-06-28,V-020,Brazil,0,Colombia,Uruguay,2,0,,,home,W
M-2014-51,WC-2014,2014,round of 16,2014-06-29,V-013,Brazil,0,Mexico,Netherlands,1,2,,,away,L
M-2014-51,WC-2014,2014,round of 16,2014-06-29,V-013,Brazil,0,Netherlands,Mexico,2,1,,,home,W
M-2014-52,WC-2014,2014,round of 16,2014-06-29,V-018,Brazil,1,Greece,Costa Rica,1,1,3.0,5.0,away,L
M-2014-52,WC-2014,2014,round of 16,2014-06-29,V-018,Brazil,1,Costa Rica,Greece,1,1,5.0,3.0,home,W
M-2014-53,WC-2014,2014,round of 16,2014-06-30,V-009,Brazil,0,Nigeria,France,0,2,,,away,L
M-2014-53,WC-2014,2014,round of 16,2014-06-30,V-009,Brazil,0,France,Nigeria,2,0,,,home,W
M-2014-54,WC-2014,2014,round of 16,2014-06-30,V-016,Brazil,0,Algeria,Germany,1,2,,,away,L
M-2014-54,WC-2014,2014,round of 16,2014-06-30,V-016,Brazil,0,Germany,Algeria,2,1,,,home,W
M-2014-55,WC-2014,2014,round of 16,2014-07-01,V-022,Brazil,0,Switzerland,Argentina,0,1,,,away,L
M-2014-55,WC-2014,2014,round of 16,2014-07-01,V-022,Brazil,0,Argentina,Switzerland,1,0,,,home,W
M-2014-56,WC-2014,2014,round of 16,2014-07-01,V-021,Brazil,0,United States,Belgium,1,2,,,away,L
M-2014-56,WC-2014,2014,round of 16,2014-07-01,V-021,Brazil,0,Belgium,United States,2,1,,,home,W
M-2014-57,WC-2014,2014,quarter-finals,2014-07-04,V-020,Brazil,0,Germany,France,1,0,,,away,W
M-2014-57,WC-2014,2014,quarter-finals,2014-07-04,V-020,Brazil,0,France,Germany,0,1,,,home,L
M-2014-58,WC-2014,2014,quarter-finals,2014-07-04,V-013,Brazil,0,Colombia,Brazil,1,2,,,away,L
M-2014-58,WC-2014,2014,quarter-finals,2014-07-04,V-013,Brazil,0,Brazil,Colombia,2,1,,,home,W
M-2014-59,WC-2014,2014,quarter-finals,2014-07-05,V-009,Brazil,0,Belgium,Argentina,0,1,,,away,L
M-2014-59,WC-2014,2014,quarter-finals,2014-07-05,V-009,Brazil,0,Argentina,Belgium,1,0,,,home,W
M-2014-60,WC-2014,2014,quarter-finals,2014-07-05,V-021,Brazil,1,Costa Rica,Netherlands,0,0,3.0,4.0,away,L
M-2014-60,WC-2014,2014,quarter-finals,2014-07-05,V-021,Brazil,1,Netherlands,Costa Rica,0,0,4.0,3.0,home,W
M-2014-61,WC-2014,2014,semi-finals,2014-07-08,V-008,Brazil,0,Germany,Brazil,7,1,,,away,W
M-2014-61,WC-2014,2014,semi-finals,2014-07-08,V-008,Brazil,0,Brazil,Germany,1,7,,,home,L
M-2014-62,WC-2014,2014,semi-finals,2014-07-09,V-022,Brazil,1,Argentina,Netherlands,0,0,4.0,2.0,away,W
M-2014-62,WC-2014,2014,semi-finals,2014-07-09,V-022,Brazil,1,Netherlands,Argentina,0,0,2.0,4.0,home,L
M-2014-63,WC-2014,2014,third-place match,2014-07-12,V-009,Brazil,0,Netherlands,Brazil,3,0,,,away,W
M-2014-63,WC-2014,2014,third-place match,2014-07-12,V-009,Brazil,0,Brazil,Netherlands,0,3,,,home,L
M-2014-64,WC-2014,2014,final,2014-07-13,V-020,Brazil,0,Argentina,Germany,0,1,,,away,L
M-2014-64,WC-2014,2014,final,2014-07-13,V-020,Brazil,0,Germany,Argentina,1,0,,,home,W
M-2018-01,WC-2018,2018,group stage,2018-06-14,V-121,Russia,0,Saudi Arabia,Russia,0,5,,,away,L
M-2018-01,WC-2018,2018,group stage,2018-06-14,V-121,Russia,0,Russia,Saudi Arabia,5,0,,,home,W
M-2018-02,WC-2018,2018,group stage,2018-06-15,V-130,Russia,0,Uruguay,Egypt,1,0,,,away,W
M-2018-02,WC-2018,2018,group stage,2018-06-15,V-130,Russia,0,Egypt,Uruguay,0,1,,,home,L
M-2018-03,WC-2018,2018,group stage,2018-06-15,V-125,Russia,0,Iran,Morocco,1,0,,,away,W
M-2018-03,WC-2018,2018,group stage,2018-06-15,V-125,Russia,0,Morocco,Iran,0,1,,,home,L
M-2018-04,WC-2018,2018,group stage,2018-06-15,V-128,Russia,0,Spain,Portugal,3,3,,,away,D
M-2018-04,WC-2018,2018,group stage,2018-06-15,V-128,Russia,0,Portugal,Spain,3,3,,,home,D
M-2018-05,WC-2018,2018,group stage,2018-06-16,V-120,Russia,0,Australia,France,1,2,,,away,L
M-2018-05,WC-2018,2018,group stage,2018-06-16,V-120,Russia,0,France,Australia,2,1,,,home,W
M-2018-06,WC-2018,2018,group stage,2018-06-16,V-122,Russia,0,Iceland,Argentina,1,1,,,away,D
M-2018-06,WC-2018,2018,group stage,2018-06-16,V-122,Russia,0,Argentina,Iceland,1,1,,,home,D
M-2018-07,WC-2018,2018,group stage,2018-06-16,V-127,Russia,0,Denmark,Peru,1,0,,,away,W
M-2018-07,WC-2018,2018,group stage,2018-06-16,V-127,Russia,0,Peru,Denmark,0,1,,,home,L
M-2018-08,WC-2018,2018,group stage,2018-06-16,V-119,Russia,0,Nigeria,Croatia,0,2,,,away,L
M-2018-08,WC-2018,2018,group stage,2018-06-16,V-119,Russia,0,Croatia,Nigeria,2,0,,,home,W
M-2018-09,WC-2018,2018,group stage,2018-06-17,V-126,Russia,0,Serbia,Costa Rica,1,0,,,away,W
M-2018-09,WC-2018,2018,group stage,2018-06-17,V-126,Russia,0,Costa Rica,Serbia,0,1,,,home,L
M-2018-10,WC-2018,2018,group stage,2018-06-17,V-121,Russia,0,Mexico,Germany,1,0,,,away,W
M-2018-10,WC-2018,2018,group stage,2018-06-17,V-121,Russia,0,Germany,Mexico,0,1,,,home,L
M-2018-11,WC-2018,2018,group stage,2018-06-17,V-124,Russia,0,Switzerland,Brazil,1,1,,,away,D
M-2018-11,WC-2018,2018,group stage,2018-06-17,V-124,Russia,0,Brazil,Switzerland,1,1,,,home,D
M-2018-12,WC-2018,2018,group stage,2018-06-18,V-123,Russia,0,South Korea,Sweden,0,1,,,away,L
M-2018-12,WC-2018,2018,group stage,2018-06-18,V-123,Russia,0,Sweden,South Korea,1,0,,,home,W
M-2018-13,WC-2018,2018,group stage,2018-06-18,V-128,Russia,0,Panama,Belgium,0,3,,,away,L
M-2018-13,WC-2018,2018,group stage,2018-06-18,V-128,Russia,0,Belgium,Panama,3,0,,,home,W
M-2018-14,WC-2018,2018,group stage,2018-06-18,V-129,Russia,0,England,Tunisia,2,1,,,away,W
M-2018-14,WC-2018,2018,group stage,2018-06-18,V-129,Russia,0,Tunisia,England,1,2,,,home,L
M-2018-15,WC-2018,2018,group stage,2018-06-19,V-127,Russia,0,Japan,Colombia,2,1,,,away,W
M-2018-15,WC-2018,2018,group stage,2018-06-19,V-127,Russia,0,Colombia,Japan,1,2,,,home,L
M-2018-16,WC-2018,2018,group stage,2018-06-19,V-122,Russia,0,Senegal,Poland,2,1,,,away,W
M-2018-16,WC-2018,2018,group stage,2018-06-19,V-122,Russia,0,Poland,Senegal,1,2,,,home,L
M-2018-17,WC-2018,2018,group stage,2018-06-19,V-125,Russia,0,Egypt,Russia,1,3,,,away,L
M-2018-17,WC-2018,2018,group stage,2018-06-19,V-125,Russia,0,Russia,Egypt,3,1,,,home,W
M-2018-18,WC-2018,2018,group stage,2018-06-20,V-121,Russia,0,Morocco,Portugal,0,1,,,away,L
M-2018-18,WC-2018,2018,group stage,2018-06-20,V-121,Russia,0,Portugal,Morocco,1,0,,,home,W
M-2018-19,WC-2018,2018,group stage,2018-06-20,V-124,Russia,0,Saudi Arabia,Uruguay,0,1,,,away,L
M-2018-19,WC-2018,2018,group stage,2018-06-20,V-124,Russia,0,Uruguay,Saudi Arabia,1,0,,,home,W
M-2018-20,WC-2018,2018,group stage,2018-06-20,V-120,Russia,0,Spain,Iran,1,0,,,away,W
M-2018-20,WC-2018,2018,group stage,2018-06-20,V-120,Russia,0,Iran,Spain,0,1,,,home,L
M-2018-21,WC-2018,2018,group stage,2018-06-21,V-126,Russia,0,Australia,Denmark,1,1,,,away,D
M-2018-21,WC-2018,2018,group stage,2018-06-21,V-126,Russia,0,Denmark,Australia,1,1,,,home,D
M-2018-22,WC-2018,2018,group stage,2018-06-21,V-130,Russia,0,Peru,France,0,1,,,away,L
M-2018-22,WC-2018,2018,group stage,2018-06-21,V-130,Russia,0,France,Peru,1,0,,,home,W
M-2018-23,WC-2018,2018,group stage,2018-06-21,V-123,Russia,0,Croatia,Argentina,3,0,,,away,W
M-2018-23,WC-2018,2018,group stage,2018-06-21,V-123,Russia,0,Argentina,Croatia,0,3,,,home,L
M-2018-24,WC-2018,2018,group stage,2018-06-22,V-125,Russia,0,Costa Rica,Brazil,0,2,,,away,L
M-2018-24,WC-2018,2018,group stage,2018-06-22,V-125,Russia,0,Brazil,Costa Rica,2,0,,,home,W
M-2018-25,WC-2018,2018,group stage,2018-06-22,V-129,Russia,0,Iceland,Nigeria,0,2,,,away,L
M-2018-25,WC-2018,2018,group stage,2018-06-22,V-129,Russia,0,Nigeria,Iceland,2,0,,,home,W
M-2018-26,WC-2018,2018,group stage,2018-06-22,V-119,Russia,0,Switzerland,Serbia,2,1,,,away,W
M-2018-26,WC-2018,2018,group stage,2018-06-22,V-119,Russia,0,Serbia,Switzerland,1,2,,,home,L
M-2018-27,WC-2018,2018,group stage,2018-06-23,V-122,Russia,0,Tunisia,Belgium,2,5,,,away,L
M-2018-27,WC-2018,2018,group stage,2018-06-23,V-122,Russia,0,Belgium,Tunisia,5,2,,,home,W
M-2018-28,WC-2018,2018,group stage,2018-06-23,V-124,Russia,0,Mexico,South Korea,2,1,,,away,W
M-2018-28,WC-2018,2018,group stage,2018-06-23,V-124,Russia,0,South Korea,Mexico,1,2,,,home,L
M-2018-29,WC-2018,2018,group stage,2018-06-23,V-128,Russia,0,Sweden,Germany,1,2,,,away,L
M-2018-29,WC-2018,2018,group stage,2018-06-23,V-128,Russia,0,Germany,Sweden,2,1,,,home,W
M-2018-30,WC-2018,2018,group stage,2018-06-24,V-123,Russia,0,Panama,England,1,6,,,away,L
M-2018-30,WC-2018,2018,group stage,2018-06-24,V-123,Russia,0,England,Panama,6,1,,,home,W
M-2018-31,WC-2018,2018,group stage,2018-06-24,V-130,Russia,0,Senegal,Japan,2,2,,,away,D
M-2018-31,WC-2018,2018,group stage,2018-06-24,V-130,Russia,0,Japan,Senegal,2,2,,,home,D
M-2018-32,WC-2018,2018,group stage,2018-06-24,V-120,Russia,0,Colombia,Poland,3,0,,,away,W
M-2018-32,WC-2018,2018,group stage,2018-06-24,V-120,Russia,0,Poland,Colombia,0,3,,,home,L
M-2018-33,WC-2018,2018,group stage,2018-06-25,V-129,Russia,0,Egypt,Saudi Arabia,1,2,,,away,L
M-2018-33,WC-2018,2018,group stage,2018-06-25,V-129,Russia,0,Saudi Arabia,Egypt,2,1,,,home,W
M-2018-34,WC-2018,2018,group stage,2018-06-25,V-126,Russia,0,Russia,Uruguay,0,3,,,away,L
M-2018-34,WC-2018,2018,group stage,2018-06-25,V-126,Russia,0,Uruguay,Russia,3,0,,,home,W
M-2018-35,WC-2018,2018,group stage,2018-06-25,V-119,Russia,0,Morocco,Spain,2,2,,,away,D
M-2018-35,WC-2018,2018,group stage,2018-06-25,V-119,Russia,0,Spain,Morocco,2,2,,,home,D
M-2018-36,WC-2018,2018,group stage,2018-06-25,V-127,Russia,0,Portugal,Iran,1,1,,,away,D
M-2018-36,WC-2018,2018,group stage,2018-06-25,V-127,Russia,0,Iran,Portugal,1,1,,,home,D
M-2018-37,WC-2018,2018,group stage,2018-06-26,V-128,Russia,0,Peru,Australia,2,0,,,away,W
M-2018-37,WC-2018,2018,group stage,2018-06-26,V-128,Russia,0,Australia,Peru,0,2,,,home,L
M-2018-38,WC-2018,2018,group stage,2018-06-26,V-121,Russia,0,France,Denmark,0,0,,,away,D
M-2018-38,WC-2018,2018,group stage,2018-06-26,V-121,Russia,0,Denmark,France,0,0,,,home,D
M-2018-39,WC-2018,2018,group stage,2018-06-26,V-124,Russia,0,Croatia,Iceland,2,1,,,away,W
M-2018-39,WC-2018,2018,group stage,2018-06-26,V-124,Russia,0,Iceland,Croatia,1,2,,,home,L
M-2018-40,WC-2018,2018,group stage,2018-06-26,V-125,Russia,0,Argentina,Nigeria,2,1,,,away,W
M-2018-40,WC-2018,2018,group stage,2018-06-26,V-125,Russia,0,Nigeria,Argentina,1,2,,,home,L
M-2018-41,WC-2018,2018,group stage,2018-06-27,V-120,Russia,0,Germany,South Korea,0,2,,,away,L
M-2018-41,WC-2018,2018,group stage,2018-06-27,V-120,Russia,0,South Korea,Germany,2,0,,,home,W
M-2018-42,WC-2018,2018,group stage,2018-06-27,V-130,Russia,0,Sweden,Mexico,3,0,,,away,W
M-2018-42,WC-2018,2018,group stage,2018-06-27,V-130,Russia,0,Mexico,Sweden,0,3,,,home,L
M-2018-43,WC-2018,2018,group stage,2018-06-27,V-122,Russia,0,Brazil,Serbia,2,0,,,away,W
M-2018-43,WC-2018,2018,group stage,2018-06-27,V-122,Russia,0,Serbia,Brazil,0,2,,,home,L
M-2018-44,WC-2018,2018,group stage,2018-06-27,V-123,Russia,0,Costa Rica,Switzerland,2,2,,,away,D
M-2018-44,WC-2018,2018,group stage,2018-06-27,V-123,Russia,0,Switzerland,Costa Rica,2,2,,,home,D
M-2018-45,WC-2018,2018,group stage,2018-06-28,V-129,Russia,0,Poland,Japan,1,0,,,away,W
M-2018-45,WC-2018,2018,group stage,2018-06-28,V-129,Russia,0,Japan,Poland,0,1,,,home,L
M-2018-46,WC-2018,2018,group stage,2018-06-28,V-126,Russia,0,Colombia,Senegal,1,0,,,away,W
M-2018-46,WC-2018,2018,group stage,2018-06-28,V-126,Russia,0,Senegal,Colombia,0,1,,,home,L
M-2018-47,WC-2018,2018,group stage,2018-06-28,V-119,Russia,0,Belgium,England,1,0,,,away,W
M-2018-47,WC-2018,2018,group stage,2018-06-28,V-119,Russia,0,England,Belgium,0,1,,,home,L
M-2018-48,WC-2018,2018,group stage,2018-06-28,V-127,Russia,0,Tunisia,Panama,2,1,,,away,W
M-2018-48,WC-2018,2018,group stage,2018-06-28,V-127,Russia,0,Panama,Tunisia,1,2,,,home,L
M-2018-49,WC-2018,2018,round of 16,2018-06-30,V-120,Russia,0,Argentina,France,3,4,,,away,L
M-2018-49,WC-2018,2018,round of 16,2018-06-30,V-120,Russia,0,France,Argentina,4,3,,,home,W
M-2018-50,WC-2018,2018,round of 16,2018-06-30,V-128,Russia,0,Portugal,Uruguay,1,2,,,away,L
M-2018-50,WC-2018,2018,round of 16,2018-06-30,V-128,Russia,0,Uruguay,Portugal,2,1,,,home,W
M-2018-51,WC-2018,2018,round of 16,2018-07-01,V-121,Russia,1,Russia,Spain,1,1,4.0,3.0,away,W
M-2018-51,WC-2018,2018,round of 16,2018-07-01,V-121,Russia,1,Spain,Russia,1,1,3.0,4.0,home,L
M-2018-52,WC-2018,2018,round of 16,2018-07-01,V-123,Russia,1,Denmark,Croatia,1,1,2.0,3.0,away,L
M-2018-52,WC-2018,2018,round of 16,2018-07-01,V-123,Russia,1,Croatia,Denmark,1,1,3.0,2.0,home,W
M-2018-53,WC-2018,2018,round of 16,2018-07-02,V-126,Russia,0,Mexico,Brazil,0,2,,,away,L
M-2018-53,WC-2018,2018,round of 16,2018-07-02,V-126,Russia,0,Brazil,Mexico,2,0,,,home,W
M-2018-54,WC-2018,2018,round of 16,2018-07-02,V-124,Russia,0,Japan,Belgium,2,3,,,away,L
M-2018-54,WC-2018,2018,round of 16,2018-07-02,V-124,Russia,0,Belgium,Japan,3,2,,,home,W
M-2018-55,WC-2018,2018,round of 16,2018-07-03,V-125,Russia,0,Switzerland,Sweden,0,1,,,away,L
M-2018-55,WC-2018,2018,round of 16,2018-07-03,V-125,Russia,0,Sweden,Switzerland,1,0,,,home,W
M-2018-56,WC-2018,2018,round of 16,2018-07-03,V-122,Russia,1,England,Colombia,1,1,4.0,3.0,away,W
M-2018-56,WC-2018,2018,round of 16,2018-07-03,V-122,Russia,1,Colombia,England,1,1,3.0,4.0,home,L
M-2018-57,WC-2018,2018,quarter-finals,2018-07-06,V-123,Russia,0,France,Uruguay,2,0,,,away,W
M-2018-57,WC-2018,2018,quarter-finals,2018-07-06,V-123,Russia,0,Uruguay,France,0,2,,,home,L
M-2018-58,WC-2018,2018,quarter-finals,2018-07-06,V-120,Russia,0,Belgium,Brazil,2,1,,,away,W
M-2018-58,WC-2018,2018,quarter-finals,2018-07-06,V-120,Russia,0,Brazil,Belgium,1,2,,,home,L
M-2018-59,WC-2018,2018,quarter-finals,2018-07-07,V-126,Russia,0,England,Sweden,2,0,,,away,W
M-2018-59,WC-2018,2018,quarter-finals,2018-07-07,V-126,Russia,0,Sweden,England,0,2,,,home,L
M-2018-60,WC-2018,2018,quarter-finals,2018-07-07,V-128,Russia,1,Croatia,Russia,2,2,4.0,3.0,away,W
M-2018-60,WC-2018,2018,quarter-finals,2018-07-07,V-128,Russia,1,Russia,Croatia,2,2,3.0,4.0,home,L
M-2018-61,WC-2018,2018,semi-finals,2018-07-10,V-125,Russia,0,Belgium,France,0,1,,,away,L
M-2018-61,WC-2018,2018,semi-finals,2018-07-10,V-125,Russia,0,France,Belgium,1,0,,,home,W
M-2018-62,WC-2018,2018,semi-finals,2018-07-11,V-121,Russia,0,England,Croatia,1,2,,,away,L
M-2018-62,WC-2018,2018,semi-finals,2018-07-11,V-121,Russia,0,Croatia,England,2,1,,,home,W
M-2018-63,WC-2018,2018,third-place match,2018-07-14,V-125,Russia,0,England,Belgium,0,2,,,away,L
M-2018-63,WC-2018,2018,third-place match,2018-07-14,V-125,Russia,0,Belgium,England,2,0,,,home,W
M-2018-64,WC-2018,2018,final,2018-07-15,V-121,Russia,0,Croatia,France,2,4,,,away,L
M-2018-64,WC-2018,2018,final,2018-07-15,V-121,Russia,0,France,Croatia,4,2,,,home,W
M-2022-01,WC-2022,2022,group stage,2022-11-20,V-111,Qatar,0,Ecuador,Qatar,2,0,,,away,W
M-2022-01,WC-2022,2022,group stage,2022-11-20,V-111,Qatar,0,Qatar,Ecuador,0,2,,,home,L
M-2022-02,WC-2022,2022,group stage,2022-11-21,V-114,Qatar,0,Iran,England,2,6,,,away,L
M-2022-02,WC-2022,2022,group stage,2022-11-21,V-114,Qatar,0,England,Iran,6,2,,,home,W
M-2022-03,WC-2022,2022,group stage,2022-11-21,V-116,Qatar,0,Netherlands,Senegal,2,0,,,away,W
M-2022-03,WC-2022,2022,group stage,2022-11-21,V-116,Qatar,0,Senegal,Netherlands,0,2,,,home,L
M-2022-04,WC-2022,2022,group stage,2022-11-21,V-112,Qatar,0,Wales,United States,1,1,,,away,D
M-2022-04,WC-2022,2022,group stage,2022-11-21,V-112,Qatar,0,United States,Wales,1,1,,,home,D
M-2022-05,WC-2022,2022,group stage,2022-11-22,V-118,Qatar,0,Saudi Arabia,Argentina,2,1,,,away,W
M-2022-05,WC-2022,2022,group stage,2022-11-22,V-118,Qatar,0,Argentina,Saudi Arabia,1,2,,,home,L
M-2022-06,WC-2022,2022,group stage,2022-11-22,V-113,Qatar,0,Tunisia,Denmark,0,0,,,away,D
M-2022-06,WC-2022,2022,group stage,2022-11-22,V-113,Qatar,0,Denmark,Tunisia,0,0,,,home,D
M-2022-07,WC-2022,2022,group stage,2022-11-22,V-117,Qatar,0,Poland,Mexico,0,0,,,away,D
M-2022-07,WC-2022,2022,group stage,2022-11-22,V-117,Qatar,0,Mexico,Poland,0,0,,,home,D
M-2022-08,WC-2022,2022,group stage,2022-11-22,V-115,Qatar,0,Australia,France,1,4,,,away,L
M-2022-08,WC-2022,2022,group stage,2022-11-22,V-115,Qatar,0,France,Australia,4,1,,,home,W
M-2022-09,WC-2022,2022,group stage,2022-11-23,V-111,Qatar,0,Croatia,Morocco,0,0,,,away,D
M-2022-09,WC-2022,2022,group stage,2022-11-23,V-111,Qatar,0,Morocco,Croatia,0,0,,,home,D
M-2022-10,WC-2022,2022,group stage,2022-11-23,V-114,Qatar,0,Japan,Germany,2,1,,,away,W
M-2022-10,WC-2022,2022,group stage,2022-11-23,V-114,Qatar,0,Germany,Japan,1,2,,,home,L
M-2022-11,WC-2022,2022,group stage,2022-11-23,V-116,Qatar,0,Costa Rica,Spain,0,7,,,away,L
M-2022-11,WC-2022,2022,group stage,2022-11-23,V-116,Qatar,0,Spain,Costa Rica,7,0,,,home,W
M-2022-12,WC-2022,2022,group stage,2022-11-23,V-112,Qatar,0,Canada,Belgium,0,1,,,away,L
M-2022-12,WC-2022,2022,group stage,2022-11-23,V-112,Qatar,0,Belgium,Canada,1,0,,,home,W
M-2022-13,WC-2022,2022,group stage,2022-11-24,V-115,Qatar,0,Cameroon,Switzerland,0,1,,,away,L
M-2022-13,WC-2022,2022,group stage,2022-11-24,V-115,Qatar,0,Switzerland,Cameroon,1,0,,,home,W
M-2022-14,WC-2022,2022,group stage,2022-11-24,V-113,Qatar,0,South Korea,Uruguay,0,0,,,away,D
M-2022-14,WC-2022,2022,group stage,2022-11-24,V-113,Qatar,0,Uruguay,South Korea,0,0,,,home,D
M-2022-15,WC-2022,2022,group stage,2022-11-24,V-117,Qatar,0,Ghana,Portugal,2,3,,,away,L
M-2022-15,WC-2022,2022,group stage,2022-11-24,V-117,Qatar,0,Portugal,Ghana,3,2,,,home,W
M-2022-16,WC-2022,2022,group stage,2022-11-24,V-118,Qatar,0,Serbia,Brazil,0,2,,,away,L
M-2022-16,WC-2022,2022,group stage,2022-11-24,V-118,Qatar,0,Brazil,Serbia,2,0,,,home,W
M-2022-17,WC-2022,2022,group stage,2022-11-25,V-112,Qatar,0,Iran,Wales,2,0,,,away,W
M-2022-17,WC-2022,2022,group stage,2022-11-25,V-112,Qatar,0,Wales,Iran,0,2,,,home,L
M-2022-18,WC-2022,2022,group stage,2022-11-25,V-116,Qatar,0,Senegal,Qatar,3,1,,,away,W
M-2022-18,WC-2022,2022,group stage,2022-11-25,V-116,Qatar,0,Qatar,Senegal,1,3,,,home,L
M-2022-19,WC-2022,2022,group stage,2022-11-25,V-114,Qatar,0,Ecuador,Netherlands,1,1,,,away,D
M-2022-19,WC-2022,2022,group stage,2022-11-25,V-114,Qatar,0,Netherlands,Ecuador,1,1,,,home,D
M-2022-20,WC-2022,2022,group stage,2022-11-25,V-111,Qatar,0,United States,England,0,0,,,away,D
M-2022-20,WC-2022,2022,group stage,2022-11-25,V-111,Qatar,0,England,United States,0,0,,,home,D
M-2022-21,WC-2022,2022,group stage,2022-11-26,V-115,Qatar,0,Australia,Tunisia,1,0,,,away,W
M-2022-21,WC-2022,2022,group stage,2022-11-26,V-115,Qatar,0,Tunisia,Australia,0,1,,,home,L
M-2022-22,WC-2022,2022,group stage,2022-11-26,V-113,Qatar,0,Saudi Arabia,Poland,0,2,,,away,L
M-2022-22,WC-2022,2022,group stage,2022-11-26,V-113,Qatar,0,Poland,Saudi Arabia,2,0,,,home,W
M-2022-23,WC-2022,2022,group stage,2022-11-26,V-117,Qatar,0,Denmark,France,1,2,,,away,L
M-2022-23,WC-2022,2022,group stage,2022-11-26,V-117,Qatar,0,France,Denmark,2,1,,,home,W
M-2022-24,WC-2022,2022,group stage,2022-11-26,V-118,Qatar,0,Mexico,Argentina,0,2,,,away,L
M-2022-24,WC-2022,2022,group stage,2022-11-26,V-118,Qatar,0,Argentina,Mexico,2,0,,,home,W
M-2022-25,WC-2022,2022,group stage,2022-11-27,V-112,Qatar,0,Costa Rica,Japan,1,0,,,away,W
M-2022-25,WC-2022,2022,group stage,2022-11-27,V-112,Qatar,0,Japan,Costa Rica,0,1,,,home,L
M-2022-26,WC-2022,2022,group stage,2022-11-27,V-116,Qatar,0,Morocco,Belgium,2,0,,,away,W
M-2022-26,WC-2022,2022,group stage,2022-11-27,V-116,Qatar,0,Belgium,Morocco,0,2,,,home,L
M-2022-27,WC-2022,2022,group stage,2022-11-27,V-114,Qatar,0,Canada,Croatia,1,4,,,away,L
M-2022-27,WC-2022,2022,group stage,2022-11-27,V-114,Qatar,0,Croatia,Canada,4,1,,,home,W
M-2022-28,WC-2022,2022,group stage,2022-11-27,V-111,Qatar,0,Germany,Spain,1,1,,,away,D
M-2022-28,WC-2022,2022,group stage,2022-11-27,V-111,Qatar,0,Spain,Germany,1,1,,,home,D
M-2022-29,WC-2022,2022,group stage,2022-11-28,V-115,Qatar,0,Serbia,Cameroon,3,3,,,away,D
M-2022-29,WC-2022,2022,group stage,2022-11-28,V-115,Qatar,0,Cameroon,Serbia,3,3,,,home,D
M-2022-30,WC-2022,2022,group stage,2022-11-28,V-113,Qatar,0,Ghana,South Korea,3,2,,,away,W
M-2022-30,WC-2022,2022,group stage,2022-11-28,V-113,Qatar,0,South Korea,Ghana,2,3,,,home,L
M-2022-31,WC-2022,2022,group stage,2022-11-28,V-117,Qatar,0,Switzerland,Brazil,0,1,,,away,L
M-2022-31,WC-2022,2022,group stage,2022-11-28,V-117,Qatar,0,Brazil,Switzerland,1,0,,,home,W
M-2022-32,WC-2022,2022,group stage,2022-11-28,V-118,Qatar,0,Uruguay,Portugal,0,2,,,away,L
M-2022-32,WC-2022,2022,group stage,2022-11-28,V-118,Qatar,0,Portugal,Uruguay,2,0,,,home,W
M-2022-33,WC-2022,2022,group stage,2022-11-29,V-114,Qatar,0,Senegal,Ecuador,2,1,,,away,W
M-2022-33,WC-2022,2022,group stage,2022-11-29,V-114,Qatar,0,Ecuador,Senegal,1,2,,,home,L
M-2022-34,WC-2022,2022,group stage,2022-11-29,V-111,Qatar,0,Qatar,Netherlands,0,2,,,away,L
M-2022-34,WC-2022,2022,group stage,2022-11-29,V-111,Qatar,0,Netherlands,Qatar,2,0,,,home,W
M-2022-35,WC-2022,2022,group stage,2022-11-29,V-116,Qatar,0,United States,Iran,1,0,,,away,W
M-2022-35,WC-2022,2022,group stage,2022-11-29,V-116,Qatar,0,Iran,United States,0,1,,,home,L
M-2022-36,WC-2022,2022,group stage,2022-11-29,V-112,Qatar,0,England,Wales,3,0,,,away,W
M-2022-36,WC-2022,2022,group stage,2022-11-29,V-112,Qatar,0,Wales,England,0,3,,,home,L
M-2022-37,WC-2022,2022,group stage,2022-11-30,V-115,Qatar,0,Denmark,Australia,0,1,,,away,L
M-2022-37,WC-2022,2022,group stage,2022-11-30,V-115,Qatar,0,Australia,Denmark,1,0,,,home,W
M-2022-38,WC-2022,2022,group stage,2022-11-30,V-113,Qatar,0,France,Tunisia,0,1,,,away,L
M-2022-38,WC-2022,2022,group stage,2022-11-30,V-113,Qatar,0,Tunisia,France,1,0,,,home,W
M-2022-39,WC-2022,2022,group stage,2022-11-30,V-117,Qatar,0,Argentina,Poland,2,0,,,away,W
M-2022-39,WC-2022,2022,group stage,2022-11-30,V-117,Qatar,0,Poland,Argentina,0,2,,,home,L
M-2022-40,WC-2022,2022,group stage,2022-11-30,V-118,Qatar,0,Mexico,Saudi Arabia,2,1,,,away,W
M-2022-40,WC-2022,2022,group stage,2022-11-30,V-118,Qatar,0,Saudi Arabia,Mexico,1,2,,,home,L
M-2022-41,WC-2022,2022,group stage,2022-12-01,V-116,Qatar,0,Morocco,Canada,2,1,,,away,W
M-2022-41,WC-2022,2022,group stage,2022-12-01,V-116,Qatar,0,Canada,Morocco,1,2,,,home,L
M-2022-42,WC-2022,2022,group stage,2022-12-01,V-112,Qatar,0,Belgium,Croatia,0,0,,,away,D
M-2022-42,WC-2022,2022,group stage,2022-12-01,V-112,Qatar,0,Croatia,Belgium,0,0,,,home,D
M-2022-43,WC-2022,2022,group stage,2022-12-01,V-111,Qatar,0,Germany,Costa Rica,4,2,,,away,W
M-2022-43,WC-2022,2022,group stage,2022-12-01,V-111,Qatar,0,Costa Rica,Germany,2,4,,,home,L
M-2022-44,WC-2022,2022,group stage,2022-12-01,V-114,Qatar,0,Spain,Japan,1,2,,,away,L
M-2022-44,WC-2022,2022,group stage,2022-12-01,V-114,Qatar,0,Japan,Spain,2,1,,,home,W
M-2022-45,WC-2022,2022,group stage,2022-12-02,V-115,Qatar,0,Uruguay,Ghana,2,0,,,away,W
M-2022-45,WC-2022,2022,group stage,2022-12-02,V-115,Qatar,0,Ghana,Uruguay,0,2,,,home,L
M-2022-46,WC-2022,2022,group stage,2022-12-02,V-113,Qatar,0,Portugal,South Korea,1,2,,,away,L
M-2022-46,WC-2022,2022,group stage,2022-12-02,V-113,Qatar,0,South Korea,Portugal,2,1,,,home,W
M-2022-47,WC-2022,2022,group stage,2022-12-02,V-118,Qatar,0,Brazil,Cameroon,0,1,,,away,L
M-2022-47,WC-2022,2022,group stage,2022-12-02,V-118,Qatar,0,Cameroon,Brazil,1,0,,,home,W
M-2022-48,WC-2022,2022,group stage,2022-12-02,V-117,Qatar,0,Switzerland,Serbia,3,2,,,away,W
M-2022-48,WC-2022,2022,group stage,2022-12-02,V-117,Qatar,0,Serbia,Switzerland,2,3,,,home,L
M-2022-49,WC-2022,2022,round of 16,2022-12-03,V-114,Qatar,0,United States,Netherlands,1,3,,,away,L
M-2022-49,WC-2022,2022,round of 16,2022-12-03,V-114,Qatar,0,Netherlands,United States,3,1,,,home,W
M-2022-50,WC-2022,2022,round of 16,2022-12-03,V-112,Qatar,0,Australia,Argentina,1,2,,,away,L
M-2022-50,WC-2022,2022,round of 16,2022-12-03,V-112,Qatar,0,Argentina,Australia,2,1,,,home,W
M-2022-51,WC-2022,2022,round of 16,2022-12-04,V-116,Qatar,0,Poland,France,1,3,,,away,L
M-2022-51,WC-2022,2022,round of 16,2022-12-04,V-116,Qatar,0,France,Poland,3,1,,,home,W
M-2022-52,WC-2022,2022,round of 16,2022-12-04,V-111,Qatar,0,Senegal,England,0,3,,,away,L
M-2022-52,WC-2022,2022,round of 16,2022-12-04,V-111,Qatar,0,England,Senegal,3,0,,,home,W
M-2022-53,WC-2022,2022,round of 16,2022-12-05,V-115,Qatar,1,Croatia,Japan,1,1,3.0,1.0,away,W
M-2022-53,WC-2022,2022,round of 16,2022-12-05,V-115,Qatar,1,Japan,Croatia,1,1,1.0,3.0,home,L
M-2022-54,WC-2022,2022,round of 16,2022-12-05,V-117,Qatar,0,South Korea,Brazil,1,4,,,away,L
M-2022-54,WC-2022,2022,round of 16,2022-12-05,V-117,Qatar,0,Brazil,South Korea,4,1,,,home,W
M-2022-55,WC-2022,2022,round of 16,2022-12-06,V-113,Qatar,1,Spain,Morocco,0,0,0.0,3.0,away,L
M-2022-55,WC-2022,2022,round of 16,2022-12-06,V-113,Qatar,1,Morocco,Spain,0,0,3.0,0.0,home,W
M-2022-56,WC-2022,2022,round of 16,2022-12-06,V-118,Qatar,0,Switzerland,Portugal,1,6,,,away,L
M-2022-56,WC-2022,2022,round of 16,2022-12-06,V-118,Qatar,0,Portugal,Switzerland,6,1,,,home,W
M-2022-57,WC-2022,2022,quarter-finals,2022-12-09,V-113,Qatar,1,Brazil,Croatia,1,1,2.0,4.0,away,L
M-2022-57,WC-2022,2022,quarter-finals,2022-12-09,V-113,Qatar,1,Croatia,Brazil,1,1,4.0,2.0,home,W
M-2022-58,WC-2022,2022,quarter-finals,2022-12-09,V-118,Qatar,1,Argentina,Netherlands,2,2,4.0,3.0,away,W
M-2022-58,WC-2022,2022,quarter-finals,2022-12-09,V-118,Qatar,1,Netherlands,Argentina,2,2,3.0,4.0,home,L
M-2022-59,WC-2022,2022,quarter-finals,2022-12-10,V-116,Qatar,0,Portugal,Morocco,0,1,,,away,L
M-2022-59,WC-2022,2022,quarter-finals,2022-12-10,V-116,Qatar,0,Morocco,Portugal,1,0,,,home,W
M-2022-60,WC-2022,2022,quarter-finals,2022-12-10,V-111,Qatar,0,France,England,2,1,,,away,W
M-2022-60,WC-2022,2022,quarter-finals,2022-12-10,V-111,Qatar,0,England,France,1,2,,,home,L
M-2022-61,WC-2022,2022,semi-finals,2022-12-13,V-118,Qatar,0,Croatia,Argentina,0,3,,,away,L
M-2022-61,WC-2022,2022,semi-finals,2022-12-13,V-118,Qatar,0,Argentina,Croatia,3,0,,,home,W
M-2022-62,WC-2022,2022,semi-finals,2022-12-14,V-111,Qatar,0,Morocco,France,0,2,,,away,L
M-2022-62,WC-2022,2022,semi-finals,2022-12-14,V-111,Qatar,0,France,Morocco,2,0,,,home,W
M-2022-63,WC-2022,2022,third-place match,2022-12-17,V-114,Qatar,0,Morocco,Croatia,1,2,,,away,L
M-2022-63,WC-2022,2022,third-place match,2022-12-17,V-114,Qatar,0,Croatia,Morocco,2,1,,,home,W
M-2022-64,WC-2022,2022,final,2022-12-18,V-118,Qatar,1,France,Argentina,3,3,2.0,4.0,away,L
M-2022-64,WC-2022,2022,final,2022-12-18,V-118,Qatar,1,Argentina,France,3,3,4.0,2.0,home,W
M-2026-001,WC-2026,2026,group stage,2026-06-11,V-102,Mexico,0,South Africa,Mexico,0,2,,,away,L
M-2026-001,WC-2026,2026,group stage,2026-06-11,V-102,Mexico,0,Mexico,South Africa,2,0,,,home,W
M-2026-002,WC-2026,2026,group stage,2026-06-11,V-110,Mexico,0,Czech Republic,South Korea,1,2,,,away,L
M-2026-002,WC-2026,2026,group stage,2026-06-11,V-110,Mexico,0,South Korea,Czech Republic,2,1,,,home,W
M-2026-003,WC-2026,2026,group stage,2026-06-12,V-024,Canada,0,Bosnia and Herzegovina,Canada,1,1,,,away,D
M-2026-003,WC-2026,2026,group stage,2026-06-12,V-024,Canada,0,Canada,Bosnia and Herzegovina,1,1,,,home,D
M-2026-004,WC-2026,2026,group stage,2026-06-12,V-195,United States,0,Paraguay,United States,1,4,,,away,L
M-2026-004,WC-2026,2026,group stage,2026-06-12,V-195,United States,0,United States,Paraguay,4,1,,,home,W
M-2026-005,WC-2026,2026,group stage,2026-06-13,V-202,United States,0,Switzerland,Qatar,1,1,,,away,D
M-2026-005,WC-2026,2026,group stage,2026-06-13,V-202,United States,0,Qatar,Switzerland,1,1,,,home,D
M-2026-006,WC-2026,2026,group stage,2026-06-13,V-191,United States,0,Morocco,Brazil,1,1,,,away,D
M-2026-006,WC-2026,2026,group stage,2026-06-13,V-191,United States,0,Brazil,Morocco,1,1,,,home,D
M-2026-007,WC-2026,2026,group stage,2026-06-13,V-025,Canada,0,Turkey,Australia,0,2,,,away,L
M-2026-007,WC-2026,2026,group stage,2026-06-13,V-025,Canada,0,Australia,Turkey,2,0,,,home,W
M-2026-008,WC-2026,2026,group stage,2026-06-13,V-193,United States,0,Scotland,Haiti,1,0,,,away,W
M-2026-008,WC-2026,2026,group stage,2026-06-13,V-193,United States,0,Haiti,Scotland,0,1,,,home,L
M-2026-009,WC-2026,2026,group stage,2026-06-14,V-194,United States,0,Curaçao,Germany,1,7,,,away,L
M-2026-009,WC-2026,2026,group stage,2026-06-14,V-194,United States,0,Germany,Curaçao,7,1,,,home,W
M-2026-010,WC-2026,2026,group stage,2026-06-14,V-186,United States,0,Japan,Netherlands,2,2,,,away,D
M-2026-010,WC-2026,2026,group stage,2026-06-14,V-186,United States,0,Netherlands,Japan,2,2,,,home,D
M-2026-011,WC-2026,2026,group stage,2026-06-14,V-200,United States,0,Ecuador,Ivory Coast,0,1,,,away,L
M-2026-011,WC-2026,2026,group stage,2026-06-14,V-200,United States,0,Ivory Coast,Ecuador,1,0,,,home,W
M-2026-012,WC-2026,2026,group stage,2026-06-14,V-099,Mexico,0,Tunisia,Sweden,1,5,,,away,L
M-2026-012,WC-2026,2026,group stage,2026-06-14,V-099,Mexico,0,Sweden,Tunisia,5,1,,,home,W
M-2026-013,WC-2026,2026,group stage,2026-06-15,V-203,United States,0,Egypt,Belgium,1,1,,,away,D
M-2026-013,WC-2026,2026,group stage,2026-06-15,V-203,United States,0,Belgium,Egypt,1,1,,,home,D
M-2026-014,WC-2026,2026,group stage,2026-06-15,V-187,United States,0,Cape Verde,Spain,0,0,,,away,D
M-2026-014,WC-2026,2026,group stage,2026-06-15,V-187,United States,0,Spain,Cape Verde,0,0,,,home,D
M-2026-015,WC-2026,2026,group stage,2026-06-15,V-195,United States,0,New Zealand,Iran,2,2,,,away,D
M-2026-015,WC-2026,2026,group stage,2026-06-15,V-195,United States,0,Iran,New Zealand,2,2,,,home,D
M-2026-016,WC-2026,2026,group stage,2026-06-15,V-197,United States,0,Uruguay,Saudi Arabia,1,1,,,away,D
M-2026-016,WC-2026,2026,group stage,2026-06-15,V-197,United States,0,Saudi Arabia,Uruguay,1,1,,,home,D
M-2026-017,WC-2026,2026,group stage,2026-06-16,V-191,United States,0,Senegal,France,1,3,,,away,L
M-2026-017,WC-2026,2026,group stage,2026-06-16,V-191,United States,0,France,Senegal,3,1,,,home,W
M-2026-018,WC-2026,2026,group stage,2026-06-16,V-193,United States,0,Norway,Iraq,4,1,,,away,W
M-2026-018,WC-2026,2026,group stage,2026-06-16,V-193,United States,0,Iraq,Norway,1,4,,,home,L
M-2026-019,WC-2026,2026,group stage,2026-06-16,V-196,United States,0,Algeria,Argentina,0,3,,,away,L
M-2026-019,WC-2026,2026,group stage,2026-06-16,V-196,United States,0,Argentina,Algeria,3,0,,,home,W
M-2026-020,WC-2026,2026,group stage,2026-06-16,V-202,United States,0,Jordan,Austria,1,3,,,away,L
M-2026-020,WC-2026,2026,group stage,2026-06-16,V-202,United States,0,Austria,Jordan,3,1,,,home,W
M-2026-021,WC-2026,2026,group stage,2026-06-17,V-194,United States,0,DR Congo,Portugal,1,1,,,away,D
M-2026-021,WC-2026,2026,group stage,2026-06-17,V-194,United States,0,Portugal,DR Congo,1,1,,,home,D
M-2026-022,WC-2026,2026,group stage,2026-06-17,V-186,United States,0,Croatia,England,2,4,,,away,L
M-2026-022,WC-2026,2026,group stage,2026-06-17,V-186,United States,0,England,Croatia,4,2,,,home,W
M-2026-023,WC-2026,2026,group stage,2026-06-17,V-024,Canada,0,Panama,Ghana,0,1,,,away,L
M-2026-023,WC-2026,2026,group stage,2026-06-17,V-024,Canada,0,Ghana,Panama,1,0,,,home,W
M-2026-024,WC-2026,2026,group stage,2026-06-17,V-102,Mexico,0,Colombia,Uzbekistan,3,1,,,away,W
M-2026-024,WC-2026,2026,group stage,2026-06-17,V-102,Mexico,0,Uzbekistan,Colombia,1,3,,,home,L
M-2026-025,WC-2026,2026,group stage,2026-06-18,V-187,United States,0,South Africa,Czech Republic,1,1,,,away,D
M-2026-025,WC-2026,2026,group stage,2026-06-18,V-187,United States,0,Czech Republic,South Africa,1,1,,,home,D
M-2026-026,WC-2026,2026,group stage,2026-06-18,V-195,United States,0,Bosnia and Herzegovina,Switzerland,1,4,,,away,L
M-2026-026,WC-2026,2026,group stage,2026-06-18,V-195,United States,0,Switzerland,Bosnia and Herzegovina,4,1,,,home,W
M-2026-027,WC-2026,2026,group stage,2026-06-18,V-025,Canada,0,Qatar,Canada,0,6,,,away,L
M-2026-027,WC-2026,2026,group stage,2026-06-18,V-025,Canada,0,Canada,Qatar,6,0,,,home,W
M-2026-028,WC-2026,2026,group stage,2026-06-18,V-110,Mexico,0,South Korea,Mexico,0,1,,,away,L
M-2026-028,WC-2026,2026,group stage,2026-06-18,V-110,Mexico,0,Mexico,South Korea,1,0,,,home,W
M-2026-029,WC-2026,2026,group stage,2026-06-19,V-203,United States,0,Australia,United States,0,2,,,away,L
M-2026-029,WC-2026,2026,group stage,2026-06-19,V-203,United States,0,United States,Australia,2,0,,,home,W
M-2026-030,WC-2026,2026,group stage,2026-06-19,V-193,United States,0,Morocco,Scotland,1,0,,,away,W
M-2026-030,WC-2026,2026,group stage,2026-06-19,V-193,United States,0,Scotland,Morocco,0,1,,,home,L
M-2026-031,WC-2026,2026,group stage,2026-06-19,V-202,United States,0,Paraguay,Turkey,1,0,,,away,W
M-2026-031,WC-2026,2026,group stage,2026-06-19,V-202,United States,0,Turkey,Paraguay,0,1,,,home,L
M-2026-032,WC-2026,2026,group stage,2026-06-19,V-200,United States,0,Haiti,Brazil,0,3,,,away,L
M-2026-032,WC-2026,2026,group stage,2026-06-19,V-200,United States,0,Brazil,Haiti,3,0,,,home,W
M-2026-033,WC-2026,2026,group stage,2026-06-20,V-099,Mexico,0,Japan,Tunisia,4,0,,,away,W
M-2026-033,WC-2026,2026,group stage,2026-06-20,V-099,Mexico,0,Tunisia,Japan,0,4,,,home,L
M-2026-034,WC-2026,2026,group stage,2026-06-20,V-194,United States,0,Sweden,Netherlands,1,5,,,away,L
M-2026-034,WC-2026,2026,group stage,2026-06-20,V-194,United States,0,Netherlands,Sweden,5,1,,,home,W
M-2026-035,WC-2026,2026,group stage,2026-06-20,V-024,Canada,0,Ivory Coast,Germany,1,2,,,away,L
M-2026-035,WC-2026,2026,group stage,2026-06-20,V-024,Canada,0,Germany,Ivory Coast,2,1,,,home,W
M-2026-036,WC-2026,2026,group stage,2026-06-20,V-196,United States,0,Curaçao,Ecuador,0,0,,,away,D
M-2026-036,WC-2026,2026,group stage,2026-06-20,V-196,United States,0,Ecuador,Curaçao,0,0,,,home,D
M-2026-037,WC-2026,2026,group stage,2026-06-21,V-195,United States,0,Iran,Belgium,0,0,,,away,D
M-2026-037,WC-2026,2026,group stage,2026-06-21,V-195,United States,0,Belgium,Iran,0,0,,,home,D
M-2026-038,WC-2026,2026,group stage,2026-06-21,V-187,United States,0,Saudi Arabia,Spain,0,4,,,away,L
M-2026-038,WC-2026,2026,group stage,2026-06-21,V-187,United States,0,Spain,Saudi Arabia,4,0,,,home,W
M-2026-039,WC-2026,2026,group stage,2026-06-21,V-025,Canada,0,Egypt,New Zealand,3,1,,,away,W
M-2026-039,WC-2026,2026,group stage,2026-06-21,V-025,Canada,0,New Zealand,Egypt,1,3,,,home,L
M-2026-040,WC-2026,2026,group stage,2026-06-21,V-197,United States,0,Cape Verde,Uruguay,2,2,,,away,D
M-2026-040,WC-2026,2026,group stage,2026-06-21,V-197,United States,0,Uruguay,Cape Verde,2,2,,,home,D
M-2026-041,WC-2026,2026,group stage,2026-06-22,V-186,United States,0,Austria,Argentina,0,2,,,away,L
M-2026-041,WC-2026,2026,group stage,2026-06-22,V-186,United States,0,Argentina,Austria,2,0,,,home,W
M-2026-042,WC-2026,2026,group stage,2026-06-22,V-200,United States,0,Iraq,France,0,3,,,away,L
M-2026-042,WC-2026,2026,group stage,2026-06-22,V-200,United States,0,France,Iraq,3,0,,,home,W
M-2026-043,WC-2026,2026,group stage,2026-06-22,V-191,United States,0,Senegal,Norway,2,3,,,away,L
M-2026-043,WC-2026,2026,group stage,2026-06-22,V-191,United States,0,Norway,Senegal,3,2,,,home,W
M-2026-044,WC-2026,2026,group stage,2026-06-22,V-202,United States,0,Algeria,Jordan,2,1,,,away,W
M-2026-044,WC-2026,2026,group stage,2026-06-22,V-202,United States,0,Jordan,Algeria,1,2,,,home,L
M-2026-045,WC-2026,2026,group stage,2026-06-23,V-194,United States,0,Uzbekistan,Portugal,0,5,,,away,L
M-2026-045,WC-2026,2026,group stage,2026-06-23,V-194,United States,0,Portugal,Uzbekistan,5,0,,,home,W
M-2026-046,WC-2026,2026,group stage,2026-06-23,V-193,United States,0,Ghana,England,0,0,,,away,D
M-2026-046,WC-2026,2026,group stage,2026-06-23,V-193,United States,0,England,Ghana,0,0,,,home,D
M-2026-047,WC-2026,2026,group stage,2026-06-23,V-024,Canada,0,Croatia,Panama,1,0,,,away,W
M-2026-047,WC-2026,2026,group stage,2026-06-23,V-024,Canada,0,Panama,Croatia,0,1,,,home,L
M-2026-048,WC-2026,2026,group stage,2026-06-23,V-110,Mexico,0,DR Congo,Colombia,0,1,,,away,L
M-2026-048,WC-2026,2026,group stage,2026-06-23,V-110,Mexico,0,Colombia,DR Congo,1,0,,,home,W
M-2026-049,WC-2026,2026,group stage,2026-06-24,V-203,United States,0,Qatar,Bosnia and Herzegovina,1,3,,,away,L
M-2026-049,WC-2026,2026,group stage,2026-06-24,V-203,United States,0,Bosnia and Herzegovina,Qatar,3,1,,,home,W
M-2026-050,WC-2026,2026,group stage,2026-06-24,V-025,Canada,0,Canada,Switzerland,1,2,,,away,L
M-2026-050,WC-2026,2026,group stage,2026-06-24,V-025,Canada,0,Switzerland,Canada,2,1,,,home,W
M-2026-051,WC-2026,2026,group stage,2026-06-24,V-187,United States,0,Haiti,Morocco,2,4,,,away,L
M-2026-051,WC-2026,2026,group stage,2026-06-24,V-187,United States,0,Morocco,Haiti,4,2,,,home,W
M-2026-052,WC-2026,2026,group stage,2026-06-24,V-197,United States,0,Brazil,Scotland,3,0,,,away,W
M-2026-052,WC-2026,2026,group stage,2026-06-24,V-197,United States,0,Scotland,Brazil,0,3,,,home,L
M-2026-053,WC-2026,2026,group stage,2026-06-24,V-102,Mexico,0,Mexico,Czech Republic,3,0,,,away,W
M-2026-053,WC-2026,2026,group stage,2026-06-24,V-102,Mexico,0,Czech Republic,Mexico,0,3,,,home,L
M-2026-054,WC-2026,2026,group stage,2026-06-24,V-099,Mexico,0,South Korea,South Africa,0,1,,,away,L
M-2026-054,WC-2026,2026,group stage,2026-06-24,V-099,Mexico,0,South Africa,South Korea,1,0,,,home,W
M-2026-055,WC-2026,2026,group stage,2026-06-25,V-200,United States,0,Ivory Coast,Curaçao,2,0,,,away,W
M-2026-055,WC-2026,2026,group stage,2026-06-25,V-200,United States,0,Curaçao,Ivory Coast,0,2,,,home,L
M-2026-056,WC-2026,2026,group stage,2026-06-25,V-191,United States,0,Germany,Ecuador,1,2,,,away,L
M-2026-056,WC-2026,2026,group stage,2026-06-25,V-191,United States,0,Ecuador,Germany,2,1,,,home,W
M-2026-057,WC-2026,2026,group stage,2026-06-25,V-186,United States,0,Sweden,Japan,1,1,,,away,D
M-2026-057,WC-2026,2026,group stage,2026-06-25,V-186,United States,0,Japan,Sweden,1,1,,,home,D
M-2026-058,WC-2026,2026,group stage,2026-06-25,V-196,United States,0,Netherlands,Tunisia,3,1,,,away,W
M-2026-058,WC-2026,2026,group stage,2026-06-25,V-196,United States,0,Tunisia,Netherlands,1,3,,,home,L
M-2026-059,WC-2026,2026,group stage,2026-06-25,V-202,United States,0,Australia,Paraguay,0,0,,,away,D
M-2026-059,WC-2026,2026,group stage,2026-06-25,V-202,United States,0,Paraguay,Australia,0,0,,,home,D
M-2026-060,WC-2026,2026,group stage,2026-06-25,V-195,United States,0,United States,Turkey,2,3,,,away,L
M-2026-060,WC-2026,2026,group stage,2026-06-25,V-195,United States,0,Turkey,United States,3,2,,,home,W
M-2026-061,WC-2026,2026,group stage,2026-06-26,V-193,United States,0,France,Norway,4,1,,,away,W
M-2026-061,WC-2026,2026,group stage,2026-06-26,V-193,United States,0,Norway,France,1,4,,,home,L
M-2026-062,WC-2026,2026,group stage,2026-06-26,V-024,Canada,0,Iraq,Senegal,0,5,,,away,L
M-2026-062,WC-2026,2026,group stage,2026-06-26,V-024,Canada,0,Senegal,Iraq,5,0,,,home,W
M-2026-063,WC-2026,2026,group stage,2026-06-26,V-110,Mexico,0,Spain,Uruguay,1,0,,,away,W
M-2026-063,WC-2026,2026,group stage,2026-06-26,V-110,Mexico,0,Uruguay,Spain,0,1,,,home,L
M-2026-064,WC-2026,2026,group stage,2026-06-26,V-194,United States,0,Saudi Arabia,Cape Verde,0,0,,,away,D
M-2026-064,WC-2026,2026,group stage,2026-06-26,V-194,United States,0,Cape Verde,Saudi Arabia,0,0,,,home,D
M-2026-065,WC-2026,2026,group stage,2026-06-26,V-203,United States,0,Iran,Egypt,1,1,,,away,D
M-2026-065,WC-2026,2026,group stage,2026-06-26,V-203,United States,0,Egypt,Iran,1,1,,,home,D
M-2026-066,WC-2026,2026,group stage,2026-06-26,V-025,Canada,0,Belgium,New Zealand,5,1,,,away,W
M-2026-066,WC-2026,2026,group stage,2026-06-26,V-025,Canada,0,New Zealand,Belgium,1,5,,,home,L
M-2026-067,WC-2026,2026,group stage,2026-06-27,V-200,United States,0,Ghana,Croatia,1,2,,,away,L
M-2026-067,WC-2026,2026,group stage,2026-06-27,V-200,United States,0,Croatia,Ghana,2,1,,,home,W
M-2026-068,WC-2026,2026,group stage,2026-06-27,V-191,United States,0,England,Panama,2,0,,,away,W
M-2026-068,WC-2026,2026,group stage,2026-06-27,V-191,United States,0,Panama,England,0,2,,,home,L
M-2026-069,WC-2026,2026,group stage,2026-06-27,V-197,United States,0,Portugal,Colombia,0,0,,,away,D
M-2026-069,WC-2026,2026,group stage,2026-06-27,V-197,United States,0,Colombia,Portugal,0,0,,,home,D
M-2026-070,WC-2026,2026,group stage,2026-06-27,V-187,United States,0,Uzbekistan,DR Congo,1,3,,,away,L
M-2026-070,WC-2026,2026,group stage,2026-06-27,V-187,United States,0,DR Congo,Uzbekistan,3,1,,,home,W
M-2026-071,WC-2026,2026,group stage,2026-06-27,V-196,United States,0,Austria,Algeria,3,3,,,away,D
M-2026-071,WC-2026,2026,group stage,2026-06-27,V-196,United States,0,Algeria,Austria,3,3,,,home,D
M-2026-072,WC-2026,2026,group stage,2026-06-27,V-186,United States,0,Argentina,Jordan,3,1,,,away,W
M-2026-072,WC-2026,2026,group stage,2026-06-27,V-186,United States,0,Jordan,Argentina,1,3,,,home,L
M-2026-073,WC-2026,2026,round of 32,2026-06-28,V-195,United States,0,Canada,South Africa,1,0,,,away,W
M-2026-073,WC-2026,2026,round of 32,2026-06-28,V-195,United States,0,South Africa,Canada,0,1,,,home,L
M-2026-074,WC-2026,2026,round of 32,2026-06-29,V-194,United States,0,Japan,Brazil,1,2,,,away,L
M-2026-074,WC-2026,2026,round of 32,2026-06-29,V-194,United States,0,Brazil,Japan,2,1,,,home,W
M-2026-075,WC-2026,2026,round of 32,2026-06-29,V-193,United States,1,Paraguay,Germany,1,1,4.0,3.0,away,W
M-2026-075,WC-2026,2026,round of 32,2026-06-29,V-193,United States,1,Germany,Paraguay,1,1,3.0,4.0,home,L
M-2026-076,WC-2026,2026,round of 32,2026-06-29,V-099,Mexico,1,Morocco,Netherlands,1,1,3.0,2.0,away,W
M-2026-076,WC-2026,2026,round of 32,2026-06-29,V-099,Mexico,1,Netherlands,Morocco,1,1,2.0,3.0,home,L
M-2026-077,WC-2026,2026,round of 32,2026-06-30,V-186,United States,0,Norway,Ivory Coast,2,1,,,away,W
M-2026-077,WC-2026,2026,round of 32,2026-06-30,V-186,United States,0,Ivory Coast,Norway,1,2,,,home,L
M-2026-078,WC-2026,2026,round of 32,2026-06-30,V-191,United States,0,Sweden,France,0,3,,,away,L
M-2026-078,WC-2026,2026,round of 32,2026-06-30,V-191,United States,0,France,Sweden,3,0,,,home,W
M-2026-079,WC-2026,2026,round of 32,2026-06-30,V-102,Mexico,0,Ecuador,Mexico,0,2,,,away,L
M-2026-079,WC-2026,2026,round of 32,2026-06-30,V-102,Mexico,0,Mexico,Ecuador,2,0,,,home,W
M-2026-080,WC-2026,2026,round of 32,2026-07-01,V-187,United States,0,DR Congo,England,1,2,,,away,L
M-2026-080,WC-2026,2026,round of 32,2026-07-01,V-187,United States,0,England,DR Congo,2,1,,,home,W
M-2026-081,WC-2026,2026,round of 32,2026-07-01,V-203,United States,0,Senegal,Belgium,2,3,,,away,L
M-2026-081,WC-2026,2026,round of 32,2026-07-01,V-203,United States,0,Belgium,Senegal,3,2,,,home,W
M-2026-082,WC-2026,2026,round of 32,2026-07-01,V-202,United States,0,Bosnia and Herzegovina,United States,0,2,,,away,L
M-2026-082,WC-2026,2026,round of 32,2026-07-01,V-202,United States,0,United States,Bosnia and Herzegovina,2,0,,,home,W
M-2026-083,WC-2026,2026,round of 32,2026-07-02,V-195,United States,0,Austria,Spain,0,3,,,away,L
M-2026-083,WC-2026,2026,round of 32,2026-07-02,V-195,United States,0,Spain,Austria,3,0,,,home,W
M-2026-084,WC-2026,2026,round of 32,2026-07-02,V-024,Canada,0,Croatia,Portugal,1,2,,,away,L
M-2026-084,WC-2026,2026,round of 32,2026-07-02,V-024,Canada,0,Portugal,Croatia,2,1,,,home,W
M-2026-085,WC-2026,2026,round of 32,2026-07-02,V-025,Canada,0,Algeria,Switzerland,0,2,,,away,L
M-2026-085,WC-2026,2026,round of 32,2026-07-02,V-025,Canada,0,Switzerland,Algeria,2,0,,,home,W
M-2026-086,WC-2026,2026,round of 32,2026-07-03,V-186,United States,1,Egypt,Australia,1,1,4.0,2.0,away,W
M-2026-086,WC-2026,2026,round of 32,2026-07-03,V-186,United States,1,Australia,Egypt,1,1,2.0,4.0,home,L
M-2026-087,WC-2026,2026,round of 32,2026-07-03,V-197,United States,0,Cape Verde,Argentina,2,3,,,away,L
M-2026-087,WC-2026,2026,round of 32,2026-07-03,V-197,United States,0,Argentina,Cape Verde,3,2,,,home,W
M-2026-088,WC-2026,2026,round of 32,2026-07-03,V-196,United States,0,Ghana,Colombia,0,1,,,away,L
M-2026-088,WC-2026,2026,round of 32,2026-07-03,V-196,United States,0,Colombia,Ghana,1,0,,,home,W
M-2026-089,WC-2026,2026,round of 16,2026-07-04,V-194,United States,0,Morocco,Canada,3,0,,,away,W
M-2026-089,WC-2026,2026,round of 16,2026-07-04,V-194,United States,0,Canada,Morocco,0,3,,,home,L
M-2026-090,WC-2026,2026,round of 16,2026-07-04,V-200,United States,0,France,Paraguay,1,0,,,away,W
M-2026-090,WC-2026,2026,round of 16,2026-07-04,V-200,United States,0,Paraguay,France,0,1,,,home,L
M-2026-091,WC-2026,2026,round of 16,2026-07-05,V-191,United States,0,Norway,Brazil,2,1,,,away,W
M-2026-091,WC-2026,2026,round of 16,2026-07-05,V-191,United States,0,Brazil,Norway,1,2,,,home,L
M-2026-092,WC-2026,2026,round of 16,2026-07-05,V-102,Mexico,0,England,Mexico,3,2,,,away,W
M-2026-092,WC-2026,2026,round of 16,2026-07-05,V-102,Mexico,0,Mexico,England,2,3,,,home,L
M-2026-093,WC-2026,2026,round of 16,2026-07-06,V-186,United States,0,Spain,Portugal,1,0,,,away,W
M-2026-093,WC-2026,2026,round of 16,2026-07-06,V-186,United States,0,Portugal,Spain,0,1,,,home,L
M-2026-094,WC-2026,2026,round of 16,2026-07-06,V-203,United States,0,Belgium,United States,4,1,,,away,W
M-2026-094,WC-2026,2026,round of 16,2026-07-06,V-203,United States,0,United States,Belgium,1,4,,,home,L
M-2026-095,WC-2026,2026,round of 16,2026-07-07,V-187,United States,0,Egypt,Argentina,2,3,,,away,L
M-2026-095,WC-2026,2026,round of 16,2026-07-07,V-187,United States,0,Argentina,Egypt,3,2,,,home,W
M-2026-096,WC-2026,2026,round of 16,2026-07-07,V-025,Canada,1,Colombia,Switzerland,0,0,3.0,4.0,away,L
M-2026-096,WC-2026,2026,round of 16,2026-07-07,V-025,Canada,1,Switzerland,Colombia,0,0,4.0,3.0,home,W
M-2026-097,WC-2026,2026,quarter-finals,2026-07-09,V-193,United States,0,Morocco,France,0,2,,,away,L
M-2026-097,WC-2026,2026,quarter-finals,2026-07-09,V-193,United States,0,France,Morocco,2,0,,,home,W
M-2026-098,WC-2026,2026,quarter-finals,2026-07-10,V-195,United States,0,Belgium,Spain,1,2,,,away,L
M-2026-098,WC-2026,2026,quarter-finals,2026-07-10,V-195,United States,0,Spain,Belgium,2,1,,,home,W
M-2026-099,WC-2026,2026,quarter-finals,2026-07-11,V-197,United States,0,England,Norway,2,1,,,away,W
M-2026-099,WC-2026,2026,quarter-finals,2026-07-11,V-197,United States,0,Norway,England,1,2,,,home,L
M-2026-100,WC-2026,2026,quarter-finals,2026-07-11,V-196,United States,0,Switzerland,Argentina,1,3,,,away,L
M-2026-100,WC-2026,2026,quarter-finals,2026-07-11,V-196,United States,0,Argentina,Switzerland,3,1,,,home,W
M-2026-101,WC-2026,2026,semi-finals,2026-07-14,V-186,United States,0,Spain,France,2,0,,,away,W
M-2026-101,WC-2026,2026,semi-finals,2026-07-14,V-186,United States,0,France,Spain,0,2,,,home,L
M-2026-102,WC-2026,2026,semi-finals,2026-07-15,V-187,United States,0,Argentina,England,2,1,,,away,W
M-2026-102,WC-2026,2026,semi-finals,2026-07-15,V-187,United States,0,England,Argentina,1,2,,,home,L
M-2026-103,WC-2026,2026,third-place match,2026-07-18,V-197,United States,0,England,France,6,4,,,away,W
M-2026-103,WC-2026,2026,third-place match,2026-07-18,V-197,United States,0,France,England,4,6,,,home,L
M-2026-104,WC-2026,2026,final,2026-07-19,V-191,United States,0,Argentina,Spain,0,1,,,away,L
M-2026-104,WC-2026,2026,final,2026-07-19,V-191,United States,0,Spain,Argentina,1,0,,,home,W
